date,adj_close
2003-04-14,7.199283123016357
2003-04-15,7.284818649291992
2003-04-16,7.368929386138916
2003-04-17,7.421678066253662
2003-04-21,7.418824672698975
2003-04-22,7.443771839141846
2003-04-23,7.478700637817383
2003-04-24,7.331149578094482
2003-04-25,7.209972858428955
2003-04-28,7.329008102416992
2003-04-29,7.5378618240356445
2003-04-30,7.516479015350342
2003-05-01,7.487255096435547
2003-05-02,7.602014541625977
2003-05-05,7.683988094329834
2003-05-06,7.723191261291504
2003-05-07,7.708937644958496
2003-05-08,7.6412177085876465
2003-05-09,7.731031894683838
2003-05-12,7.838662624359131
2003-05-13,7.794471263885498
2003-05-14,7.7552666664123535
2003-05-15,7.770951747894287
2003-05-16,7.776651382446289
2003-05-19,7.591324329376221
2003-05-20,7.629100322723389
2003-05-21,7.635517120361328
2003-05-22,7.704659938812256
2003-05-23,7.783779144287109
2003-05-27,8.062484741210938
2003-05-28,8.09741497039795
2003-05-29,8.108102798461914
2003-05-30,8.202193260192871
2003-06-02,8.261357307434082
2003-06-03,8.198629379272461
2003-06-04,8.30412483215332
2003-06-05,8.3126802444458
2003-06-06,8.390371322631836
2003-06-09,8.318382263183594
2003-06-10,8.403916358947754
2003-06-11,8.411043167114258
2003-06-12,8.474485397338867
2003-06-13,8.471633911132812
2003-06-16,8.56286907196045
2003-06-17,8.738931655883789
2003-06-18,8.706855773925781
2003-06-19,8.706855773925781
2003-06-20,8.706855773925781
2003-06-23,8.493016242980957
2003-06-24,8.430292129516602
2003-06-25,8.500143051147461
2003-06-26,8.592095375061035
2003-06-27,8.552180290222168
2003-06-30,8.546476364135742
2003-07-01,8.639139175415039
2003-07-02,8.84228515625
2003-07-03,8.867236137390137
2003-07-07,9.086779594421387
2003-07-08,9.112439155578613
2003-07-09,9.091054916381836
2003-07-10,8.931387901306152
2003-07-11,9.006230354309082
2003-07-14,9.164474487304688
2003-07-15,9.04900074005127
2003-07-16,9.056126594543457
2003-07-17,8.819480895996094
2003-07-18,8.937090873718262
2003-07-21,8.818766593933105
2003-07-22,8.924260139465332
2003-07-23,8.867236137390137
2003-07-24,8.910003662109375
2003-07-25,9.056126594543457
2003-07-28,9.106024742126465
2003-07-29,9.054699897766113
2003-07-30,8.988409042358398
2003-07-31,9.031179428100586
2003-08-01,9.051139831542969
2003-08-04,9.011218070983887
2003-08-05,8.914281845092773
2003-08-06,8.874361991882324
2003-08-07,8.939228057861328
2003-08-08,8.999103546142578
2003-08-11,9.038308143615723
2003-08-12,9.073946952819824
2003-08-13,9.202252388000488
2003-08-14,9.323427200317383
2003-08-15,9.230761528015137
2003-08-18,9.427498817443848
2003-08-19,9.473831176757812
2003-08-20,9.47525691986084
2003-08-21,9.649178504943848
2003-08-22,9.698360443115234
2003-08-25,9.622803688049316
2003-08-26,9.505193710327148
2003-08-27,9.615678787231445
2003-08-28,9.68267822265625
2003-08-29,9.752532958984375
2003-09-02,9.897233009338379
2003-09-03,9.975638389587402
2003-09-04,10.01128101348877
2003-09-05,10.002013206481934
2003-09-08,10.191617965698242
2003-09-09,10.014841079711914
2003-09-10,9.84804916381836
2003-09-11,9.83664321899414
2003-09-12,9.906495094299316
2003-09-15,9.760377883911133
2003-09-16,9.961384773254395
2003-09-17,9.918617248535156
2003-09-18,10.032663345336914
2003-09-19,9.986333847045898
2003-09-22,9.823098182678223
2003-09-23,9.847339630126953
2003-09-24,9.865158081054688
2003-09-25,9.719035148620605
2003-09-26,9.651318550109863
2003-09-29,9.719745635986328
2003-09-30,9.689093589782715
2003-10-01,9.943563461303711
2003-10-02,10.086122512817383
2003-10-03,10.185918807983398
2003-10-06,10.22512149810791
2003-10-07,10.214428901672363
2003-10-08,10.29069709777832
2003-10-09,10.463909149169922
2003-10-10,10.592211723327637
2003-10-13,10.752591133117676
2003-10-14,10.547304153442383
2003-10-15,10.674899101257324
2003-10-16,10.67204475402832
2003-10-17,10.60718059539795
2003-10-20,10.666343688964844
2003-10-21,10.719804763793945
2003-10-22,10.562275886535645
2003-10-23,10.40688419342041
2003-10-24,10.35200023651123
2003-10-27,10.471036911010742
2003-10-28,10.61430835723877
2003-10-29,10.7026948928833
2003-10-30,10.664206504821777
2003-10-31,10.5786714553833
2003-11-03,10.831002235412598
2003-11-04,10.860939025878906
2003-11-05,10.875195503234863
2003-11-06,10.797501564025879
2003-11-07,10.808902740478516
2003-11-10,10.659928321838379
2003-11-11,10.523070335388184
2003-11-12,10.710538864135742
2003-11-13,10.793221473693848
2003-11-14,10.738336563110352
2003-11-17,10.528776168823242
2003-11-18,10.549445152282715
2003-11-19,10.481016159057617
2003-11-20,10.345585823059082
2003-11-21,10.435399055480957
2003-11-24,10.548730850219727
2003-11-25,10.585081100463867
2003-11-26,10.682025909423828
2003-11-28,10.777541160583496
2003-12-01,11.086182594299316
2003-12-02,11.037001609802246
2003-12-03,10.998507499694824
2003-12-04,10.922951698303223
2003-12-05,10.9022798538208
2003-12-08,10.923666954040527
2003-12-09,10.878046035766602
2003-12-10,10.834563255310059
2003-12-11,11.032012939453125
2003-12-12,11.08261775970459
2003-12-15,11.091170310974121
2003-12-16,11.044844627380371
2003-12-17,10.916536331176758
2003-12-18,11.092597961425781
2003-12-19,11.119684219360352
2003-12-22,11.276704788208008
2003-12-23,11.30748462677002
2003-12-24,11.344003677368164
2003-12-26,11.372639656066895
2003-12-29,11.544477462768555
2003-12-30,11.599607467651367
2003-12-31,11.745848655700684
2004-01-02,12.00737476348877
2004-01-05,12.428690910339355
2004-01-06,12.288250923156738
2004-01-07,12.316908836364746
2004-01-08,12.363482475280762
2004-01-09,12.341276168823242
2004-01-12,12.33052921295166
2004-01-13,12.260307312011719
2004-01-14,12.279651641845703
2004-01-15,12.028871536254883
2004-01-16,12.080460548400879
2004-01-20,12.431559562683105
2004-01-21,12.448034286499023
2004-01-22,12.416501998901367
2004-01-23,12.395729064941406
2004-01-26,12.478124618530273
2004-01-27,12.41507339477539
2004-01-28,12.239526748657227
2004-01-29,12.046783447265625
2004-01-30,12.030306816101074
2004-02-02,12.033172607421875
2004-02-03,11.96581745147705
2004-02-04,11.858344078063965
2004-02-05,11.854755401611328
2004-02-06,12.124881744384766
2004-02-09,12.299715995788574
2004-02-10,12.288971900939941
2004-02-11,12.479562759399414
2004-02-12,12.473114013671875
2004-02-13,12.481711387634277
2004-02-17,12.732488632202148
2004-02-18,12.559094429016113
2004-02-19,12.44946575164795
2004-02-20,12.309747695922852
2004-02-23,12.202272415161133
2004-02-24,12.13778018951416
2004-02-25,12.270336151123047
2004-02-26,12.331241607666016
2004-02-27,12.50606918334961
2004-03-01,12.79124641418457
2004-03-02,12.689502716064453
2004-03-03,12.610681533813477
2004-03-04,12.696661949157715
2004-03-05,12.743236541748047
2004-03-08,12.621426582336426
2004-03-09,12.539029121398926
2004-03-10,12.252423286437988
2004-03-11,11.98731517791748
2004-03-12,12.087623596191406
2004-03-15,11.861922264099121
2004-03-16,12.008810043334961
2004-03-17,12.17360782623291
2004-03-18,12.245261192321777
2004-03-19,12.0840425491333
2004-03-22,11.890583038330078
2004-03-23,12.010242462158203
2004-03-24,12.019559860229492
2004-03-25,12.137064933776855
2004-03-26,12.114856719970703
2004-03-29,12.270336151123047
2004-03-30,12.420806884765625
2004-03-31,12.574857711791992
2004-04-01,12.677318572998047
2004-04-02,12.804142951965332
2004-04-05,12.893707275390625
2004-04-06,12.965354919433594
2004-04-07,12.918783187866211
2004-04-08,12.929533958435059
2004-04-12,13.029131889343262
2004-04-13,12.877228736877441
2004-04-14,12.687347412109375
2004-04-15,12.582022666931152
2004-04-16,12.675169944763184
2004-04-19,12.696661949157715
2004-04-20,12.585607528686523
2004-04-21,12.492460250854492
2004-04-22,12.488874435424805
2004-04-23,12.582022666931152
2004-04-26,12.402891159057617
2004-04-27,12.336976051330566
2004-04-28,11.983729362487793
2004-04-29,11.5889310836792
2004-04-30,11.342450141906738
2004-05-03,11.45637321472168
2004-05-04,11.680642127990723
2004-05-05,11.709303855895996
2004-05-06,11.466407775878906
2004-05-07,11.208459854125977
2004-05-10,10.66749095916748
2004-05-11,10.984190940856934
2004-05-12,10.987772941589355
2004-05-13,10.959115028381348
2004-05-14,10.670355796813965
2004-05-17,10.24331283569336
2004-05-18,10.547834396362305
2004-05-19,10.839455604553223
2004-05-20,10.772815704345703
2004-05-21,10.949800491333008
2004-05-24,11.12032699584961
2004-05-25,11.365378379821777
2004-05-26,11.320954322814941
2004-05-27,11.500082015991211
2004-05-28,11.47500228881836
2004-06-01,11.395468711853027
2004-06-02,11.395468711853027
2004-06-03,11.142539978027344
2004-06-04,11.306623458862305
2004-06-07,11.697124481201172
2004-06-08,11.534475326538086
2004-06-09,11.273660659790039
2004-06-10,11.2865629196167
2004-06-14,10.85163402557373
2004-06-15,11.061574935913086
2004-06-16,10.91325569152832
2004-06-17,10.967714309692383
2004-06-18,10.905372619628906
2004-06-21,10.95552921295166
2004-06-22,11.071605682373047
2004-06-23,11.268649101257324
2004-06-24,11.313788414001465
2004-06-25,11.42842960357666
2004-06-28,11.330986976623535
2004-06-29,11.417686462402344
2004-06-30,11.58105182647705
2004-07-01,11.43631362915039
2004-07-02,11.43559741973877
2004-07-06,11.313075065612793
2004-07-07,11.460675239562988
2004-07-08,11.297308921813965
2004-07-09,11.35749626159668
2004-07-12,11.328117370605469
2004-07-13,11.379707336425781
2004-07-14,11.270793914794922
2004-07-15,11.212043762207031
2004-07-16,11.335282325744629
2004-07-19,11.31808853149414
2004-07-20,11.366097450256348
2004-07-21,11.234973907470703
2004-07-22,11.234973907470703
2004-07-23,11.041513442993164
2004-07-26,10.939050674438477
2004-07-27,11.147554397583008
2004-07-28,11.143972396850586
2004-07-29,11.213476181030273
2004-07-30,11.159736633300781
2004-08-02,11.103849411010742
2004-08-03,11.116744995117188
2004-08-04,11.127497673034668
2004-08-05,11.055838584899902
2004-08-06,10.975591659545898
2004-08-09,11.06730842590332
2004-08-10,11.19198226928711
2004-08-11,11.088089942932129
2004-08-12,10.964132308959961
2004-08-13,10.981328010559082
2004-08-16,11.131078720092773
2004-08-17,11.205597877502441
2004-08-18,11.338151931762695
2004-08-19,11.350333213806152
2004-08-20,11.406937599182129
2004-08-23,11.468554496765137
2004-08-24,11.43559741973877
2004-08-25,11.571735382080078
2004-08-26,11.587495803833008
2004-08-27,11.56600570678711
2004-08-30,11.50366497039795
2004-08-31,11.55382251739502
2004-09-01,11.649117469787598
2004-09-02,11.793853759765625
2004-09-03,11.668461799621582
2004-09-07,11.758024215698242
2004-09-08,11.750861167907715
2004-09-09,11.786691665649414
2004-09-10,11.898466110229492
2004-09-13,12.00737476348877
2004-09-14,12.003074645996094
2004-09-15,11.950057029724121
2004-09-16,12.099811553955078
2004-09-17,12.180774688720703
2004-09-20,12.192957878112793
2004-09-21,12.320493698120117
2004-09-22,12.134200096130371
2004-09-23,12.187938690185547
2004-09-24,12.153544425964355
2004-09-27,12.081175804138184
2004-09-28,12.230928421020508
2004-09-29,12.295418739318848
2004-09-30,12.359903335571289
2004-10-01,12.596354484558105
2004-10-04,12.811311721801758
2004-10-05,12.716724395751953
2004-10-06,12.863612174987793
2004-10-07,12.753984451293945
2004-10-08,12.660839080810547
2004-10-11,12.72675895690918
2004-10-12,12.526134490966797
2004-10-13,12.356318473815918
2004-10-14,12.187938690185547
2004-10-15,12.350584983825684
2004-10-18,12.481711387634277
2004-10-19,12.421525955200195
2004-10-20,12.34342098236084
2004-10-21,12.52112102508545
2004-10-22,12.431559562683105
2004-10-25,12.465227127075195
2004-10-26,12.510369300842285
2004-10-27,12.725325584411621
2004-10-28,12.662273406982422
2004-10-29,12.711712837219238
2004-11-01,12.806293487548828
2004-11-02,12.83566665649414
2004-11-03,13.022682189941406
2004-11-04,13.219721794128418
2004-11-05,13.269878387451172
2004-11-08,13.120125770568848
2004-11-09,13.204672813415527
2004-11-10,13.219721794128418
2004-11-11,13.370190620422363
2004-11-12,13.595890045166016
2004-11-15,13.608789443969727
2004-11-16,13.453302383422852
2004-11-17,13.757109642028809
2004-11-18,13.782184600830078
2004-11-19,13.585145950317383
2004-11-22,13.638164520263672
2004-11-23,13.661812782287598
2004-11-24,13.807266235351562
2004-11-26,14.036548614501953
2004-11-29,13.950566291809082
2004-11-30,13.976361274719238
2004-12-01,14.083123207092285
2004-12-02,14.062347412109375
2004-12-03,14.126114845275879
2004-12-06,14.106053352355957
2004-12-07,13.889663696289062
2004-12-08,13.816577911376953
2004-12-09,13.591593742370605
2004-12-10,13.577984809875488
2004-12-13,13.784337997436523
2004-12-14,13.911158561706543
2004-12-15,14.103901863098145
2004-12-16,14.032964706420898
2004-12-17,14.000723838806152
2004-12-20,14.18343448638916
2004-12-21,14.319571495056152
2004-12-22,14.315990447998047
2004-12-23,14.413392066955566
2004-12-27,14.402515411376953
2004-12-28,14.477218627929688
2004-12-29,14.557002067565918
2004-12-30,14.52000904083252
2004-12-31,14.639681816101074
2005-01-03,14.487372398376465
2005-01-04,14.041328430175781
2005-01-05,13.869436264038086
2005-01-06,13.860013008117676
2005-01-07,13.886847496032715
2005-01-10,13.904253959655762
2005-01-11,13.878146171569824
2005-01-12,14.048577308654785
2005-01-13,13.99056339263916
2005-01-14,14.240779876708984
2005-01-18,14.215400695800781
2005-01-19,14.019573211669922
2005-01-20,13.84550952911377
2005-01-21,14.034078598022461
2005-01-24,14.012314796447754
2005-01-25,14.13924789428711
2005-01-26,14.345941543579102
2005-01-27,14.359726905822754
2005-01-28,14.372777938842773
2005-01-31,14.562076568603516
2005-02-01,14.686826705932617
2005-02-02,14.73323917388916
2005-02-03,14.71800708770752
2005-02-04,14.947920799255371
2005-02-07,14.99506664276123
2005-02-08,15.024076461791992
2005-02-09,14.975478172302246
2005-02-10,15.048012733459473
2005-02-11,15.194517135620117
2005-02-14,15.30330753326416
2005-02-15,15.339574813842773
2005-02-16,15.292427062988281
2005-02-17,15.26704216003418
2005-02-18,15.454891204833984
2005-02-22,15.398324012756348
2005-02-23,15.469395637512207
2005-02-24,15.709466934204102
2005-02-25,15.998847961425781
2005-02-28,15.972004890441895
2005-03-01,16.016979217529297
2005-03-02,15.752981185913086
2005-03-03,15.796496391296387
2005-03-04,15.98507022857666
2005-03-07,16.090229034423828
2005-03-08,15.967658996582031
2005-03-09,15.876276969909668
2005-03-10,15.723966598510742
2005-03-11,15.635482788085938
2005-03-14,15.515811920166016
2005-03-15,15.129244804382324
2005-03-16,15.000869750976562
2005-03-17,15.274295806884766
2005-03-18,15.205389976501465
2005-03-21,14.985640525817871
2005-03-22,14.708585739135742
2005-03-23,14.522184371948242
2005-03-24,14.506231307983398
2005-03-28,14.606316566467285
2005-03-29,14.228448867797852
2005-03-30,14.552645683288574
2005-03-31,14.708585739135742
2005-04-01,14.795618057250977
2005-04-04,14.828252792358398
2005-04-05,14.824624061584473
2005-04-06,15.027702331542969
2005-04-07,15.179287910461426
2005-04-08,15.10748291015625
2005-04-11,14.962430953979492
2005-04-12,15.151001930236816
2005-04-13,14.849291801452637
2005-04-14,14.469243049621582
2005-04-15,14.164627075195312
2005-04-18,14.33216667175293
2005-04-19,14.572236061096191
2005-04-20,14.228448867797852
2005-04-21,14.638233184814453
2005-04-22,14.476494789123535
2005-04-25,14.750646591186523
2005-04-26,14.59979248046875
2005-04-27,14.467790603637695
2005-04-28,14.237157821655273
2005-04-29,14.525090217590332
2005-05-02,14.62154769897461
2005-05-03,14.607770919799805
2005-05-04,15.00594711303711
2005-05-05,15.085000038146973
2005-05-06,15.125618934631348
2005-05-09,15.13939380645752
2005-05-10,14.799241065979004
2005-05-11,14.868144989013672
2005-05-12,14.614296913146973
2005-05-13,14.464165687561035
2005-05-16,14.636054039001465
2005-05-17,14.639681816101074
2005-05-18,14.931241035461426
2005-05-19,14.985640525817871
2005-05-20,14.947920799255371
2005-05-23,14.997244834899902
2005-05-24,14.953729629516602
2005-05-25,14.846382141113281
2005-05-26,15.013198852539062
2005-05-27,15.114733695983887
2005-05-31,14.984186172485352
2005-06-01,15.161154747009277
2005-06-02,15.276474952697754
2005-06-03,15.197420120239258
2005-06-06,15.350448608398438
2005-06-07,15.274295806884766
2005-06-08,15.216278076171875
2005-06-09,15.296055793762207
2005-06-10,15.339574813842773
2005-06-13,15.400495529174805
2005-06-14,15.463591575622559
2005-06-15,15.578907012939453
2005-06-16,15.718165397644043
2005-06-17,15.907464027404785
2005-06-20,15.763858795166016
2005-06-21,15.687704086303711
2005-06-22,15.835658073425293
2005-06-23,15.55715274810791
2005-06-24,15.50275993347168
2005-06-27,15.600668907165527
2005-06-28,15.718165397644043
2005-06-29,15.626778602600098
2005-06-30,15.578907012939453
2005-07-01,15.635482788085938
2005-07-05,15.705109596252441
2005-07-06,15.628957748413086
2005-07-07,15.674653053283691
2005-07-08,15.837836265563965
2005-07-11,16.07935333251953
2005-07-12,16.270822525024414
2005-07-13,16.25994300842285
2005-07-14,16.353506088256836
2005-07-15,16.264299392700195
2005-07-18,16.214252471923828
2005-07-19,16.399200439453125
2005-07-20,16.401376724243164
2005-07-21,16.579790115356445
2005-07-22,16.54062843322754
2005-07-25,16.39702033996582
2005-07-26,16.490581512451172
2005-07-27,16.579790115356445
2005-07-28,16.786500930786133
2005-07-29,16.775615692138672
2005-08-01,17.049772262573242
2005-08-02,17.352210998535156
2005-08-03,17.308692932128906
2005-08-04,17.156389236450195
2005-08-05,16.840890884399414
2005-08-08,16.956209182739258
2005-08-09,17.29781723022461
2005-08-10,17.482759475708008
2005-08-11,17.38485336303711
2005-08-12,17.199909210205078
2005-08-15,17.31957244873047
2005-08-16,17.01930809020996
2005-08-17,17.030187606811523
2005-08-18,16.716869354248047
2005-08-19,16.651596069335938
2005-08-22,16.85829734802246
2005-08-23,16.699462890625
2005-08-24,16.481884002685547
2005-08-25,16.666826248168945
2005-08-26,16.64506721496582
2005-08-29,16.82784080505371
2005-08-30,16.651596069335938
2005-08-31,16.997549057006836
2005-09-01,17.2325382232666
2005-09-02,17.38485336303711
2005-09-06,17.602434158325195
2005-09-07,17.624183654785156
2005-09-08,17.595895767211914
2005-09-09,17.854827880859375
2005-09-12,17.82871437072754
2005-09-13,17.628541946411133
2005-09-14,17.565441131591797
2005-09-15,17.667709350585938
2005-09-16,17.939685821533203
2005-09-19,17.913572311401367
2005-09-20,17.96144676208496
2005-09-21,18.131153106689453
2005-09-22,17.950563430786133
2005-09-23,17.935335159301758
2005-09-26,18.09417152404785
2005-09-27,17.974496841430664
2005-09-28,18.179025650024414
2005-09-29,18.498872756958008
2005-09-30,18.46841049194336
2005-10-03,18.585905075073242
2005-10-04,18.411842346191406
2005-10-05,17.85265350341797
2005-10-06,17.228191375732422
2005-10-07,17.654653549194336
2005-10-10,17.595895767211914
2005-10-11,17.672061920166016
2005-10-12,17.130277633666992
2005-10-13,17.02366065979004
2005-10-14,16.95838737487793
2005-10-17,17.1455078125
2005-10-18,16.71034049987793
2005-10-19,17.036718368530273
2005-10-20,16.3513240814209
2005-10-21,16.786500930786133
2005-10-24,17.239065170288086
2005-10-25,16.899641036987305
2005-10-26,16.960559844970703
2005-10-27,16.55803871154785
2005-10-28,16.99319839477539
2005-10-31,17.29781723022461
2005-11-01,17.602434158325195
2005-11-02,17.874414443969727
2005-11-03,17.893993377685547
2005-11-04,17.857004165649414
2005-11-07,17.87005615234375
2005-11-08,17.7025203704834
2005-11-09,17.967971801757812
2005-11-10,17.996253967285156
2005-11-11,18.03542137145996
2005-11-14,17.98755645751953
2005-11-15,17.88528823852539
2005-11-16,18.03759765625
2005-11-17,18.30304718017578
2005-11-18,18.353090286254883
2005-11-21,18.363969802856445
2005-11-22,18.355270385742188
2005-11-23,18.548913955688477
2005-11-25,18.53585433959961
2005-11-28,18.418367385864258
2005-11-29,18.255176544189453
2005-11-30,18.298694610595703
2005-12-01,18.777376174926758
2005-12-02,18.75562286376953
2005-12-05,18.907922744750977
2005-12-06,19.081989288330078
2005-12-07,18.901399612426758
2005-12-08,18.75996971130371
2005-12-09,18.951446533203125
2005-12-12,19.060230255126953
2005-12-13,19.31045150756836
2005-12-14,19.18208122253418
2005-12-15,19.10375213623047
2005-12-16,19.038480758666992
2005-12-19,18.99495506286621
2005-12-20,19.158143997192383
2005-12-21,19.469289779663086
2005-12-22,19.473642349243164
2005-12-23,19.58980941772461
2005-12-27,19.371997833251953
2005-12-28,19.424800872802734
2005-12-29,19.4269962310791
2005-12-30,19.416004180908203
2006-01-03,20.14203453063965
2006-01-04,20.32464599609375
2006-01-05,20.428049087524414
2006-01-06,20.854869842529297
2006-01-09,21.05948257446289
2006-01-10,20.806472778320312
2006-01-11,21.05068016052246
2006-01-12,20.758071899414062
2006-01-13,20.78006935119629
2006-01-17,20.41704750061035
2006-01-18,20.406051635742188
2006-01-19,21.066083908081055
2006-01-20,20.439044952392578
2006-01-23,21.0330810546875
2006-01-24,21.363100051879883
2006-01-25,21.374094009399414
2006-01-26,21.880123138427734
2006-01-27,22.130935668945312
2006-01-30,22.02753257751465
2006-01-31,22.17274284362793
2006-02-01,22.161741256713867
2006-02-02,21.5919132232666
2006-02-03,21.297096252441406
2006-02-06,21.803119659423828
2006-02-07,21.231094360351562
2006-02-08,21.297096252441406
2006-02-09,21.352096557617188
2006-02-10,21.319095611572266
2006-02-13,20.79326629638672
2006-02-14,21.319095611572266
2006-02-15,21.209087371826172
2006-02-16,21.759117126464844
2006-02-17,21.73051643371582
2006-02-21,21.53911018371582
2006-02-22,21.65571403503418
2006-02-23,21.649112701416016
2006-02-24,21.690916061401367
2006-02-27,21.888925552368164
2006-02-28,21.319095611572266
2006-03-01,21.908723831176758
2006-03-02,21.926328659057617
2006-03-03,21.561107635498047
2006-03-06,21.231094360351562
2006-03-07,20.483051300048828
2006-03-08,20.60405921936035
2006-03-09,20.395050048828125
2006-03-10,20.824071884155273
2006-03-13,20.80207061767578
2006-03-14,21.45110321044922
2006-03-15,21.69971466064453
2006-03-16,21.506099700927734
2006-03-17,21.657913208007812
2006-03-20,21.781116485595703
2006-03-21,21.341096878051758
2006-03-22,21.57651138305664
2006-03-23,21.376296997070312
2006-03-24,21.561107635498047
2006-03-27,21.693111419677734
2006-03-28,21.297096252441406
2006-03-29,21.704116821289062
2006-03-30,21.814115524291992
2006-03-31,21.781116485595703
2006-04-03,22.39715576171875
2006-04-04,22.529157638549805
2006-04-05,22.76017189025879
2006-04-06,22.643556594848633
2006-04-07,22.29814338684082
2006-04-10,22.22115135192871
2006-04-11,22.03192901611328
2006-04-12,22.159543991088867
2006-04-13,22.265146255493164
2006-04-17,22.529157638549805
2006-04-18,23.277196884155273
2006-04-19,23.420207977294922
2006-04-20,23.336599349975586
2006-04-21,23.519203186035156
2006-04-24,23.211198806762695
2006-04-25,22.89217758178711
2006-04-26,23.343202590942383
2006-04-27,22.975780487060547
2006-04-28,23.200191497802734
2006-05-01,23.193592071533203
2006-05-02,23.602807998657227
2006-05-03,23.629209518432617
2006-05-04,23.860227584838867
2006-05-05,24.24524688720703
2006-05-08,24.421260833740234
2006-05-09,24.44325065612793
2006-05-10,24.179243087768555
2006-05-11,23.563207626342773
2006-05-12,22.947179794311523
2006-05-15,22.39715576171875
2006-05-16,22.509355545043945
2006-05-17,21.737117767333984
2006-05-18,21.319095611572266
2006-05-19,21.778919219970703
2006-05-22,20.753664016723633
2006-05-23,20.527055740356445
2006-05-24,20.38404655456543
2006-05-25,21.25088882446289
2006-05-26,21.187088012695312
2006-05-30,20.2740478515625
2006-05-31,20.61505699157715
2006-06-01,21.037479400634766
2006-06-02,21.253093719482422
2006-06-05,20.35104751586914
2006-06-06,20.201440811157227
2006-06-07,19.75701332092285
2006-06-08,19.404998779296875
2006-06-09,19.15198516845703
2006-06-12,18.439146041870117
2006-06-13,18.02992820739746
2006-06-14,18.546951293945312
2006-06-15,19.62720489501953
2006-06-16,19.515005111694336
2006-06-19,18.788970947265625
2006-06-20,19.019973754882812
2006-06-21,19.636009216308594
2006-06-22,19.283998489379883
2006-06-23,19.250995635986328
2006-06-26,19.250995635986328
2006-06-27,18.887971878051758
2006-06-28,19.479795455932617
2006-06-29,20.637062072753906
2006-06-30,20.659061431884766
2006-07-03,21.116682052612305
2006-07-05,20.461050033569336
2006-07-06,20.87907600402832
2006-07-07,20.483051300048828
2006-07-10,20.648059844970703
2006-07-11,20.74706268310547
2006-07-12,20.28504180908203
2006-07-13,19.48200225830078
2006-07-14,19.581008911132812
2006-07-17,19.27298927307129
2006-07-18,19.54140281677246
2006-07-19,20.74706268310547
2006-07-20,20.150833129882812
2006-07-21,19.75921630859375
2006-07-24,20.648059844970703
2006-07-25,20.70306396484375
2006-07-26,20.61505699157715
2006-07-27,20.898876190185547
2006-07-28,21.347700119018555
2006-07-31,21.143089294433594
2006-08-01,20.80207061767578
2006-08-02,21.07708740234375
2006-08-03,21.05508041381836
2006-08-04,21.099082946777344
2006-08-07,20.967073440551758
2006-08-08,20.967073440551758
2006-08-09,21.046281814575195
2006-08-10,21.26189613342285
2006-08-11,21.004480361938477
2006-08-14,21.08808135986328
2006-08-15,21.60511016845703
2006-08-16,21.816320419311523
2006-08-17,21.84712791442871
2006-08-18,21.640308380126953
2006-08-21,21.52811050415039
2006-08-22,21.521503448486328
2006-08-23,21.1320858001709
2006-08-24,21.074886322021484
2006-08-25,21.134288787841797
2006-08-28,21.374094009399414
2006-08-29,21.44669532775879
2006-08-30,21.53911018371582
2006-08-31,21.47750473022461
2006-09-01,21.717313766479492
2006-09-05,21.836124420166016
2006-09-06,21.209087371826172
2006-09-07,20.967073440551758
2006-09-08,21.138687133789062
2006-09-11,20.683263778686523
2006-09-12,21.037479400634766
2006-09-13,21.352096557617188
2006-09-14,21.17608642578125
2006-09-15,21.301496505737305
2006-09-18,21.54130744934082
2006-09-19,21.209087371826172
2006-09-20,21.644712448120117
2006-09-21,21.116682052612305
2006-09-22,20.84827423095703
2006-09-25,21.090280532836914
2006-09-26,21.338895797729492
2006-09-27,21.290491104125977
2006-09-28,21.46210289001465
2006-09-29,21.290491104125977
2006-10-02,21.255294799804688
2006-10-03,20.967073440551758
2006-10-04,21.52811050415039
2006-10-05,21.814115524291992
2006-10-06,21.759117126464844
2006-10-09,21.67771339416504
2006-10-10,21.8735294342041
2006-10-11,21.75691795349121
2006-10-12,22.287145614624023
2006-10-13,22.419157028198242
2006-10-16,22.480758666992188
2006-10-17,22.185935974121094
2006-10-18,22.40375518798828
2006-10-19,22.502758026123047
2006-10-20,22.39715576171875
2006-10-23,22.37735366821289
2006-10-24,22.50494956970215
2006-10-25,22.766775131225586
2006-10-26,22.82176971435547
2006-10-27,22.441146850585938
2006-10-30,22.3641414642334
2006-10-31,22.793174743652344
2006-11-01,22.564367294311523
2006-11-02,22.634756088256836
2006-11-03,22.70517349243164
2006-11-06,23.24419403076172
2006-11-07,23.14518928527832
2006-11-08,23.204591751098633
2006-11-09,23.28380012512207
2006-11-10,23.316797256469727
2006-11-13,23.395999908447266
2006-11-14,23.761226654052734
2006-11-15,23.80522346496582
2006-11-16,23.565412521362305
2006-11-17,23.539011001586914
2006-11-20,23.44660186767578
2006-11-21,23.820627212524414
2006-11-22,23.987825393676758
2006-11-24,23.98342514038086
2006-11-27,23.530210494995117
2006-11-28,23.66661834716797
2006-11-29,24.049442291259766
2006-11-30,24.15723991394043
2006-12-01,24.058231353759766
2006-12-04,24.55986785888672
2006-12-05,24.988880157470703
2006-12-06,24.817276000976562
2006-12-07,24.729267120361328
2006-12-08,24.619264602661133
2006-12-11,24.630264282226562
2006-12-12,24.333253860473633
2006-12-13,24.465261459350586
2006-12-14,24.88327980041504
2006-12-15,24.993288040161133
2006-12-18,24.819473266601562
2006-12-19,24.663270950317383
2006-12-20,24.936176300048828
2006-12-21,24.89154624938965
2006-12-22,24.980798721313477
2006-12-26,25.212862014770508
2006-12-27,25.57213020324707
2006-12-28,25.52303695678711
2006-12-29,25.47618293762207
2007-01-03,25.6926212310791
2007-01-04,25.337820053100586
2007-01-05,24.59699249267578
2007-01-08,24.7755126953125
2007-01-09,24.222118377685547
2007-01-10,24.166330337524414
2007-01-11,24.47203826904297
2007-01-12,24.96964454650879
2007-01-16,25.058897018432617
2007-01-17,24.954025268554688
2007-01-18,24.690715789794922
2007-01-19,25.134761810302734
2007-01-22,25.105758666992188
2007-01-23,25.677005767822266
2007-01-24,25.900146484375
2007-01-25,25.10352897644043
2007-01-26,25.257503509521484
2007-01-29,24.92277717590332
2007-01-30,25.30882453918457
2007-01-31,25.50518226623535
2007-02-01,25.817581176757812
2007-02-02,25.739482879638672
2007-02-05,25.764026641845703
2007-02-06,26.018407821655273
2007-02-07,25.91799545288086
2007-02-08,25.779647827148438
2007-02-09,25.471708297729492
2007-02-12,25.29766273498535
2007-02-13,25.699310302734375
2007-02-14,26.252708435058594
2007-02-15,26.268327713012695
2007-02-16,26.32857322692871
2007-02-20,26.39775848388672
2007-02-21,26.475849151611328
2007-02-22,26.40892219543457
2007-02-23,26.2192440032959
2007-02-26,26.208080291748047
2007-02-27,24.07707405090332
2007-02-28,24.679561614990234
2007-03-01,24.32475471496582
2007-03-02,24.099393844604492
2007-03-05,23.481279373168945
2007-03-06,24.512197494506836
2007-03-07,24.362693786621094
2007-03-08,24.991945266723633
2007-03-09,25.036592483520508
2007-03-12,25.159311294555664
2007-03-13,24.427406311035156
2007-03-14,24.628238677978516
2007-03-15,24.829055786132812
2007-03-16,24.61707878112793
2007-03-19,25.157085418701172
2007-03-20,25.322216033935547
2007-03-21,26.080888748168945
2007-03-22,25.969308853149414
2007-03-23,26.089815139770508
2007-03-26,26.074203491210938
2007-03-27,25.95815658569336
2007-03-28,25.49402618408203
2007-03-29,26.000558853149414
2007-03-30,25.996097564697266
2007-04-02,26.174606323242188
2007-04-03,26.603044509887695
2007-04-04,26.770397186279297
2007-04-05,26.794954299926758
2007-04-09,26.94891929626465
2007-04-10,27.076108932495117
2007-04-11,26.826187133789062
2007-04-12,27.27471160888672
2007-04-13,27.408584594726562
2007-04-16,27.734386444091797
2007-04-17,27.584867477416992
2007-04-18,27.379581451416016
2007-04-19,27.15866470336914
2007-04-20,27.482221603393555
2007-04-23,27.372880935668945
2007-04-24,27.368425369262695
2007-04-25,27.707597732543945
2007-04-26,27.63396453857422
2007-04-27,27.495615005493164
2007-04-30,26.96453857421875
2007-05-01,27.071643829345703
2007-05-02,27.60941505432129
2007-05-03,27.841489791870117
2007-05-04,27.832555770874023
2007-05-07,28.0132999420166
2007-05-08,27.649578094482422
2007-05-09,28.095867156982422
2007-05-10,27.408584594726562
2007-05-11,28.10479736328125
2007-05-14,27.825864791870117
2007-05-15,27.859342575073242
2007-05-16,28.263225555419922
2007-05-17,28.160587310791016
2007-05-18,28.305622100830078
2007-05-21,28.356956481933594
2007-05-22,28.361417770385742
2007-05-23,28.316776275634766
2007-05-24,27.63619041442871
2007-05-25,28.060169219970703
2007-05-29,27.964210510253906
2007-05-30,28.24983024597168
2007-05-31,28.33016014099121
2007-06-01,29.037532806396484
2007-06-04,28.908105850219727
2007-06-05,28.807689666748047
2007-06-06,28.082483291625977
2007-06-07,27.649578094482422
2007-06-08,28.13826560974121
2007-06-11,28.379270553588867
2007-06-12,27.886117935180664
2007-06-13,28.443971633911133
2007-06-14,28.89025115966797
2007-06-15,29.54852867126465
2007-06-18,29.575302124023438
2007-06-19,29.608768463134766
2007-06-20,29.356630325317383
2007-06-21,29.722585678100586
2007-06-22,29.3298397064209
2007-06-25,29.106704711914062
2007-06-26,28.852317810058594
2007-06-27,29.262901306152344
2007-06-28,29.269607543945312
2007-06-29,29.372236251831055
2007-07-02,29.968042373657227
2007-07-03,30.2067928314209
2007-07-05,30.340682983398438
2007-07-06,30.860610961914062
2007-07-09,31.15961265563965
2007-07-10,30.545976638793945
2007-07-11,30.798118591308594
2007-07-12,31.4742488861084
2007-07-13,31.864757537841797
2007-07-16,31.552343368530273
2007-07-17,31.527807235717773
2007-07-18,31.141752243041992
2007-07-19,31.451934814453125
2007-07-20,31.235485076904297
2007-07-23,32.13921356201172
2007-07-24,31.03911781311035
2007-07-25,31.217618942260742
2007-07-26,29.626628875732422
2007-07-27,29.24281883239746
2007-07-30,30.200098037719727
2007-07-31,29.581995010375977
2007-08-01,29.465957641601562
2007-08-02,29.791757583618164
2007-08-03,28.506444931030273
2007-08-06,29.01521110534668
2007-08-07,29.231666564941406
2007-08-08,30.21348762512207
2007-08-09,28.96390151977539
2007-08-10,28.46183204650879
2007-08-13,28.742977142333984
2007-08-14,27.999923706054688
2007-08-15,26.899824142456055
2007-08-16,26.4423885345459
2007-08-17,27.279165267944336
2007-08-20,27.334945678710938
2007-08-21,27.234540939331055
2007-08-22,28.40604019165039
2007-08-23,28.55108642578125
2007-08-24,29.231666564941406
2007-08-27,29.365541458129883
2007-08-28,28.17173957824707
2007-08-29,29.287446975708008
2007-08-30,29.137937545776367
2007-08-31,29.88992691040039
2007-09-04,30.39423370361328
2007-09-05,29.9345645904541
2007-09-06,30.168855667114258
2007-09-07,29.48827362060547
2007-09-10,29.51059341430664
2007-09-11,30.10638427734375
2007-09-12,30.21348762512207
2007-09-13,30.548206329345703
2007-09-14,30.608461380004883
2007-09-17,30.414331436157227
2007-09-18,31.88705825805664
2007-09-19,32.03209686279297
2007-09-20,31.93168830871582
2007-09-21,32.35566711425781
2007-09-24,32.7573127746582
2007-09-25,32.63459396362305
2007-09-26,33.06971740722656
2007-09-27,33.56061935424805
2007-09-28,33.3486442565918
2007-10-01,34.397403717041016
2007-10-02,34.631710052490234
2007-10-03,33.58293151855469
2007-10-04,33.91766357421875
2007-10-05,35.04898452758789
2007-10-08,34.67634201049805
2007-10-09,35.21634292602539
2007-10-10,35.263206481933594
2007-10-11,34.953025817871094
2007-10-12,35.591217041015625
2007-10-15,35.156105041503906
2007-10-16,34.5045166015625
2007-10-17,35.3011474609375
2007-10-18,35.479644775390625
2007-10-19,33.9622802734375
2007-10-22,34.207740783691406
2007-10-23,35.156105041503906
2007-10-24,34.92626190185547
2007-10-25,35.37030792236328
2007-10-26,36.37221908569336
2007-10-29,37.209007263183594
2007-10-30,36.5061149597168
2007-10-31,37.30719757080078
2007-11-01,35.80097198486328
2007-11-02,36.00403594970703
2007-11-05,34.75221252441406
2007-11-06,36.070980072021484
2007-11-07,34.92180252075195
2007-11-08,35.100311279296875
2007-11-09,34.27469253540039
2007-11-12,32.37797927856445
2007-11-13,34.66519546508789
2007-11-14,34.69865036010742
2007-11-15,33.89979934692383
2007-11-16,34.319313049316406
2007-11-19,32.73722839355469
2007-11-20,33.636497497558594
2007-11-21,31.942840576171875
2007-11-23,32.886749267578125
2007-11-26,31.58135223388672
2007-11-27,32.790775299072266
2007-11-28,34.58708190917969
2007-11-29,34.163116455078125
2007-11-30,34.45319747924805
2007-12-03,34.15419006347656
2007-12-04,34.0649299621582
2007-12-05,35.57783126831055
2007-12-06,36.137916564941406
2007-12-07,35.70948791503906
2007-12-10,35.72064208984375
2007-12-11,34.207740783691406
2007-12-12,35.234188079833984
2007-12-13,34.26576614379883
2007-12-14,33.44905471801758
2007-12-17,32.02318572998047
2007-12-18,32.90235137939453
2007-12-19,33.1165771484375
2007-12-20,33.29731369018555
2007-12-21,34.30146408081055
2007-12-24,34.881614685058594
2007-12-26,35.06241989135742
2007-12-27,34.25331115722656
2007-12-28,34.38213348388672
2007-12-31,33.96856689453125
2008-01-02,33.40805435180664
2008-01-03,33.708648681640625
2008-01-04,32.696163177490234
2008-01-07,32.93571090698242
2008-01-08,32.680328369140625
2008-01-09,33.7515869140625
2008-01-10,34.14936828613281
2008-01-11,33.1888427734375
2008-01-14,33.67700958251953
2008-01-15,32.15373611450195
2008-01-16,30.8157901763916
2008-01-17,29.918556213378906
2008-01-18,30.6010799407959
2008-01-22,29.832664489746094
2008-01-23,30.02250862121582
2008-01-24,30.605594635009766
2008-01-25,30.14003562927246
2008-01-28,30.88584327697754
2008-01-29,30.734426498413086
2008-01-30,30.329879760742188
2008-01-31,30.93782615661621
2008-02-01,31.554821014404297
2008-02-04,31.65200424194336
2008-02-05,29.94792366027832
2008-02-06,29.45749282836914
2008-02-07,29.95695686340332
2008-02-08,29.900463104248047
2008-02-11,30.27111053466797
2008-02-12,30.759288787841797
2008-02-13,31.450855255126953
2008-02-14,31.046310424804688
2008-02-15,31.267793655395508
2008-02-19,31.67686653137207
2008-02-20,31.941293716430664
2008-02-21,31.493793487548828
2008-02-22,31.916431427001953
2008-02-25,32.51082992553711
2008-02-26,32.94023132324219
2008-02-27,33.218223571777344
2008-02-28,32.86113739013672
2008-02-29,31.554821014404297
2008-03-03,31.726587295532227
2008-03-04,30.989818572998047
2008-03-05,31.64069938659668
2008-03-06,30.55588150024414
2008-03-07,30.133249282836914
2008-03-10,29.604400634765625
2008-03-11,31.595497131347656
2008-03-12,31.010147094726562
2008-03-13,30.727649688720703
2008-03-14,29.638286590576172
2008-03-17,28.906034469604492
2008-03-18,30.408979415893555
2008-03-19,28.582843780517578
2008-03-20,29.064252853393555
2008-03-24,30.178457260131836
2008-03-25,30.641756057739258
2008-03-26,30.393156051635742
2008-03-27,30.24625587463379
2008-03-28,30.192012786865234
2008-03-31,30.370542526245117
2008-04-01,31.5367431640625
2008-04-02,31.559343338012695
2008-04-03,31.94354248046875
2008-04-04,31.814722061157227
2008-04-07,32.23735809326172
2008-04-08,32.06106948852539
2008-04-09,31.56160545349121
2008-04-10,32.013614654541016
2008-04-11,31.491540908813477
2008-04-14,31.416969299316406
2008-04-15,31.785348892211914
2008-04-16,32.72553634643555
2008-04-17,32.488224029541016
2008-04-18,32.97865676879883
2008-04-21,33.145896911621094
2008-04-22,32.838539123535156
2008-04-23,33.31087112426758
2008-04-24,32.88372802734375
2008-04-25,33.125553131103516
2008-04-28,33.06227493286133
2008-04-29,32.476924896240234
2008-04-30,33.145896911621094
2008-05-01,33.49845504760742
2008-05-02,33.81938934326172
2008-05-05,33.79454040527344
2008-05-06,34.17196273803711
2008-05-07,33.154945373535156
2008-05-08,33.49620056152344
2008-05-09,33.22274398803711
2008-05-12,33.64988327026367
2008-05-13,33.81034851074219
2008-05-14,33.891719818115234
2008-05-15,34.61265563964844
2008-05-16,35.05337905883789
2008-05-19,35.060157775878906
2008-05-20,34.45219802856445
2008-05-21,34.101898193359375
2008-05-22,34.20133972167969
2008-05-23,33.60468292236328
2008-05-27,33.550445556640625
2008-05-28,34.0024528503418
2008-05-29,34.0770378112793
2008-05-30,34.19456481933594
2008-06-02,33.787750244140625
2008-06-03,33.17753219604492
2008-06-04,32.88825225830078
2008-06-05,33.93464660644531
2008-06-06,32.70519256591797
2008-06-09,32.62156677246094
2008-06-10,31.868980407714844
2008-06-11,31.3920841217041
2008-06-12,31.57516098022461
2008-06-13,31.916431427001953
2008-06-16,32.02490997314453
2008-06-17,32.16051483154297
2008-06-18,32.004573822021484
2008-06-19,32.054298400878906
2008-06-20,31.007890701293945
2008-06-23,31.09828758239746
2008-06-24,30.960416793823242
2008-06-25,31.58037567138672
2008-06-26,30.496845245361328
2008-06-27,30.791723251342773
2008-06-30,31.02489471435547
2008-07-01,30.471691131591797
2008-07-02,29.603031158447266
2008-07-03,29.51845359802246
2008-07-07,29.413299560546875
2008-07-08,29.774473190307617
2008-07-09,29.173274993896484
2008-07-10,29.701322555541992
2008-07-11,29.50244140625
2008-07-14,29.46587371826172
2008-07-15,28.974388122558594
2008-07-16,29.811046600341797
2008-07-17,29.95047950744629
2008-07-18,29.692180633544922
2008-07-21,30.060226440429688
2008-07-22,30.078510284423828
2008-07-23,30.121936798095703
2008-07-24,29.008678436279297
2008-07-25,29.20756721496582
2008-07-28,28.713794708251953
2008-07-29,30.30481719970703
2008-07-30,29.989347457885742
2008-07-31,29.317289352416992
2008-08-01,29.118410110473633
2008-08-04,28.226890563964844
2008-08-05,28.590368270874023
2008-08-06,29.159564971923828
2008-08-07,28.1583194732666
2008-08-08,28.226890563964844
2008-08-11,27.9320011138916
2008-08-12,27.698829650878906
2008-08-13,27.691978454589844
2008-08-14,28.055444717407227
2008-08-15,27.616540908813477
2008-08-18,27.150211334228516
2008-08-19,26.923900604248047
2008-08-20,27.60968589782715
2008-08-21,27.56853675842285
2008-08-22,27.5479679107666
2008-08-25,26.978769302368164
2008-08-26,27.026771545410156
2008-08-27,27.602828979492188
2008-08-28,27.79484748840332
2008-08-29,27.465675354003906
2008-09-02,26.63587188720703
2008-09-03,26.196969985961914
2008-09-04,24.9899845123291
2008-09-05,25.346595764160156
2008-09-08,25.66205406188965
2008-09-09,24.221914291381836
2008-09-10,24.612810134887695
2008-09-11,24.249338150024414
2008-09-12,25.058565139770508
2008-09-15,23.090362548828125
2008-09-16,23.289243698120117
2008-09-17,21.636497497558594
2008-09-18,23.460683822631836
2008-09-19,26.382131576538086
2008-09-22,24.660812377929688
2008-09-23,23.892728805541992
2008-09-24,24.16704750061035
2008-09-25,25.4083194732666
2008-09-26,24.54422950744629
2008-09-29,21.677648544311523
2008-09-30,23.43325424194336
2008-10-01,23.714427947998047
2008-10-02,21.636497497558594
2008-10-03,21.067298889160156
2008-10-06,19.483129501342773
2008-10-07,17.967554092407227
2008-10-08,17.967554092407227
2008-10-09,16.64398956298828
2008-10-10,16.83601188659668
2008-10-13,20.669544219970703
2008-10-14,19.6408748626709
2008-10-15,16.465686798095703
2008-10-16,17.27490997314453
2008-10-17,16.733144760131836
2008-10-20,17.90583610534668
2008-10-21,16.479398727416992
2008-10-22,14.744364738464355
2008-10-23,15.155835151672363
2008-10-24,13.592245101928711
2008-10-27,13.235642433166504
2008-10-28,16.006210327148438
2008-10-29,15.498730659484863
2008-10-30,17.59037208557129
2008-10-31,17.439498901367188
2008-11-03,17.28177261352539
2008-11-04,18.85907554626465
2008-11-05,16.458833694458008
2008-11-06,15.629032135009766
2008-11-07,16.897729873657227
2008-11-10,17.055461883544922
2008-11-11,15.99249267578125
2008-11-12,14.806087493896484
2008-11-13,16.85658836364746
2008-11-14,15.23813247680664
2008-11-17,14.984390258789062
2008-11-18,14.764938354492188
2008-11-19,13.489384651184082
2008-11-20,12.522427558898926
2008-11-21,14.326037406921387
2008-11-24,15.196982383728027
2008-11-25,14.908955574035645
2008-11-26,16.04736328125
2008-11-28,15.738757133483887
2008-12-01,14.223172187805176
2008-12-02,15.12154769897461
2008-12-03,15.244989395141602
2008-12-04,14.59349250793457
2008-12-05,15.457584381103516
2008-12-08,16.445112228393555
2008-12-09,16.218807220458984
2008-12-10,17.185758590698242
2008-12-11,16.746854782104492
2008-12-12,16.980024337768555
2008-12-15,16.75371742248535
2008-12-16,18.09099769592285
2008-12-17,17.77553939819336
2008-12-18,17.384639739990234
2008-12-19,17.44636344909668
2008-12-22,16.794857025146484
2008-12-23,16.65577507019043
2008-12-24,16.774003982543945
2008-12-26,16.71836280822754
2008-12-29,16.690549850463867
2008-12-30,17.1356258392334
2008-12-31,17.36512565612793
2009-01-02,18.19269371032715
2009-01-05,18.429147720336914
2009-01-06,18.84640884399414
2009-01-07,17.761520385742188
2009-01-08,17.685028076171875
2009-01-09,17.302532196044922
2009-01-12,16.572322845458984
2009-01-13,16.621000289916992
2009-01-14,15.814294815063477
2009-01-15,15.995108604431152
2009-01-16,16.16897201538086
2009-01-20,14.965858459472656
2009-01-21,15.779521942138672
2009-01-22,15.257946014404297
2009-01-23,15.452665328979492
2009-01-26,15.633482933044434
2009-01-27,15.91165828704834
2009-01-28,16.71836280822754
2009-01-29,15.8699312210083
2009-01-30,15.751707077026367
2009-02-02,15.591753005981445
2009-02-03,16.05770492553711
2009-02-04,16.175922393798828
2009-02-05,16.516685485839844
2009-02-06,17.344261169433594
2009-02-09,17.253849029541016
2009-02-10,16.210689544677734
2009-02-11,16.697500228881836
2009-02-12,16.593189239501953
2009-02-13,16.6766414642334
2009-02-17,15.612621307373047
2009-02-18,15.50134563446045
2009-02-19,15.355300903320312
2009-02-20,14.965858459472656
2009-02-23,14.597270011901855
2009-02-24,15.3970308303833
2009-02-25,15.13276195526123
2009-02-26,15.000625610351562
2009-02-27,14.764178276062012
2009-03-02,13.867063522338867
2009-03-03,14.061785697937012
2009-03-04,15.049308776855469
2009-03-05,14.430370330810547
2009-03-06,14.673772811889648
2009-03-09,14.38864517211914
2009-03-10,15.556983947753906
2009-03-11,15.556983947753906
2009-03-12,16.155059814453125
2009-03-13,16.245471954345703
2009-03-16,16.259374618530273
2009-03-17,16.614049911499023
2009-03-18,16.96177101135254
2009-03-19,16.850502014160156
2009-03-20,16.621000289916992
2009-03-23,18.157926559448242
2009-03-24,17.594615936279297
2009-03-25,17.858882904052734
2009-03-26,18.345693588256836
2009-03-27,17.803253173828125
2009-03-30,16.885271072387695
2009-03-31,17.253849029541016
2009-04-01,17.824111938476562
2009-04-02,18.790773391723633
2009-04-03,19.020267486572266
2009-04-06,18.7838191986084
2009-04-07,18.35264778137207
2009-04-08,18.62386703491211
2009-04-09,19.43753433227539
2009-04-13,19.55575942993164
2009-04-14,19.242809295654297
2009-04-15,19.5209903717041
2009-04-16,19.687891006469727
2009-04-17,19.548805236816406
2009-04-20,18.596054077148438
2009-04-21,18.992448806762695
2009-04-22,18.832502365112305
2009-04-23,19.124584197998047
2009-04-24,19.486209869384766
2009-04-27,18.832502365112305
2009-04-28,18.76991081237793
2009-04-29,19.757434844970703
2009-04-30,19.938249588012695
2009-05-01,20.23033332824707
2009-05-04,21.628170013427734
2009-05-05,21.433446884155273
2009-05-06,21.80202865600586
2009-05-07,21.25958251953125
2009-05-08,21.96893310546875
2009-05-11,21.454301834106445
2009-05-12,21.607301712036133
2009-05-13,20.81450080871582
2009-05-14,21.113544464111328
2009-05-15,20.918813705444336
2009-05-18,22.0802001953125
2009-05-19,22.330562591552734
2009-05-20,22.400100708007812
2009-05-21,21.982847213745117
2009-05-22,22.0802001953125
2009-05-26,22.34447479248047
2009-05-27,22.087154388427734
2009-05-28,22.768688201904297
2009-05-29,23.116413116455078
2009-06-01,24.090023040771484
2009-06-02,23.74230194091797
2009-06-03,22.90082359313965
2009-06-04,23.325040817260742
2009-06-05,23.373722076416016
2009-06-08,23.012088775634766
2009-06-09,23.05381965637207
2009-06-10,23.345897674560547
2009-06-11,23.846622467041016
2009-06-12,23.464130401611328
2009-06-15,22.622644424438477
2009-06-16,22.281883239746094
2009-06-17,22.031522750854492
2009-06-18,21.96893310546875
2009-06-19,22.0802001953125
2009-06-22,21.280447006225586
2009-06-23,21.418560028076172
2009-06-24,21.888296127319336
2009-06-25,22.540325164794922
2009-06-26,22.65951156616211
2009-06-29,22.827770233154297
2009-06-30,22.596406936645508
2009-07-01,23.010055541992188
2009-07-02,22.379074096679688
2009-07-06,22.32999038696289
2009-07-07,21.804174423217773
2009-07-08,21.551769256591797
2009-07-09,21.9373722076416
2009-07-10,21.67797088623047
2009-07-13,21.832210540771484
2009-07-14,22.070589065551758
2009-07-15,23.255443572998047
2009-07-16,23.297508239746094
2009-07-17,23.53587532043457
2009-07-20,24.377201080322266
2009-07-21,24.307090759277344
2009-07-22,24.251012802124023
2009-07-23,24.938072204589844
2009-07-24,24.818889617919922
2009-07-27,25.036230087280273
2009-07-28,24.924055099487305
2009-07-29,24.36318016052246
2009-07-30,24.96612548828125
2009-07-31,25.085308074951172
2009-08-03,26.024778366088867
2009-08-04,25.786409378051758
2009-08-05,25.569072723388672
2009-08-06,25.35873794555664
2009-08-07,25.61113929748535
2009-08-10,25.323680877685547
2009-08-11,24.84693145751953
2009-08-12,25.0712833404541
2009-08-13,25.50597381591797
2009-08-14,25.043249130249023
2009-08-17,24.06170654296875
2009-08-18,24.5875301361084
2009-08-19,24.650630950927734
2009-08-20,25.07830047607422
2009-08-21,25.456892013549805
2009-08-24,25.569072723388672
2009-08-25,25.512977600097656
2009-08-26,25.435855865478516
2009-08-27,25.386783599853516
2009-08-28,25.25357437133789
2009-08-31,24.755796432495117
2009-09-01,24.286062240600586
2009-09-02,24.54546546936035
2009-09-03,25.036230087280273
2009-09-04,25.519990921020508
2009-09-08,26.045818328857422
2009-09-09,26.186031341552734
2009-09-10,26.52956771850586
2009-09-11,26.543596267700195
2009-09-14,26.44544792175293
2009-09-15,26.760929107666016
2009-09-16,27.433990478515625
2009-09-17,27.28675651550293
2009-09-18,27.363887786865234
2009-09-21,27.125503540039062
2009-09-22,27.539148330688477
2009-09-23,27.125503540039062
2009-09-24,26.592676162719727
2009-09-25,26.704853057861328
2009-09-28,27.048385620117188
2009-09-29,27.111482620239258
2009-09-30,27.279743194580078
2009-10-01,26.536584854125977
2009-10-02,26.543596267700195
2009-10-05,27.160564422607422
2009-10-06,27.609264373779297
2009-10-07,27.581222534179688
2009-10-08,27.91775894165039
2009-10-09,27.93878173828125
2009-10-12,28.170143127441406
2009-10-13,28.219219207763672
2009-10-14,29.130643844604492
2009-10-15,28.96939468383789
2009-10-16,28.56977081298828
2009-10-19,29.11663246154785
2009-10-20,28.73103141784668
2009-10-21,28.5767822265625
2009-10-22,28.815156936645508
2009-10-23,28.5767822265625
2009-10-26,28.219219207763672
2009-10-27,27.72844696044922
2009-10-28,26.459463119506836
2009-10-29,27.63030242919922
2009-10-30,26.34027099609375
2009-11-02,26.732894897460938
2009-11-03,26.77495574951172
2009-11-04,27.272735595703125
2009-11-05,27.833614349365234
2009-11-06,27.798564910888672
2009-11-09,28.822162628173828
2009-11-10,28.68895149230957
2009-11-11,28.934343338012695
2009-11-12,28.289329528808594
2009-11-13,28.773080825805664
2009-11-16,29.495216369628906
2009-11-17,29.390045166015625
2009-11-18,29.158693313598633
2009-11-19,28.61884117126465
2009-11-20,28.499664306640625
2009-11-23,29.09559440612793
2009-11-24,28.934343338012695
2009-11-25,29.27086639404297
2009-11-27,28.135093688964844
2009-11-30,28.408519744873047
2009-12-01,29.221790313720703
2009-12-02,29.340980529785156
2009-12-03,29.067554473876953
2009-12-04,29.333972930908203
2009-12-07,29.08156967163086
2009-12-08,28.541732788085938
2009-12-09,28.716997146606445
2009-12-10,28.885263442993164
2009-12-11,28.990432739257812
2009-12-14,29.186735153198242
2009-12-15,28.885263442993164
2009-12-16,29.05353546142578
2009-12-17,28.219219207763672
2009-12-18,28.296340942382812
2009-12-21,28.26129150390625
2009-12-22,28.546117782592773
2009-12-23,28.82882308959961
2009-12-24,29.118589401245117
2009-12-28,29.217533111572266
2009-12-29,29.112903594970703
2009-12-30,29.240158081054688
2009-12-31,29.339134216308594
2010-01-04,30.194564819335938
2010-01-05,30.413726806640625
2010-01-06,30.47735023498535
2010-01-07,30.30061149597168
2010-01-08,30.54097557067871
2010-01-11,30.47735023498535
2010-01-12,29.989540100097656
2010-01-13,30.08145523071289
2010-01-14,30.00368309020996
2010-01-15,29.65726661682129
2010-01-19,30.25819969177246
2010-01-20,29.530014038085938
2010-01-21,28.63923454284668
2010-01-22,28.00296974182129
2010-01-25,28.20799446105957
2010-01-26,27.62120819091797
2010-01-27,27.55050277709961
2010-01-28,27.359628677368164
2010-01-29,27.062702178955078
2010-02-01,27.79087257385254
2010-02-02,28.017105102539062
2010-02-03,27.85451316833496
2010-02-04,26.59609603881836
2010-02-05,26.299175262451172
2010-02-08,26.03759765625
2010-02-09,26.88595962524414
2010-02-10,26.815265655517578
2010-02-11,27.5222225189209
2010-02-12,27.175819396972656
2010-02-16,27.875709533691406
2010-02-17,27.974689483642578
2010-02-18,28.080738067626953
2010-02-19,27.840364456176758
2010-02-22,27.875709533691406
2010-02-23,27.23237419128418
2010-02-24,27.49395751953125
2010-02-25,27.267723083496094
2010-02-26,27.543437957763672
2010-03-01,28.010034561157227
2010-03-02,28.328170776367188
2010-03-03,28.3635196685791
2010-03-04,28.215049743652344
2010-03-05,28.950300216674805
2010-03-08,28.971506118774414
2010-03-09,29.134111404418945
2010-03-10,29.339134216308594
2010-03-11,29.346208572387695
2010-03-12,29.247230529785156
2010-03-15,29.035137176513672
2010-03-16,29.409828186035156
2010-03-17,29.727970123291016
2010-03-18,29.50174331665039
2010-03-19,29.119976043701172
2010-03-22,29.226022720336914
2010-03-23,29.431045532226562
2010-03-24,28.992719650268555
2010-03-25,28.914958953857422
2010-03-26,29.05634117126465
2010-03-29,29.57950210571289
2010-03-30,29.6926212310791
2010-03-31,29.777450561523438
2010-04-01,30.555110931396484
2010-04-05,30.83083152770996
2010-04-06,30.92274284362793
2010-04-07,30.654098510742188
2010-04-08,30.76013946533203
2010-04-09,30.951019287109375
2010-04-12,30.703577041625977
2010-04-13,30.63995933532715
2010-04-14,31.0924129486084
2010-04-15,30.92274284362793
2010-04-16,30.017820358276367
2010-04-19,29.897634506225586
2010-04-20,30.251117706298828
2010-04-21,30.152149200439453
2010-04-22,30.279401779174805
2010-04-23,30.441999435424805
2010-04-26,30.441999435424805
2010-04-27,29.35327911376953
2010-04-28,29.600698471069336
2010-04-29,30.088512420654297
2010-04-30,29.727970123291016
2010-05-03,29.890560150146484
2010-05-04,28.51905059814453
2010-05-05,28.00296974182129
2010-05-06,26.857685089111328
2010-05-07,26.999082565307617
2010-05-10,28.943233489990234
2010-05-11,28.420080184936523
2010-05-12,28.773563385009766
2010-05-13,28.504919052124023
2010-05-14,27.918140411376953
2010-05-17,27.74846076965332
2010-05-18,27.16874122619629
2010-05-19,26.907169342041016
2010-05-20,25.571001052856445
2010-05-21,26.398151397705078
2010-05-24,26.122438430786133
2010-05-25,25.839643478393555
2010-05-26,25.825510025024414
2010-05-27,27.387907028198242
2010-05-28,26.93543815612793
2010-06-01,26.44057273864746
2010-06-02,27.366689682006836
2010-06-03,27.267723083496094
2010-06-04,26.299175262451172
2010-06-07,25.88913345336914
2010-06-08,26.482982635498047
2010-06-09,26.341588973999023
2010-06-10,27.260648727416992
2010-06-11,27.402042388916016
2010-06-14,27.409107208251953
2010-06-15,28.236270904541016
2010-06-16,28.236270904541016
2010-06-17,28.09486961364746
2010-06-18,28.22212791442871
2010-06-21,28.70993423461914
2010-06-22,28.15850067138672
2010-06-23,28.231088638305664
2010-06-24,27.732925415039062
2010-06-25,28.06028938293457
2010-06-28,27.86814308166504
2010-06-29,26.73662567138672
2010-06-30,26.558713912963867
2010-07-01,26.7508544921875
2010-07-02,26.864723205566406
2010-07-06,27.36286735534668
2010-07-07,27.9677791595459
2010-07-08,28.102998733520508
2010-07-09,28.44458770751953
2010-07-12,28.21685218811035
2010-07-13,28.544218063354492
2010-07-14,28.48727798461914
2010-07-15,28.35206413269043
2010-07-16,27.505205154418945
2010-07-19,27.86814308166504
2010-07-20,28.522865295410156
2010-07-21,28.231088638305664
2010-07-22,29.085058212280273
2010-07-23,29.284320831298828
2010-07-26,29.48358726501465
2010-07-27,29.433780670166016
2010-07-28,29.270099639892578
2010-07-29,29.319900512695312
2010-07-30,29.462242126464844
2010-08-02,30.223703384399414
2010-08-03,30.081371307373047
2010-08-04,30.12407875061035
2010-08-05,29.988859176635742
2010-08-06,29.946157455444336
2010-08-09,30.102718353271484
2010-08-10,29.689964294433594
2010-08-11,28.743478775024414
2010-08-12,28.793285369873047
2010-08-13,28.949861526489258
2010-08-16,29.22027587890625
2010-08-17,29.526281356811523
2010-08-18,29.50493621826172
2010-08-19,29.27720832824707
2010-08-20,29.191818237304688
2010-08-23,28.928508758544922
2010-08-24,28.55844497680664
2010-08-25,28.3734130859375
2010-08-26,28.19550323486328
2010-08-27,28.81464958190918
2010-08-30,28.337839126586914
2010-08-31,28.508630752563477
2010-09-01,29.51205062866211
2010-09-02,29.561870574951172
2010-09-03,29.910572052001953
2010-09-07,29.476476669311523
2010-09-08,29.796701431274414
2010-09-09,29.967512130737305
2010-09-10,30.07425308227539
2010-09-13,30.79302215576172
2010-09-14,30.778783798217773
2010-09-15,30.821483612060547
2010-09-16,30.664920806884766
2010-09-17,30.615114212036133
2010-09-20,31.09902000427246
2010-09-21,31.006519317626953
2010-09-22,31.027862548828125
2010-09-23,30.828601837158203
2010-09-24,31.397932052612305
2010-09-27,31.340988159179688
2010-09-28,31.56871223449707
2010-09-29,31.67547035217285
2010-09-30,31.86048698425293
2010-10-01,32.330177307128906
2010-10-04,32.23056411743164
2010-10-05,32.814109802246094
2010-10-06,32.799861907958984
2010-10-07,32.508087158203125
2010-10-08,32.899505615234375
2010-10-11,32.87814712524414
2010-10-12,32.74293899536133
2010-10-13,33.347835540771484
2010-10-14,33.29090118408203
2010-10-15,33.24820327758789
2010-10-18,33.26243209838867
2010-10-19,32.209205627441406
2010-10-20,32.72158432006836
2010-10-21,32.72158432006836
2010-10-22,32.75716781616211
2010-10-25,33.112998962402344
2010-10-26,33.084529876708984
2010-10-27,32.5223274230957
2010-10-28,32.72870635986328
2010-10-29,32.82122039794922
2010-11-01,33.18416213989258
2010-11-02,33.59691619873047
2010-11-03,33.80329513549805
2010-11-04,34.57187271118164
2010-11-05,34.50783157348633
2010-11-08,34.3654899597168
2010-11-09,33.931396484375
2010-11-10,34.18047332763672
2010-11-11,33.84599304199219
2010-11-12,33.02759552001953
2010-11-15,33.01335906982422
2010-11-16,32.1451530456543
2010-11-17,32.3088264465332
2010-11-18,33.077415466308594
2010-11-19,33.0987548828125
2010-11-22,32.99913024902344
2010-11-23,31.953004837036133
2010-11-24,32.693119049072266
2010-11-26,31.881845474243164
2010-11-29,32.13091278076172
2010-11-30,31.867612838745117
2010-12-01,32.77851867675781
2010-12-02,33.426124572753906
2010-12-03,33.547096252441406
2010-12-06,33.49016571044922
2010-12-07,33.3336067199707
2010-12-08,33.1201171875
2010-12-09,33.00624465942383
2010-12-10,33.15570068359375
2010-12-13,33.36919021606445
2010-12-14,33.419002532958984
2010-12-15,32.87814712524414
2010-12-16,32.97067642211914
2010-12-17,33.02048110961914
2010-12-20,32.871028900146484
2010-12-21,33.350852966308594
2010-12-22,33.46562576293945
2010-12-23,33.42974853515625
2010-12-27,33.322174072265625
2010-12-28,33.350852966308594
2010-12-29,33.77783203125
2010-12-30,33.9500617980957
2010-12-31,34.18687057495117
2011-01-03,34.516971588134766
2011-01-04,34.67484664916992
2011-01-05,34.58872985839844
2011-01-06,34.222755432128906
2011-01-07,33.90700149536133
2011-01-10,33.555381774902344
2011-01-11,33.9141845703125
2011-01-12,34.595916748046875
2011-01-13,34.29450225830078
2011-01-14,34.39497756958008
2011-01-18,34.34474182128906
2011-01-19,34.07924270629883
2011-01-20,33.70608139038086
2011-01-21,33.35444641113281
2011-01-24,33.61277770996094
2011-01-25,33.411861419677734
2011-01-26,33.70608139038086
2011-01-27,33.59125518798828
2011-01-28,32.529212951660156
2011-01-31,32.8736457824707
2011-02-01,33.670188903808594
2011-02-02,33.41903305053711
2011-02-03,33.3759651184082
2011-02-04,33.36878967285156
2011-02-07,33.411861419677734
2011-02-08,33.42621612548828
2011-02-09,32.65836715698242
2011-02-10,32.34979248046875
2011-02-11,32.744476318359375
2011-02-14,32.57941818237305
2011-02-15,32.644012451171875
2011-02-16,32.91671371459961
2011-02-17,33.03151321411133
2011-02-18,33.232452392578125
2011-02-22,32.17039108276367
2011-02-23,32.199092864990234
2011-02-24,32.27804183959961
2011-02-25,32.66554641723633
2011-02-28,32.85929489135742
2011-03-01,32.52202224731445
2011-03-02,32.9669303894043
2011-03-03,33.619964599609375
2011-03-04,33.65584182739258
2011-03-07,33.182212829589844
2011-03-08,33.62712860107422
2011-03-09,33.69172286987305
2011-03-10,32.694244384765625
2011-03-11,33.03151321411133
2011-03-14,33.22526931762695
2011-03-15,32.67271041870117
2011-03-16,32.00533676147461
2011-03-17,32.400020599365234
2011-03-18,32.45743942260742
2011-03-21,33.08175277709961
2011-03-22,33.182212829589844
2011-03-23,33.619964599609375
2011-03-24,34.00746536254883
2011-03-25,33.97158432006836
2011-03-28,33.79935836791992
2011-03-29,34.18687057495117
2011-03-30,34.62461471557617
2011-03-31,34.92601013183594
2011-04-01,35.48574447631836
2011-04-04,35.787132263183594
2011-04-05,35.71537780761719
2011-04-06,35.90912628173828
2011-04-07,35.87325668334961
2011-04-08,35.90912628173828
2011-04-11,35.48574447631836
2011-04-12,34.818359375
2011-04-13,35.10541915893555
2011-04-14,35.21304702758789
2011-04-15,35.25611114501953
2011-04-18,34.37344741821289
2011-04-19,34.86859893798828
2011-04-20,35.69385528564453
2011-04-21,36.00960159301758
2011-04-25,35.71537780761719
2011-04-26,36.02394485473633
2011-04-27,35.959354400634766
2011-04-28,35.66514587402344
2011-04-29,35.88043975830078
2011-05-02,35.887603759765625
2011-05-03,35.0910530090332
2011-05-04,34.50979232788086
2011-05-05,34.179691314697266
2011-05-06,34.62461471557617
2011-05-09,34.68919372558594
2011-05-10,35.09823989868164
2011-05-11,34.32322311401367
2011-05-12,34.423683166503906
2011-05-13,33.670188903808594
2011-05-16,33.619964599609375
2011-05-17,33.72760009765625
2011-05-18,34.27298355102539
2011-05-19,34.05052947998047
2011-05-20,33.77783203125
2011-05-23,33.07456588745117
2011-05-24,33.4046745300293
2011-05-25,33.47643280029297
2011-05-26,33.90700149536133
2011-05-27,34.26579284667969
2011-05-31,34.82554244995117
2011-06-01,34.20121765136719
2011-06-02,34.52414321899414
2011-06-03,34.351924896240234
2011-06-06,33.79935836791992
2011-06-07,34.06487274169922
2011-06-08,33.82089614868164
2011-06-09,34.08641052246094
2011-06-10,33.347267150878906
2011-06-13,33.289859771728516
2011-06-14,33.79218673706055
2011-06-15,33.06739807128906
2011-06-16,32.81623458862305
2011-06-17,32.85929489135742
2011-06-20,32.809059143066406
2011-06-21,33.411861419677734
2011-06-22,33.07917785644531
2011-06-23,33.03569412231445
2011-06-24,32.97771072387695
2011-06-27,33.36183547973633
2011-06-28,33.81845474243164
2011-06-29,34.130123138427734
2011-06-30,34.49974822998047
2011-07-01,34.905643463134766
2011-07-05,34.891143798828125
2011-07-06,34.65920639038086
2011-07-07,35.13756561279297
2011-07-08,34.73894119262695
2011-07-11,33.767730712890625
2011-07-12,33.42707443237305
2011-07-13,33.97065734863281
2011-07-14,33.6082763671875
2011-07-15,33.81845474243164
2011-07-18,33.42707443237305
2011-07-19,33.912681579589844
2011-07-20,34.0141487121582
2011-07-21,34.557743072509766
2011-07-22,34.53599548339844
2011-07-25,34.46350860595703
2011-07-26,34.57948303222656
2011-07-27,33.97065734863281
2011-07-28,33.999664306640625
2011-07-29,34.14461135864258
2011-08-01,34.11562728881836
2011-08-02,33.0646858215332
2011-08-03,32.94872283935547
2011-08-04,31.064271926879883
2011-08-05,30.861343383789062
2011-08-08,28.28835678100586
2011-08-09,29.948108673095703
2011-08-10,28.360830307006836
2011-08-11,29.926362991333008
2011-08-12,29.911874771118164
2011-08-15,30.6076602935791
2011-08-16,30.346731185913086
2011-08-17,30.564163208007812
2011-08-18,29.121849060058594
2011-08-19,28.759462356567383
2011-08-22,28.730453491210938
2011-08-23,29.737911224365234
2011-08-24,29.44800567626953
2011-08-25,28.875431060791016
2011-08-26,29.3682804107666
2011-08-29,30.317750930786133
2011-08-30,30.361234664916992
2011-08-31,30.984554290771484
2011-09-01,30.817852020263672
2011-09-02,30.122060775756836
2011-09-06,29.81039810180664
2011-09-07,30.694625854492188
2011-09-08,30.013338088989258
2011-09-09,28.998647689819336
2011-09-12,28.940654754638672
2011-09-13,28.984146118164062
2011-09-14,28.904420852661133
2011-09-15,29.324792861938477
2011-09-16,29.375518798828125
2011-09-19,28.505788803100586
2011-09-20,28.295595169067383
2011-09-21,27.244657516479492
2011-09-22,25.33123016357422
2011-09-23,26.005277633666992
2011-09-26,26.396663665771484
2011-09-27,27.23741340637207
2011-09-28,26.41840934753418
2011-09-29,26.78079605102539
2011-09-30,25.439945220947266
2011-10-03,24.903602600097656
2011-10-04,25.287742614746094
2011-10-05,25.874820709228516
2011-10-06,26.730060577392578
2011-10-07,26.411155700683594
2011-10-10,27.592552185058594
2011-10-11,27.607051849365234
2011-10-12,28.382570266723633
2011-10-13,28.128902435302734
2011-10-14,28.69422721862793
2011-10-17,27.723024368286133
2011-10-18,28.462310791015625
2011-10-19,27.91871452331543
2011-10-20,27.382373809814453
2011-10-21,28.16514778137207
2011-10-24,29.26681137084961
2011-10-25,28.68698501586914
2011-10-26,29.21607208251953
2011-10-27,30.991796493530273
2011-10-28,30.73088264465332
2011-10-31,29.57847023010254
2011-11-01,28.860933303833008
2011-11-02,29.745174407958984
2011-11-03,30.049579620361328
2011-11-04,29.853879928588867
2011-11-07,30.107563018798828
2011-11-08,30.462697982788086
2011-11-09,28.679737091064453
2011-11-10,28.868181228637695
2011-11-11,29.563976287841797
2011-11-14,29.15809440612793
2011-11-15,29.339290618896484
2011-11-16,28.549278259277344
2011-11-17,27.824485778808594
2011-11-18,27.933208465576172
2011-11-21,27.034473419189453
2011-11-22,27.128698348999023
2011-11-23,26.251705169677734
2011-11-25,26.164730072021484
2011-11-28,27.418611526489258
2011-11-29,27.295392990112305
2011-11-30,28.998647689819336
2011-12-01,28.911666870117188
2011-12-02,28.824689865112305
2011-12-05,29.295795440673828
2011-12-06,28.89716339111328
2011-12-07,29.013132095336914
2011-12-08,27.969446182250977
2011-12-09,28.534770965576172
2011-12-12,27.46209144592285
2011-12-13,27.208415985107422
2011-12-14,26.817028045654297
2011-12-15,26.99099349975586
2011-12-16,27.193927764892578
2011-12-19,26.490882873535156
2011-12-20,27.600923538208008
2011-12-21,27.688735961914062
2011-12-22,28.05458641052246
2011-12-23,28.16435432434082
2011-12-27,27.893611907958984
2011-12-28,27.425304412841797
2011-12-29,27.739952087402344
2011-12-30,27.761899948120117
2012-01-03,28.610700607299805
2012-01-04,28.449731826782227
2012-01-05,28.325334548950195
2012-01-06,27.966785430908203
2012-01-09,28.259469985961914
2012-01-10,28.87413215637207
2012-01-11,28.896089553833008
2012-01-12,29.013158798217773
2012-01-13,28.749732971191406
2012-01-17,29.298545837402344
2012-01-18,30.037588119506836
2012-01-19,30.301006317138672
2012-01-20,30.279056549072266
2012-01-23,30.571744918823242
2012-01-24,30.61565589904785
2012-01-25,30.95956802368164
2012-01-26,30.835166931152344
2012-01-27,30.99616241455078
2012-01-30,30.54979705810547
2012-01-31,30.8132266998291
2012-02-01,31.49373435974121
2012-02-02,31.58153533935547
2012-02-03,32.108394622802734
2012-02-06,31.837642669677734
2012-02-07,31.903499603271484
2012-02-08,32.130340576171875
2012-02-09,32.115699768066406
2012-02-10,31.405925750732422
2012-02-13,31.918136596679688
2012-02-14,31.65471649169922
2012-02-15,31.742517471313477
2012-02-16,32.086429595947266
2012-02-17,32.14497375488281
2012-02-21,32.01325988769531
2012-02-22,32.071807861328125
2012-02-23,32.01325988769531
2012-02-24,32.33522415161133
2012-02-27,32.01325988769531
2012-02-28,32.45961380004883
2012-02-29,32.43767547607422
2012-03-01,32.7449951171875
2012-03-02,32.66450119018555
2012-03-05,32.101070404052734
2012-03-06,31.025421142578125
2012-03-07,31.398611068725586
2012-03-08,32.05716323852539
2012-03-09,32.04253005981445
2012-03-12,31.69129753112793
2012-03-13,32.55473327636719
2012-03-14,32.04253005981445
2012-03-15,32.29863739013672
2012-03-16,32.26205825805664
2012-03-19,32.13764953613281
2012-03-20,31.58153533935547
2012-03-21,31.64008331298828
2012-03-22,31.157146453857422
2012-03-23,31.39129638671875
2012-03-26,31.940099716186523
2012-03-27,31.77178955078125
2012-03-28,31.237642288208008
2012-03-29,31.201045989990234
2012-03-30,31.427875518798828
2012-04-02,31.85959243774414
2012-04-03,31.676668167114258
2012-04-04,31.105918884277344
2012-04-05,31.274211883544922
2012-04-09,30.8132266998291
2012-04-10,30.213207244873047
2012-04-11,30.54248046875
2012-04-12,31.325439453125
2012-04-13,30.849811553955078
2012-04-16,30.696144104003906
2012-04-17,31.047378540039062
2012-04-18,30.901029586791992
2012-04-19,30.762014389038086
2012-04-20,30.97420310974121
2012-04-23,30.381507873535156
2012-04-24,30.447364807128906
2012-04-25,30.725412368774414
2012-04-26,30.91566276550293
2012-04-27,30.95956802368164
2012-04-30,30.893714904785156
2012-05-01,31.098604202270508
2012-05-02,31.040063858032227
2012-05-03,30.805898666381836
2012-05-04,30.26443099975586
2012-05-07,30.374183654785156
2012-05-08,29.891231536865234
2012-05-09,29.503429412841797
2012-05-10,29.627817153930664
2012-05-11,29.247318267822266
2012-05-14,28.581443786621094
2012-05-15,28.332653045654297
2012-05-16,27.930206298828125
2012-05-17,27.549701690673828
2012-05-18,27.286285400390625
2012-05-21,27.93751335144043
2012-05-22,27.644826889038086
2012-05-23,27.454580307006836
2012-05-24,27.3155460357666
2012-05-25,27.183839797973633
2012-05-29,27.952159881591797
2012-05-30,27.469202041625977
2012-05-31,27.586288452148438
2012-06-01,26.84723472595215
2012-06-04,26.964319229125977
2012-06-05,27.037487030029297
2012-06-06,27.827754974365234
2012-06-07,27.99605369567871
2012-06-08,27.754581451416016
2012-06-11,27.352140426635742
2012-06-12,27.92287826538086
2012-06-13,27.8204402923584
2012-06-14,28.018003463745117
2012-06-15,28.53022003173828
2012-06-18,28.588762283325195
2012-06-19,29.04975128173828
2012-06-20,28.95462989807129
2012-06-21,27.89423942565918
2012-06-22,27.98310661315918
2012-06-25,27.46476173400879
2012-06-26,27.70171356201172
2012-06-27,27.879440307617188
2012-06-28,27.746150970458984
2012-06-29,28.975358963012695
2012-07-02,28.975358963012695
2012-07-03,29.55293083190918
2012-07-05,29.241941452026367
2012-07-06,28.708784103393555
2012-07-09,28.60511589050293
2012-07-10,28.286706924438477
2012-07-11,28.434804916381836
2012-07-12,27.96088981628418
2012-07-13,28.501445770263672
2012-07-16,28.434804916381836
2012-07-17,28.81245231628418
2012-07-18,28.738405227661133
2012-07-19,29.00497817993164
2012-07-20,28.575490951538086
2012-07-23,27.827600479125977
2012-07-24,27.709115982055664
2012-07-25,27.8424129486084
2012-07-26,28.471830368041992
2012-07-27,29.27155113220215
2012-07-30,29.101245880126953
2012-07-31,28.96794891357422
2012-08-01,29.01978874206543
2012-08-02,28.67916488647461
2012-08-03,29.56775665283203
2012-08-06,29.752864837646484
2012-08-07,29.83432960510254
2012-08-08,29.893573760986328
2012-08-09,30.019453048706055
2012-08-10,30.160140991210938
2012-08-13,29.893573760986328
2012-08-14,29.886159896850586
2012-08-15,29.84173011779785
2012-08-16,30.11570930480957
2012-08-17,29.96761703491211
2012-08-20,29.952802658081055
2012-08-21,29.908376693725586
2012-08-22,29.92318344116211
2012-08-23,29.649211883544922
2012-08-24,29.65660858154297
2012-08-27,29.353002548217773
2012-08-28,29.29376792907715
2012-08-29,29.1530704498291
2012-08-30,28.81245231628418
2012-08-31,29.086437225341797
2012-09-04,28.92352867126465
2012-09-05,28.775426864624023
2012-09-06,29.412246704101562
2012-09-07,30.093505859375
2012-09-10,29.70844268798828
2012-09-11,30.063879013061523
2012-09-12,30.19716453552246
2012-09-13,31.011703491210938
2012-09-14,31.37455177307129
2012-09-17,31.03392219543457
2012-09-18,31.04872703552246
2012-09-19,31.04872703552246
2012-09-20,30.863611221313477
2012-09-21,30.937658309936523
2012-09-24,30.90803337097168
2012-09-25,30.44892692565918
2012-09-26,30.308242797851562
2012-09-27,30.789562225341797
2012-09-28,30.604434967041016
2012-10-01,30.90803337097168
2012-10-02,30.952463150024414
2012-10-03,30.745128631591797
2012-10-04,31.063541412353516
2012-10-05,31.063541412353516
2012-10-08,30.789562225341797
2012-10-09,30.560009002685547
2012-10-10,30.374879837036133
2012-10-11,30.656272888183594
2012-10-12,30.560009002685547
2012-10-15,30.737720489501953
2012-10-16,31.05613899230957
2012-10-17,31.30049705505371
2012-10-18,31.211658477783203
2012-10-19,30.730331420898438
2012-10-22,31.026521682739258
2012-10-23,30.38970184326172
2012-10-24,30.419315338134766
2012-10-25,30.752531051635742
2012-10-26,30.515581130981445
2012-10-31,30.471145629882812
2012-11-01,30.96727180480957
2012-11-02,30.804367065429688
2012-11-05,30.952463150024414
2012-11-06,31.19683265686035
2012-11-07,30.685894012451172
2012-11-08,30.300830841064453
2012-11-09,30.360071182250977
2012-11-12,30.471145629882812
2012-11-13,30.19716453552246
2012-11-14,29.73065185546875
2012-11-15,29.83432960510254
2012-11-16,29.92318344116211
2012-11-19,30.44892692565918
2012-11-20,30.38970184326172
2012-11-21,30.330453872680664
2012-11-23,30.826583862304688
2012-11-26,30.826583862304688
2012-11-27,30.567411422729492
2012-11-28,30.737720489501953
2012-11-29,30.959875106811523
2012-11-30,30.945070266723633
2012-12-03,30.930253982543945
2012-12-04,31.01910972595215
2012-12-05,31.352325439453125
2012-12-06,31.589284896850586
2012-12-07,31.685546875
2012-12-10,31.863262176513672
2012-12-11,32.02617263793945
2012-12-12,32.122432708740234
2012-12-13,31.98175048828125
2012-12-14,32.122432708740234
2012-12-17,32.20389175415039
2012-12-18,32.428871154785156
2012-12-19,32.413978576660156
2012-12-20,32.6076774597168
2012-12-21,32.23518753051758
2012-12-24,32.16814041137695
2012-12-26,32.264991760253906
2012-12-27,32.446815490722656
2012-12-28,32.56605911254883
2012-12-31,33.050437927246094
2013-01-02,33.69878387451172
2013-01-03,33.4603157043457
2013-01-04,33.52738571166992
2013-01-07,33.274009704589844
2013-01-08,32.975914001464844
2013-01-09,33.11750793457031
2013-01-10,33.408145904541016
2013-01-11,33.13987350463867
2013-01-14,33.281463623046875
2013-01-15,33.13987350463867
2013-01-16,33.11006546020508
2013-01-17,33.296363830566406
2013-01-18,33.37087631225586
2013-01-22,33.318721771240234
2013-01-23,33.13987350463867
2013-01-24,33.020633697509766
2013-01-25,32.90885543823242
2013-01-28,32.67782211303711
2013-01-29,33.04298400878906
2013-01-30,32.88650131225586
2013-01-31,32.95357131958008
2013-02-01,33.169673919677734
2013-02-04,32.72998809814453
2013-02-05,32.767250061035156
2013-02-06,32.72998809814453
2013-02-07,32.439361572265625
2013-02-08,32.67782211303711
2013-02-11,32.66292190551758
2013-02-12,32.75234603881836
2013-02-13,32.91629409790039
2013-02-14,32.901397705078125
2013-02-15,32.78216552734375
2013-02-19,32.84922790527344
2013-02-20,32.5586051940918
2013-02-21,32.11145782470703
2013-02-22,32.2530632019043
2013-02-25,31.820825576782227
2013-02-26,31.999671936035156
2013-02-27,32.349937438964844
2013-02-28,32.20089340209961
2013-03-01,32.27540588378906
2013-03-04,31.969873428344727
2013-03-05,32.35738754272461
2013-03-06,32.51388931274414
2013-03-07,32.60331344604492
2013-03-08,32.88650131225586
2013-03-11,32.7076416015625
2013-03-12,32.33503723144531
2013-03-13,32.02949142456055
2013-03-14,32.163639068603516
2013-03-15,31.872995376586914
2013-03-18,31.515291213989258
2013-03-19,31.291732788085938
2013-03-20,31.470577239990234
2013-03-21,31.150135040283203
2013-03-22,31.269367218017578
2013-03-25,31.239566802978516
2013-03-26,31.686697006225586
2013-03-27,31.805925369262695
2013-03-28,31.872995376586914
2013-04-01,31.530197143554688
2013-04-02,31.54509735107422
2013-04-03,31.172494888305664
2013-04-04,31.08306312561035
2013-04-05,31.008544921875
2013-04-08,31.060707092285156
2013-04-09,31.36624526977539
2013-04-10,31.66433334350586
2013-04-11,31.694137573242188
2013-04-12,31.209753036499023
2013-04-15,30.449634552001953
2013-04-16,31.075618743896484
2013-04-17,30.583768844604492
2013-04-18,30.583768844604492
2013-04-19,31.030902862548828
2013-04-22,31.179941177368164
2013-04-23,31.32898712158203
2013-04-24,31.515291213989258
2013-04-25,31.798477172851562
2013-04-26,31.47803497314453
2013-04-29,31.805925369262695
2013-04-30,32.2605094909668
2013-05-01,31.910247802734375
2013-05-02,32.163639068603516
2013-05-03,32.43191146850586
2013-05-06,32.47662353515625
2013-05-07,32.7076416015625
2013-05-08,32.96100997924805
2013-05-09,32.7225341796875
2013-05-10,32.46917724609375
2013-05-13,32.171085357666016
2013-05-14,32.32011795043945
2013-05-15,32.32757568359375
2013-05-16,32.21579360961914
2013-05-17,32.35738754272461
2013-05-20,32.439361572265625
2013-05-21,32.37229919433594
2013-05-22,32.014583587646484
2013-05-23,31.77611541748047
2013-05-24,31.500389099121094
2013-05-28,31.671785354614258
2013-05-29,31.269367218017578
2013-05-30,31.269367218017578
2013-05-31,30.703004837036133
2013-06-03,31.157581329345703
2013-06-04,30.77753257751465
2013-06-05,30.226070404052734
2013-06-06,30.479440689086914
2013-06-07,30.32295036315918
2013-06-10,29.91307258605957
2013-06-11,29.34670066833496
2013-06-12,29.145488739013672
2013-06-13,29.7640323638916
2013-06-14,29.294546127319336
2013-06-17,29.56281852722168
2013-06-18,29.689502716064453
2013-06-19,28.772890090942383
2013-06-20,27.483659744262695
2013-06-21,27.878631591796875
2013-06-24,27.312259674072266
2013-06-25,27.893529891967773
2013-06-26,28.33321762084961
2013-06-27,28.9017333984375
2013-06-28,29.067829132080078
2013-07-01,29.158424377441406
2013-07-02,28.637475967407227
2013-07-03,28.373228073120117
2013-07-05,28.192028045654297
2013-07-08,28.229768753051758
2013-07-09,28.5997257232666
2013-07-10,28.32792854309082
2013-07-11,29.717138290405273
2013-07-12,29.40003204345703
2013-07-15,29.702043533325195
2013-07-16,29.822843551635742
2013-07-17,30.094646453857422
2013-07-18,29.73978042602539
2013-07-19,29.656740188598633
2013-07-22,29.951190948486328
2013-07-23,30.275836944580078
2013-07-24,29.96628761291504
2013-07-25,30.139938354492188
2013-07-26,30.072002410888672
2013-07-29,29.694496154785156
2013-07-30,29.626537322998047
2013-07-31,29.452882766723633
2013-08-01,29.98893928527832
2013-08-02,29.981393814086914
2013-08-05,29.79264259338379
2013-08-06,29.415142059326172
2013-08-07,29.09803581237793
2013-08-08,29.656740188598633
2013-08-09,29.717138290405273
2013-08-12,29.996488571166992
2013-08-13,30.177698135375977
2013-08-14,30.275836944580078
2013-08-15,29.92853355407715
2013-08-16,29.671838760375977
2013-08-19,29.11313247680664
2013-08-20,29.06028175354004
2013-08-21,28.380775451660156
2013-08-22,28.841331481933594
2013-08-23,29.18108558654785
2013-08-26,28.86397933959961
2013-08-27,28.199569702148438
2013-08-28,28.259971618652344
2013-08-29,28.486480712890625
2013-08-30,28.705434799194336
2013-09-03,28.886625289916992
2013-09-04,29.40003204345703
2013-09-05,29.74734878540039
2013-09-06,30.185243606567383
2013-09-09,30.977998733520508
2013-09-10,31.21204948425293
2013-09-11,31.23470115661621
2013-09-12,30.8723087310791
2013-09-13,31.07615089416504
2013-09-16,31.42345428466797
2013-09-17,31.355506896972656
2013-09-18,32.669227600097656
2013-09-19,32.495574951171875
2013-09-20,31.770755767822266
2013-09-23,31.88401222229004
2013-09-24,31.612213134765625
2013-09-25,31.370607376098633
2013-09-26,31.498966217041016
2013-09-27,31.129005432128906
2013-09-30,30.774154663085938
2013-10-01,31.385709762573242
2013-10-02,31.50650978088379
2013-10-03,31.385709762573242
2013-10-04,31.79340171813965
2013-10-07,31.5216064453125
2013-10-08,31.219606399536133
2013-10-09,31.45365333557129
2013-10-10,32.19356918334961
2013-10-11,32.337032318115234
2013-10-14,32.525779724121094
2013-10-15,32.20866775512695
2013-10-16,32.46537399291992
2013-10-17,32.669227600097656
2013-10-18,32.69942092895508
2013-10-21,32.64657974243164
2013-10-22,32.96366500854492
2013-10-23,32.19356918334961
2013-10-24,32.1256103515625
2013-10-25,32.27663040161133
2013-10-28,32.46537399291992
2013-10-29,32.571067810058594
2013-10-30,32.38986587524414
2013-10-31,32.05766677856445
2013-11-01,32.07276916503906
2013-11-04,32.26906967163086
2013-11-05,31.619766235351562
2013-11-06,31.717910766601562
2013-11-07,31.144107818603516
2013-11-08,31.07615089416504
2013-11-11,30.91759490966797
2013-11-12,30.751502990722656
2013-11-13,30.804349899291992
2013-11-14,31.30265998840332
2013-11-15,31.899110794067383
2013-11-18,32.1860237121582
2013-11-19,31.989713668823242
2013-11-20,31.551820755004883
2013-11-21,31.5216064453125
2013-11-22,31.748117446899414
2013-11-25,31.340408325195312
2013-11-26,31.446107864379883
2013-11-27,31.649965286254883
2013-11-29,31.9746150970459
2013-12-02,31.30265998840332
2013-12-03,31.19695472717285
2013-12-04,31.159208297729492
2013-12-05,30.977998733520508
2013-12-06,31.66506576538086
2013-12-09,31.710372924804688
2013-12-10,31.725460052490234
2013-12-11,31.023305892944336
2013-12-12,30.84210205078125
2013-12-13,30.91759490966797
2013-12-16,31.1214599609375
2013-12-17,30.849653244018555
2013-12-18,31.463685989379883
2013-12-19,30.88469696044922
2013-12-20,30.838985443115234
2013-12-23,31.067533493041992
2013-12-24,31.25037956237793
2013-12-26,30.983732223510742
2013-12-27,31.463685989379883
2013-12-30,31.600820541381836
2013-12-31,31.8446102142334
2014-01-02,30.618051528930664
2014-01-03,30.56471824645996
2014-01-06,30.275230407714844
2014-01-07,30.404741287231445
2014-01-08,30.305706024169922
2014-01-09,30.145715713500977
2014-01-10,30.679000854492188
2014-01-13,30.313322067260742
2014-01-14,30.640913009643555
2014-01-15,30.63328742980957
2014-01-16,30.465688705444336
2014-01-17,30.313322067260742
2014-01-21,30.26760482788086
2014-01-22,30.671377182006836
2014-01-23,29.917165756225586
2014-01-24,29.13248062133789
2014-01-27,29.018199920654297
2014-01-28,29.2010498046875
2014-01-29,28.782033920288086
2014-01-30,29.04867935180664
2014-01-31,29.094388961791992
2014-02-03,28.2716121673584
2014-02-04,28.84298324584961
2014-02-05,28.736328125
2014-02-06,29.338171005249023
2014-02-07,29.505781173706055
2014-02-10,29.17818832397461
2014-02-11,29.81052017211914
2014-02-12,29.81812858581543
2014-02-13,29.848602294921875
2014-02-14,30.214277267456055
2014-02-18,29.932415008544922
2014-02-19,29.726707458496094
2014-02-20,29.833362579345703
2014-02-21,30.039060592651367
2014-02-24,30.039060592651367
2014-02-25,29.69623374938965
2014-02-26,29.71908950805664
2014-02-27,30.2828426361084
2014-02-28,30.0771541595459
2014-03-03,29.543872833251953
2014-03-04,30.046680450439453
2014-03-05,30.069536209106445
2014-03-06,30.496164321899414
2014-03-07,30.107627868652344
2014-03-10,29.901927947998047
2014-03-11,29.566722869873047
2014-03-12,29.62767791748047
2014-03-13,29.094388961791992
2014-03-14,29.254375457763672
2014-03-17,29.61243438720703
2014-03-18,30.023815155029297
2014-03-19,29.383878707885742
2014-03-20,29.513399124145508
2014-03-21,29.69623374938965
2014-03-24,29.985729217529297
2014-03-25,30.328554153442383
2014-03-26,30.397125244140625
2014-03-27,30.793275833129883
2014-03-28,31.037071228027344
2014-03-31,31.242759704589844
2014-04-01,31.608436584472656
2014-04-02,31.66938018798828
2014-04-03,31.54749298095703
2014-04-04,31.463685989379883
2014-04-07,31.600820541381836
2014-04-08,31.96649742126465
2014-04-09,32.21028137207031
2014-04-10,31.867462158203125
2014-04-11,31.867462158203125
2014-04-14,31.79889678955078
2014-04-15,31.318950653076172
2014-04-16,31.7150936126709
2014-04-17,32.00459289550781
2014-04-21,31.806507110595703
2014-04-22,31.722719192504883
2014-04-23,31.49415397644043
2014-04-24,31.524629592895508
2014-04-25,31.09800910949707
2014-04-28,31.25037956237793
2014-04-29,31.54749298095703
2014-04-30,31.486547470092773
2014-05-01,31.524629592895508
2014-05-02,31.699861526489258
2014-05-05,31.524629592895508
2014-05-06,31.66938018798828
2014-05-07,31.83698844909668
2014-05-08,31.760801315307617
2014-05-09,31.70747184753418
2014-05-12,32.240753173828125
2014-05-13,32.36264419555664
2014-05-14,32.59119415283203
2014-05-15,32.286460876464844
2014-05-16,32.71308898925781
2014-05-19,32.71308898925781
2014-05-20,32.44646072387695
2014-05-21,32.69784927368164
2014-05-22,32.926414489746094
2014-05-23,32.86545181274414
2014-05-27,32.58358383178711
2014-05-28,32.7740364074707
2014-05-29,32.86545181274414
2014-05-30,32.415977478027344
2014-06-02,32.515010833740234
2014-06-03,32.69784927368164
2014-06-04,32.515010833740234
2014-06-05,32.857845306396484
2014-06-06,33.18543243408203
2014-06-09,33.30731964111328
2014-06-10,33.4825439453125
2014-06-11,33.36827087402344
2014-06-12,33.20828628540039
2014-06-13,33.22352600097656
2014-06-16,33.07114791870117
2014-06-17,33.078773498535156
2014-06-18,33.4444580078125
2014-06-19,33.253997802734375
2014-06-20,33.18543243408203
2014-06-23,33.11686325073242
2014-06-24,33.10163879394531
2014-06-25,33.1715087890625
2014-06-26,33.209896087646484
2014-06-27,33.286678314208984
2014-06-30,33.19453430175781
2014-07-01,33.50936508178711
2014-07-02,33.709007263183594
2014-07-03,33.90864944458008
2014-07-07,33.8856086730957
2014-07-08,33.7320442199707
2014-07-09,33.92399978637695
2014-07-10,33.739715576171875
2014-07-11,33.701324462890625
2014-07-14,33.96240234375
2014-07-15,33.939369201660156
2014-07-16,34.02382278442383
2014-07-17,33.386505126953125
2014-07-18,33.90864944458008
2014-07-21,34.02382278442383
2014-07-22,34.33864212036133
2014-07-23,34.36935806274414
2014-07-24,34.52293014526367
2014-07-25,34.38471984863281
2014-07-28,34.62276077270508
2014-07-29,34.415435791015625
2014-07-30,34.24650192260742
2014-07-31,33.6475715637207
2014-08-01,33.83186340332031
2014-08-04,34.14669418334961
2014-08-05,33.62453842163086
2014-08-06,33.394187927246094
2014-08-07,33.263648986816406
2014-08-08,33.5631103515625
2014-08-11,33.99311828613281
2014-08-12,34.031494140625
2014-08-13,34.21579360961914
2014-08-14,34.2695426940918
2014-08-15,34.177398681640625
2014-08-18,34.50757598876953
2014-08-19,34.668827056884766
2014-08-20,34.5997200012207
2014-08-21,34.453834533691406
2014-08-22,34.361690521240234
2014-08-25,34.615074157714844
2014-08-26,34.8223991394043
2014-08-27,34.99900817871094
2014-08-28,34.653465270996094
2014-08-29,34.5997200012207
2014-09-02,34.54596710205078
2014-09-03,34.99900817871094
2014-09-04,34.9068717956543
2014-09-05,35.20632553100586
2014-09-08,34.791690826416016
2014-09-09,34.361690521240234
2014-09-10,34.21579360961914
2014-09-11,33.98543167114258
2014-09-12,33.62453842163086
2014-09-15,33.45561218261719
2014-09-16,33.89329147338867
2014-09-17,33.57846450805664
2014-09-18,33.62453842163086
2014-09-19,33.37114334106445
2014-09-22,32.86436080932617
2014-09-23,32.68006896972656
2014-09-24,33.148468017578125
2014-09-25,32.42668151855469
2014-09-26,32.57257843017578
2014-09-29,31.912216186523438
2014-09-30,31.912216186523438
2014-10-01,31.25952911376953
2014-10-02,31.42847442626953
2014-10-03,31.697214126586914
2014-10-06,32.11185836791992
2014-10-07,31.827754974365234
2014-10-08,32.30382537841797
2014-10-09,31.797040939331055
2014-10-10,31.105958938598633
2014-10-13,31.420778274536133
2014-10-14,31.60506820678711
2014-10-15,31.205785751342773
2014-10-16,30.921676635742188
2014-10-17,31.267215728759766
2014-10-20,31.359359741210938
2014-10-21,31.48989486694336
2014-10-22,31.28257942199707
2014-10-23,31.2748966217041
2014-10-24,31.497575759887695
2014-10-27,31.25185775756836
2014-10-28,31.88150978088379
2014-10-29,31.92757225036621
2014-10-30,32.22703170776367
2014-10-31,32.365257263183594
2014-11-03,32.096500396728516
2014-11-04,32.12721633911133
2014-11-05,31.843114852905273
2014-11-06,31.451499938964844
2014-11-07,31.651140213012695
2014-11-10,31.735612869262695
2014-11-11,31.70489501953125
2014-11-12,31.64345932006836
2014-11-13,31.558998107910156
2014-11-14,31.820070266723633
2014-11-17,31.482213973999023
2014-11-18,31.651140213012695
2014-11-19,31.635786056518555
2014-11-20,31.58203125
2014-11-21,32.587928771972656
2014-11-24,32.319175720214844
2014-11-25,32.11185836791992
2014-11-26,32.518821716308594
2014-11-28,31.86614418029785
2014-12-01,31.320966720581055
2014-12-02,31.313282012939453
2014-12-03,31.397748947143555
2014-12-04,31.451499938964844
2014-12-05,31.390077590942383
2014-12-08,30.92936134338379
2014-12-09,30.6375732421875
2014-12-10,30.18453598022461
2014-12-11,29.931133270263672
2014-12-12,29.439708709716797
2014-12-15,29.01738929748535
2014-12-16,28.971315383911133
2014-12-17,29.63727378845215
2014-12-18,30.042301177978516
2014-12-19,30.252614974975586
2014-12-22,30.673229217529297
2014-12-23,30.392812728881836
2014-12-24,30.462915420532227
2014-12-26,30.704374313354492
2014-12-29,30.517431259155273
2014-12-30,30.579748153686523
2014-12-31,30.603126525878906
2015-01-02,30.19809341430664
2015-01-05,29.6606388092041
2015-01-06,29.536026000976562
2015-01-07,30.174718856811523
2015-01-08,30.688806533813477
2015-01-09,30.58753776550293
2015-01-12,30.338289260864258
2015-01-13,30.603126525878906
2015-01-14,30.431760787963867
2015-01-15,30.50185775756836
2015-01-16,30.7589054107666
2015-01-20,30.712162017822266
2015-01-21,31.389814376831055
2015-01-22,31.989566802978516
2015-01-23,31.748106002807617
2015-01-26,31.763683319091797
2015-01-27,31.592323303222656
2015-01-28,31.249597549438477
2015-01-29,31.249597549438477
2015-01-30,30.392812728881836
2015-02-02,30.938047409057617
2015-02-03,31.522226333618164
2015-02-04,31.366439819335938
2015-02-05,31.553382873535156
2015-02-06,31.01593780517578
2015-02-09,30.96920394897461
2015-02-10,30.89130973815918
2015-02-11,30.665433883666992
2015-02-12,31.31970977783203
2015-02-13,31.67800521850586
2015-02-17,31.6079044342041
2015-02-18,31.600120544433594
2015-02-19,31.46769905090332
2015-02-20,31.67800521850586
2015-02-23,31.358659744262695
2015-02-24,31.810420989990234
2015-02-25,31.748106002807617
2015-02-26,31.755897521972656
2015-02-27,31.732532501220703
2015-03-02,31.685802459716797
2015-03-03,31.44432830810547
2015-03-04,31.10161781311035
2015-03-05,31.05487823486328
2015-03-06,30.579748153686523
2015-03-09,30.462915420532227
2015-03-10,29.785268783569336
2015-03-11,30.01115608215332
2015-03-12,30.19809341430664
2015-03-13,29.832002639770508
2015-03-16,30.190296173095703
2015-03-17,30.540807723999023
2015-03-18,31.28855323791504
2015-03-19,30.7589054107666
2015-03-20,31.218454360961914
2015-03-23,31.311920166015625
2015-03-24,31.436538696289062
2015-03-25,30.938047409057617
2015-03-26,30.649850845336914
2015-03-27,30.735525131225586
2015-03-30,31.327499389648438
2015-03-31,31.257396697998047
2015-04-01,31.646848678588867
2015-04-02,32.121978759765625
2015-04-06,32.5348014831543
2015-04-07,32.37122344970703
2015-04-08,33.04887771606445
2015-04-09,33.37601089477539
2015-04-10,33.399391174316406
2015-04-13,33.204654693603516
2015-04-14,33.3526496887207
2015-04-15,33.58631134033203
2015-04-16,33.85114288330078
2015-04-17,33.25917434692383
2015-04-20,33.22802734375
2015-04-21,33.42274856567383
2015-04-22,33.78104782104492
2015-04-23,34.03030014038086
2015-04-24,34.1549186706543
2015-04-27,34.287330627441406
2015-04-28,34.34185028076172
2015-04-29,33.913455963134766
2015-04-30,33.399391174316406
2015-05-01,33.60189437866211
2015-05-04,33.79662322998047
2015-05-05,33.4305305480957
2015-05-06,33.01771545410156
2015-05-07,32.97099304199219
2015-05-08,33.39159393310547
2015-05-11,33.072235107421875
2015-05-12,32.963191986083984
2015-05-13,33.02552032470703
2015-05-14,33.3526496887207
2015-05-15,33.609683990478516
2015-05-18,33.2669677734375
2015-05-19,33.32149124145508
2015-05-20,33.29813003540039
2015-05-21,33.18128967285156
2015-05-22,33.29032516479492
2015-05-26,32.76068115234375
2015-05-27,32.76847457885742
2015-05-28,32.34007263183594
2015-05-29,32.02851104736328
2015-06-01,31.903884887695312
2015-06-02,32.02851104736328
2015-06-03,31.86494255065918
2015-06-04,31.38202476501465
2015-06-05,31.241823196411133
2015-06-08,31.234020233154297
2015-06-09,31.047094345092773
2015-06-10,31.498851776123047
2015-06-11,31.343080520629883
2015-06-12,31.343080520629883
2015-06-15,30.992570877075195
2015-06-16,31.0003604888916
2015-06-17,31.187294006347656
2015-06-18,31.47549057006836
2015-06-19,31.202877044677734
2015-06-22,31.654645919799805
2015-06-23,31.96619987487793
2015-06-24,31.740324020385742
2015-06-25,31.631240844726562
2015-06-26,31.33306312561035
2015-06-29,30.63467025756836
2015-06-30,31.089807510375977
2015-07-01,31.066259384155273
2015-07-02,31.21535873413086
2015-07-06,30.34433364868164
2015-07-07,29.88920783996582
2015-07-08,28.861249923706055
2015-07-09,29.41839599609375
2015-07-10,30.163854598999023
2015-07-13,30.367876052856445
2015-07-14,30.422807693481445
2015-07-15,30.07753562927246
2015-07-16,30.454195022583008
2015-07-17,30.414958953857422
2015-07-20,30.218782424926758
2015-07-21,30.226627349853516
2015-07-22,29.795047760009766
2015-07-23,29.504709243774414
2015-07-24,29.08097267150879
2015-07-27,28.531675338745117
2015-07-28,28.822019577026367
2015-07-29,29.104515075683594
2015-07-30,28.81416893005371
2015-07-31,29.128047943115234
2015-08-03,28.641542434692383
2015-08-04,28.74355125427246
2015-08-05,28.75139045715332
2015-08-06,28.50029182434082
2015-08-07,28.484603881835938
2015-08-10,28.96326446533203
2015-08-11,28.327653884887695
2015-08-12,27.888225555419922
2015-08-13,27.841144561767578
2015-08-14,27.880382537841797
2015-08-17,27.5743408203125
2015-08-18,27.27616310119629
2015-08-19,26.93874168395996
2015-08-20,26.515005111694336
2015-08-21,25.69891929626465
2015-08-24,24.576791763305664
2015-08-25,24.890676498413086
2015-08-26,25.71460723876953
2015-08-27,26.8524227142334
2015-08-28,26.507150650024414
2015-08-31,26.554237365722656
2015-09-01,25.52627944946289
2015-09-02,25.895090103149414
2015-09-03,25.99710464477539
2015-09-04,25.220245361328125
2015-09-08,26.020647048950195
2015-09-09,25.887243270874023
2015-09-10,26.154041290283203
2015-09-11,26.256046295166016
2015-09-14,26.216812133789062
2015-09-15,26.467920303344727
2015-09-16,27.11136817932129
2015-09-17,27.048601150512695
2015-09-18,26.546390533447266
2015-09-21,26.499311447143555
2015-09-22,26.004947662353516
2015-09-23,25.58905601501465
2015-09-24,25.479196548461914
2015-09-25,25.424274444580078
2015-09-28,24.882829666137695
2015-09-29,25.000532150268555
2015-09-30,25.722454071044922
2015-10-01,25.86370277404785
2015-10-02,26.554237365722656
2015-10-05,27.127065658569336
2015-10-06,27.079984664916992
2015-10-07,27.801908493041992
2015-10-08,28.100099563598633
2015-10-09,28.202102661132812
2015-10-12,27.9902400970459
2015-10-13,27.53511619567871
2015-10-14,27.746978759765625
2015-10-15,28.42182731628418
2015-10-16,28.445362091064453
2015-10-19,28.155027389526367
2015-10-20,28.14716911315918
2015-10-21,27.7391357421875
2015-10-22,28.311967849731445
2015-10-23,28.476749420166016
2015-10-26,28.217790603637695
2015-10-27,27.896074295043945
2015-10-28,27.5743408203125
2015-10-29,27.315399169921875
2015-10-30,27.362478256225586
2015-11-02,27.903921127319336
2015-11-03,28.272729873657227
2015-11-04,28.045167922973633
2015-11-05,28.09224510192871
2015-11-06,27.699901580810547
2015-11-09,27.009366989135742
2015-11-10,26.891658782958984
2015-11-11,26.946584701538086
2015-11-12,26.687641143798828
2015-11-13,26.31882667541504
2015-11-16,26.82888412475586
2015-11-17,26.750410079956055
2015-11-18,27.040754318237305
2015-11-19,27.284011840820312
2015-11-20,27.55864906311035
2015-11-23,27.299697875976562
2015-11-24,27.440946578979492
2015-11-25,27.229074478149414
2015-11-27,26.632707595825195
2015-11-30,26.671945571899414
2015-12-01,26.87596321105957
2015-12-02,26.554237365722656
2015-12-03,26.405147552490234
2015-12-04,26.585622787475586
2015-12-07,26.14619255065918
2015-12-08,25.855854034423828
2015-12-09,25.64398956298828
2015-12-10,25.471351623535156
2015-12-11,24.757278442382812
2015-12-14,25.1574764251709
2015-12-15,25.541973114013672
2015-12-16,26.04417610168457
2015-12-17,25.706762313842773
2015-12-18,25.620447158813477
2015-12-21,25.820478439331055
2015-12-22,26.027677536010742
2015-12-23,26.394262313842773
2015-12-24,26.29863166809082
2015-12-28,26.11533546447754
2015-12-29,26.139240264892578
2015-12-30,25.732812881469727
2015-12-31,25.65312385559082
2016-01-04,24.951820373535156
2016-01-05,25.00760841369629
2016-01-06,24.529451370239258
2016-01-07,23.772367477416992
2016-01-08,23.517353057861328
2016-01-11,23.509387969970703
2016-01-12,23.55719757080078
2016-01-13,23.310150146484375
2016-01-14,23.612987518310547
2016-01-15,22.680578231811523
2016-01-19,23.01528549194336
2016-01-20,22.51321792602539
2016-01-21,22.600881576538086
2016-01-22,23.373903274536133
2016-01-25,22.975435256958008
2016-01-26,23.310150146484375
2016-01-27,23.230453491210938
2016-01-28,23.597047805786133
2016-01-29,24.36209487915039
2016-02-01,24.1309871673584
2016-02-02,23.349992752075195
2016-02-03,24.011442184448242
2016-02-04,24.19474220275879
2016-02-05,23.915813446044922
2016-02-08,23.589073181152344
2016-02-09,23.26233673095703
2016-02-10,23.35796546936035
2016-02-11,22.967466354370117
2016-02-12,23.36593246459961
2016-02-16,23.883935928344727
2016-02-17,24.3541259765625
2016-02-18,24.210678100585938
2016-02-19,24.099105834960938
2016-02-22,24.69680404663086
2016-02-23,24.17083168029785
2016-02-24,24.11505126953125
2016-02-25,24.19474220275879
2016-02-26,23.955663681030273
2016-02-29,24.16286277770996
2016-03-01,25.02354621887207
2016-03-02,25.358257293701172
2016-03-03,25.645151138305664
2016-03-04,26.155181884765625
2016-03-07,26.11533546447754
2016-03-08,25.669055938720703
2016-03-09,25.828441619873047
2016-03-10,25.868289947509766
2016-03-11,26.410200119018555
2016-03-14,26.25081443786621
2016-03-15,25.876256942749023
2016-03-16,26.394262313842773
2016-03-17,26.97601890563965
2016-03-18,27.11946678161621
2016-03-21,27.175251007080078
2016-03-22,27.111495971679688
2016-03-23,26.64927864074707
2016-03-24,26.58552360534668
2016-03-28,26.673189163208008
2016-03-29,27.039772033691406
2016-03-30,27.318695068359375
2016-03-31,27.294790267944336
2016-04-01,27.215105056762695
2016-04-04,26.888357162475586
2016-04-05,26.362382888793945
2016-04-06,26.68115997314453
2016-04-07,26.147212982177734
2016-04-08,26.601463317871094
2016-04-11,26.94413948059082
2016-04-12,27.35854721069336
2016-04-13,27.84467124938965
2016-04-14,27.709197998046875
2016-04-15,27.5498046875
2016-04-18,27.67731475830078
2016-04-19,28.099687576293945
2016-04-20,27.9721736907959
2016-04-21,27.693256378173828
2016-04-22,27.525897979736328
2016-04-25,27.35057258605957
2016-04-26,27.645437240600586
2016-04-27,27.812795639038086
2016-04-28,27.525897979736328
2016-04-29,27.406360626220703
2016-05-02,27.33462905883789
2016-05-03,26.561616897583008
2016-05-04,26.131277084350586
2016-05-05,26.12330436706543
2016-05-06,26.163158416748047
2016-05-09,25.828441619873047
2016-05-10,26.322538375854492
2016-05-11,26.2587833404541
2016-05-12,26.18705940246582
2016-05-13,25.716875076293945
2016-05-16,26.027677536010742
2016-05-17,25.908138275146484
2016-05-18,25.65312385559082
2016-05-19,25.414043426513672
2016-05-20,25.669055938720703
2016-05-23,25.621240615844727
2016-05-24,25.88422966003418
2016-05-25,26.195030212402344
2016-05-26,26.370357513427734
2016-05-27,26.362382888793945
2016-05-31,26.394262313842773
2016-06-01,26.378324508666992
2016-06-02,26.593496322631836
2016-06-03,26.99992561340332
2016-06-06,27.286823272705078
2016-06-07,27.533863067626953
2016-06-08,27.73310089111328
2016-06-09,27.414337158203125
2016-06-10,26.720996856689453
2016-06-13,26.346446990966797
2016-06-14,26.2587833404541
2016-06-15,26.53771209716797
2016-06-16,26.442079544067383
2016-06-17,26.513797760009766
2016-06-20,26.983985900878906
2016-06-21,27.19118881225586
2016-06-22,27.2602596282959
2016-06-23,27.91887664794922
2016-06-24,26.224149703979492
2016-06-27,25.886810302734375
2016-06-28,26.64984130859375
2016-06-29,27.324522018432617
2016-06-30,27.597606658935547
2016-07-01,27.862659454345703
2016-07-05,27.268295288085938
2016-07-06,27.19600486755371
2016-07-07,27.12371826171875
2016-07-08,27.710052490234375
2016-07-11,27.975107192993164
2016-07-12,28.368669509887695
2016-07-13,28.320476531982422
2016-07-14,28.730100631713867
2016-07-15,28.665842056274414
2016-07-18,28.922870635986328
2016-07-19,28.625680923461914
2016-07-20,28.7702579498291
2016-07-21,28.681907653808594
2016-07-22,28.89073944091797
2016-07-25,28.601591110229492
2016-07-26,28.826480865478516
2016-07-27,28.922870635986328
2016-07-28,28.930898666381836
2016-07-29,29.083499908447266
2016-08-01,29.02727508544922
2016-08-02,28.818452835083008
2016-08-03,28.91483497619629
2016-08-04,29.075469970703125
2016-08-05,29.412811279296875
2016-08-08,29.62164306640625
2016-08-09,29.822433471679688
2016-08-10,29.830472946166992
2016-08-11,30.215993881225586
2016-08-12,30.103559494018555
2016-08-15,30.416797637939453
2016-08-16,30.280261993408203
2016-08-17,30.08748435974121
2016-08-18,30.368606567382812
2016-08-19,30.1999454498291
2016-08-22,29.79834747314453
2016-08-23,29.677871704101562
2016-08-24,29.7581787109375
2016-08-25,29.78227996826172
2016-08-26,29.525257110595703
2016-08-29,29.75014877319336
2016-08-30,29.66983413696289
2016-08-31,29.34052276611328
2016-09-01,29.565420150756836
2016-09-02,30.047334671020508
2016-09-06,30.689878463745117
2016-09-07,30.59349822998047
2016-09-08,30.513185501098633
2016-09-09,29.485103607177734
2016-09-12,29.68589973449707
2016-09-13,28.93893051147461
2016-09-14,29.02727508544922
2016-09-15,29.525257110595703
2016-09-16,29.324459075927734
2016-09-19,29.55739402770996
2016-09-20,29.57345199584961
2016-09-21,30.400737762451172
2016-09-22,30.61759376525879
2016-09-23,30.224035263061523
2016-09-26,29.78227996826172
2016-09-27,30.207971572875977
2016-09-28,30.481046676635742
2016-09-29,29.950960159301758
2016-09-30,30.079458236694336
2016-10-03,30.288299560546875
2016-10-04,29.950960159301758
2016-10-05,30.384672164916992
2016-10-06,30.408767700195312
2016-10-07,30.272226333618164
2016-10-10,30.601530075073242
2016-10-11,29.89472770690918
2016-10-12,29.8385009765625
2016-10-13,29.57345199584961
2016-10-14,29.62164306640625
2016-10-17,29.589521408081055
2016-10-18,30.111589431762695
2016-10-19,30.29631996154785
2016-10-20,30.207971572875977
2016-10-21,30.1999454498291
2016-10-24,30.328445434570312
2016-10-25,30.360576629638672
2016-10-26,30.039297103881836
2016-10-27,29.78227996826172
2016-10-28,29.661802291870117
2016-10-31,29.830472946166992
2016-11-01,29.589521408081055
2016-11-02,29.236106872558594
2016-11-03,29.15579605102539
2016-11-04,28.858613967895508
2016-11-07,29.902755737304688
2016-11-08,30.095521926879883
2016-11-09,29.115629196166992
2016-11-10,28.288345336914062
2016-11-11,27.750205993652344
2016-11-14,27.549407958984375
2016-11-15,28.103614807128906
2016-11-16,27.870685577392578
2016-11-17,27.910850524902344
2016-11-18,27.782344818115234
2016-11-21,28.05541229248047
2016-11-22,28.481103897094727
2016-11-23,28.175901412963867
2016-11-25,28.31244468688965
2016-11-28,28.424884796142578
2016-11-29,28.46504783630371
2016-11-30,28.51323699951172
2016-12-01,28.175901412963867
2016-12-02,28.20802116394043
2016-12-05,28.440954208374023
2016-12-06,28.59355926513672
2016-12-07,29.075469970703125
2016-12-08,29.203977584838867
2016-12-09,29.051374435424805
2016-12-12,28.858613967895508
2016-12-13,29.179885864257812
2016-12-14,28.31244468688965
2016-12-15,28.360631942749023
2016-12-16,28.232118606567383
2016-12-19,28.039358139038086
2016-12-20,28.13573455810547
2016-12-21,28.018756866455078
2016-12-22,27.685686111450195
2016-12-23,27.84815788269043
2016-12-27,27.970012664794922
2016-12-28,28.18123435974121
2016-12-29,28.644287109375
2016-12-30,28.441192626953125
2017-01-03,28.78238868713379
2017-01-04,29.001741409301758
2017-01-05,29.318561553955078
2017-01-06,29.196701049804688
2017-01-09,29.172325134277344
2017-01-10,29.342924118041992
2017-01-11,29.69224739074707
2017-01-12,29.822227478027344
2017-01-13,29.79785919189453
2017-01-17,29.781614303588867
2017-01-18,29.61913299560547
2017-01-19,29.5297794342041
2017-01-20,29.586645126342773
2017-01-23,30.02532386779785
2017-01-24,30.21216583251953
2017-01-25,30.54524803161621
2017-01-26,30.415264129638672
2017-01-27,30.43963050842285
2017-01-30,30.27716064453125
2017-01-31,30.334022521972656
2017-02-01,30.350269317626953
2017-02-02,30.480253219604492
2017-02-03,30.667098999023438
2017-02-06,30.593978881835938
2017-02-07,30.43963050842285
2017-02-08,30.626483917236328
2017-02-09,30.76458168029785
2017-02-10,31.04891586303711
2017-02-13,31.146394729614258
2017-02-14,31.17888641357422
2017-02-15,31.430734634399414
2017-02-16,31.31698989868164
2017-02-17,31.18701934814453
2017-02-21,31.528213500976562
2017-02-22,31.625699996948242
2017-02-23,31.633817672729492
2017-02-24,31.26011848449707
2017-02-27,31.162647247314453
2017-02-28,30.862071990966797
2017-03-01,31.341379165649414
2017-03-02,30.78895378112793
2017-03-03,31.024538040161133
2017-03-06,31.040781021118164
2017-03-07,31.07328224182129
2017-03-08,30.780826568603516
2017-03-09,30.537120819091797
2017-03-10,30.87831687927246
2017-03-13,31.308879852294922
2017-03-14,31.13014793395996
2017-03-15,31.942529678344727
2017-03-16,32.13749313354492
2017-03-17,32.08062744140625
2017-03-20,32.45431900024414
2017-03-21,32.09687423706055
2017-03-22,32.251220703125
2017-03-23,32.25934982299805
2017-03-24,32.3405876159668
2017-03-27,32.251220703125
2017-03-28,32.3405876159668
2017-03-29,32.3974494934082
2017-03-30,32.22686004638672
2017-03-31,31.999385833740234
2017-04-03,32.178104400634766
2017-04-04,32.19435501098633
2017-04-05,32.09687423706055
2017-04-06,32.040000915527344
2017-04-07,31.983144760131836
2017-04-10,31.853160858154297
2017-04-11,31.78004264831543
2017-04-12,31.934396743774414
2017-04-13,31.79629898071289
2017-04-17,32.12937545776367
2017-04-18,31.723180770874023
2017-04-19,31.528213500976562
2017-04-20,31.918153762817383
2017-04-21,31.918153762817383
2017-04-24,32.373085021972656
2017-04-25,32.65740966796875
2017-04-26,32.53555679321289
2017-04-27,32.49492645263672
2017-04-28,32.54368209838867
2017-05-01,32.730525970458984
2017-05-02,32.96611785888672
2017-05-03,32.74676513671875
2017-05-04,32.381202697753906
2017-05-05,32.64928436279297
2017-05-08,32.64115905761719
2017-05-09,33.055484771728516
2017-05-10,33.274810791015625
2017-05-11,33.34791946411133
2017-05-12,33.48603820800781
2017-05-15,33.827232360839844
2017-05-16,33.85972213745117
2017-05-17,33.28293991088867
2017-05-18,32.730525970458984
2017-05-19,33.429168701171875
2017-05-22,33.46165466308594
2017-05-23,33.49415969848633
2017-05-24,33.6241340637207
2017-05-25,33.7866096496582
2017-05-26,33.908470153808594
2017-05-30,33.7297477722168
2017-05-31,33.469791412353516
2017-06-01,33.75411605834961
2017-06-02,33.92470932006836
2017-06-05,33.884090423583984
2017-06-06,33.90034103393555
2017-06-07,33.85972213745117
2017-06-08,34.06281661987305
2017-06-09,33.802860260009766
2017-06-12,33.6241340637207
2017-06-13,33.7866096496582
2017-06-14,33.77849197387695
2017-06-15,33.429168701171875
2017-06-16,33.48603820800781
2017-06-19,33.81911087036133
2017-06-20,33.445316314697266
2017-06-21,33.51877212524414
2017-06-22,33.690162658691406
2017-06-23,33.86970901489258
2017-06-26,34.196163177490234
2017-06-27,33.79625701904297
2017-06-28,34.05741882324219
2017-06-29,33.6248664855957
2017-06-30,33.77992630004883
2017-07-03,33.975807189941406
2017-07-05,33.9105110168457
2017-07-06,33.50244140625
2017-07-07,33.5677375793457
2017-07-10,33.88603591918945
2017-07-11,34.163516998291016
2017-07-12,34.824588775634766
2017-07-13,34.995975494384766
2017-07-14,35.43668746948242
2017-07-17,35.27346420288086
2017-07-18,35.37955856323242
2017-07-19,35.673370361328125
2017-07-20,35.6325569152832
2017-07-21,35.60808563232422
2017-07-24,35.71418380737305
2017-07-25,35.6244010925293
2017-07-26,35.918212890625
2017-07-27,35.72233963012695
2017-07-28,35.70601272583008
2017-07-31,35.746829986572266
2017-08-01,35.852928161621094
2017-08-02,35.88555908203125
2017-08-03,35.73866271972656
2017-08-04,35.86924362182617
2017-08-07,36.11408996582031
2017-08-08,36.122249603271484
2017-08-09,35.79578399658203
2017-08-10,34.9470100402832
2017-08-11,35.02863311767578
2017-08-14,35.387725830078125
2017-08-15,35.42852783203125
2017-08-16,35.79578399658203
2017-08-17,35.3387565612793
2017-08-18,35.64073181152344
2017-08-21,35.77131271362305
2017-08-22,36.17121124267578
2017-08-23,36.34260177612305
2017-08-24,36.45685958862305
2017-08-25,36.66905975341797
2017-08-28,36.538482666015625
2017-08-29,36.473182678222656
2017-08-30,36.53031921386719
2017-08-31,36.58744430541992
2017-09-01,36.85676956176758
2017-09-05,36.375247955322266
2017-09-06,36.61193084716797
2017-09-07,36.88125228881836
2017-09-08,36.63642501831055
2017-09-11,37.126094818115234
2017-09-12,37.08528518676758
2017-09-13,36.8894157409668
2017-09-14,36.98735046386719
2017-09-15,37.20771408081055
2017-09-18,37.338287353515625
2017-09-19,37.41990661621094
2017-09-20,37.24851989746094
2017-09-21,37.24851989746094
2017-09-22,37.03632736206055
2017-09-25,36.40789031982422
2017-09-26,36.30996322631836
2017-09-27,36.17937469482422
2017-09-28,36.15489196777344
2017-09-29,36.57112503051758
2017-10-02,36.57928466796875
2017-10-03,37.15873718261719
2017-10-04,37.15058517456055
2017-10-05,37.428062438964844
2017-10-06,37.2403564453125
2017-10-09,37.21586608886719
2017-10-10,37.583133697509766
2017-10-11,37.7545166015625
2017-10-12,37.738197326660156
2017-10-13,38.080970764160156
2017-10-16,38.056495666503906
2017-10-17,37.86061477661133
2017-10-18,37.95038604736328
2017-10-19,37.61577606201172
2017-10-20,37.7545166015625
2017-10-23,37.452552795410156
2017-10-24,37.452552795410156
2017-10-25,37.370941162109375
2017-10-26,37.11793518066406
2017-10-27,37.65658950805664
2017-10-30,37.41990661621094
2017-10-31,37.770843505859375
2017-11-01,37.96671676635742
2017-11-02,38.015689849853516
2017-11-03,37.81981658935547
2017-11-06,38.24420928955078
2017-11-07,37.999366760253906
2017-11-08,38.17891311645508
2017-11-09,37.942230224609375
2017-11-10,37.77900695800781
2017-11-13,37.697391510009766
2017-11-14,37.44439697265625
2017-11-15,37.24851989746094
2017-11-16,38.02384948730469
2017-11-17,38.2115592956543
2017-11-20,38.40743637084961
2017-11-21,38.921592712402344
2017-11-22,39.019535064697266
2017-11-24,38.93791961669922
2017-11-27,38.36663055419922
2017-11-28,38.65227508544922
2017-11-29,38.04017639160156
2017-11-30,37.62394332885742
2017-12-01,37.4117431640625
2017-12-04,37.48519515991211
2017-12-05,37.46071243286133
2017-12-06,36.9547119140625
2017-12-07,37.06081008911133
2017-12-08,37.49335861206055
2017-12-11,37.681068420410156
2017-12-12,37.428062438964844
2017-12-13,37.87694549560547
2017-12-14,37.599456787109375
2017-12-15,37.681068420410156
2017-12-18,38.10546112060547
2017-12-19,37.90412902832031
2017-12-20,37.9538459777832
2017-12-21,38.20240020751953
2017-12-22,38.525508880615234
2017-12-26,38.49237823486328
2017-12-27,38.591796875
2017-12-28,38.85691833496094
2017-12-29,39.0391845703125
2018-01-02,39.776554107666016
2018-01-03,40.15766906738281
2018-01-04,40.35651397705078
2018-01-05,40.70448303222656
2018-01-08,40.70448303222656
2018-01-09,40.63819885253906
2018-01-10,40.381370544433594
2018-01-11,40.62991714477539
2018-01-12,41.019317626953125
2018-01-16,40.86189651489258
2018-01-17,41.40042495727539
2018-01-18,41.45014190673828
2018-01-19,41.78982162475586
2018-01-22,42.03009033203125
2018-01-23,42.22893524169922
2018-01-24,42.58518981933594
2018-01-25,42.56032943725586
2018-01-26,43.14857864379883
2018-01-29,42.494056701660156
2018-01-30,41.914093017578125
2018-01-31,42.27863693237305
2018-02-01,41.706974029541016
2018-02-02,40.63819885253906
2018-02-05,39.213172912597656
2018-02-06,40.489078521728516
2018-02-07,39.213172912597656
2018-02-08,37.85442352294922
2018-02-09,38.459232330322266
2018-02-12,39.06404113769531
2018-02-13,39.3622932434082
2018-02-14,40.34822463989258
2018-02-15,41.176727294921875
2018-02-16,41.04417419433594
2018-02-20,40.48078536987305
2018-02-21,40.44764709472656
2018-02-22,40.472503662109375
2018-02-23,41.193294525146484
2018-02-26,41.57440948486328
2018-02-27,40.36479568481445
2018-02-28,39.78483581542969
2018-03-01,39.71027374267578
2018-03-02,39.8759765625
2018-03-05,39.93397521972656
2018-03-06,40.306800842285156
2018-03-07,40.34822463989258
2018-03-08,40.35651397705078
2018-03-09,41.2181510925293
2018-03-12,41.31757354736328
2018-03-13,40.94474792480469
2018-03-14,41.01103210449219
2018-03-15,40.86189651489258
2018-03-16,40.770755767822266
2018-03-19,40.33165740966797
2018-03-20,40.77904510498047
2018-03-21,41.019317626953125
2018-03-22,39.65227508544922
2018-03-23,38.84862518310547
2018-03-26,40.10795974731445
2018-03-27,39.37887954711914
2018-03-28,39.18003463745117
2018-03-29,40.00025939941406
2018-04-02,39.27945327758789
2018-04-03,39.66885757446289
2018-04-04,39.68541717529297
2018-04-05,39.78483581542969
2018-04-06,39.00604248046875
2018-04-09,39.0474739074707
2018-04-10,39.809696197509766
2018-04-11,39.82626724243164
2018-04-12,39.809696197509766
2018-04-13,39.41202163696289
2018-04-16,39.46172332763672
2018-04-17,39.54457092285156
2018-04-18,39.88426208496094
2018-04-19,39.65227508544922
2018-04-20,39.15517807006836
2018-04-23,38.8403434753418
2018-04-24,38.65807342529297
2018-04-25,38.35981369018555
2018-04-26,38.914913177490234
2018-04-27,39.15517807006836
2018-04-30,38.87348175048828
2018-05-01,38.682926177978516
2018-05-02,38.376380920410156
2018-05-03,38.29353332519531
2018-05-04,38.46751403808594
2018-05-07,38.24381637573242
2018-05-08,38.459232330322266
2018-05-09,38.533790588378906
2018-05-10,39.33745193481445
2018-05-11,39.271175384521484
2018-05-14,39.32087326049805
2018-05-15,38.508941650390625
2018-05-16,39.08889389038086
2018-05-17,38.49237823486328
2018-05-18,38.16925048828125
2018-05-21,38.40122985839844
2018-05-22,38.533790588378906
2018-05-23,38.51722717285156
2018-05-24,38.31010055541992
2018-05-25,38.46751403808594
2018-05-29,37.572731018066406
2018-05-30,37.870994567871094
2018-05-31,37.85442352294922
2018-06-01,38.384674072265625
2018-06-04,38.7740592956543
2018-06-05,38.47579574584961
2018-06-06,39.05575180053711
2018-06-07,38.459232330322266
2018-06-08,38.384674072265625
2018-06-11,38.384674072265625
2018-06-12,38.28524398803711
2018-06-13,38.02841567993164
2018-06-14,37.77157211303711
2018-06-15,37.473304748535156
2018-06-18,37.017635345458984
2018-06-19,36.60901641845703
2018-06-20,36.76744842529297
2018-06-21,36.250423431396484
2018-06-22,36.62568664550781
2018-06-25,36.133670806884766
2018-06-26,35.991912841796875
2018-06-27,35.29976272583008
2018-06-28,35.5999755859375
2018-06-29,36.133670806884766
2018-07-02,35.77509307861328
2018-07-03,35.80010986328125
2018-07-05,35.708377838134766
2018-07-06,36.20039367675781
2018-07-09,36.85084915161133
2018-07-10,36.76744842529297
2018-07-11,36.050296783447266
2018-07-12,36.542293548583984
2018-07-13,36.56731414794922
2018-07-16,36.36717224121094
2018-07-17,36.634029388427734
2018-07-18,36.59233856201172
2018-07-19,36.14201736450195
2018-07-20,36.65904235839844
2018-07-23,36.41722106933594
2018-07-24,36.95091247558594
2018-07-25,37.55134582519531
2018-07-26,37.13438034057617
2018-07-27,37.267799377441406
2018-07-30,37.209434509277344
2018-07-31,37.409568786621094
2018-08-01,37.07600402832031
2018-08-02,36.5839958190918
2018-08-03,36.86753463745117
2018-08-06,36.5839958190918
2018-08-07,36.959251403808594
2018-08-08,36.90922164916992
2018-08-09,36.80080795288086
2018-08-10,36.01692581176758
2018-08-13,35.42485046386719
2018-08-14,35.641666412353516
2018-08-15,34.61594772338867
2018-08-16,34.832763671875
2018-08-17,35.19968795776367
2018-08-20,35.35813522338867
2018-08-21,35.808448791503906
2018-08-22,36.091976165771484
2018-08-23,35.508235931396484
2018-08-24,36.16703796386719
2018-08-27,36.68406677246094
2018-08-28,36.55064392089844
2018-08-29,36.77579879760742
2018-08-30,35.81679153442383
2018-08-31,36.00025177001953
2018-09-04,35.29976272583008
2018-09-05,34.79107666015625
2018-09-06,34.82442092895508
2018-09-07,34.64930725097656
2018-09-10,34.307395935058594
2018-09-11,34.3824577331543
2018-09-12,34.55756759643555
2018-09-13,35.02456283569336
2018-09-14,34.991214752197266
2018-09-17,34.674320220947266
2018-09-18,35.00788879394531
2018-09-19,35.49156188964844
2018-09-20,35.88349914550781
2018-09-21,36.050296783447266
2018-09-24,35.641666412353516
2018-09-25,35.78343200683594
2018-09-26,35.858489990234375
2018-09-27,36.03360366821289
2018-09-28,35.79176712036133
2018-10-01,35.80010986328125
2018-10-02,35.349796295166016
2018-10-03,35.057926177978516
2018-10-04,34.18231201171875
2018-10-05,34.057228088378906
2018-10-08,34.10725402832031
2018-10-09,33.982177734375
2018-10-10,32.9731330871582
2018-10-11,32.639564514160156
2018-10-12,33.59857177734375
2018-10-15,33.23998260498047
2018-10-16,34.07389450073242
2018-10-17,33.656944274902344
2018-10-18,32.77298355102539
2018-10-19,33.08153533935547
2018-10-22,33.44011306762695
2018-10-23,33.07319641113281
2018-10-24,32.00577926635742
2018-10-25,32.62287521362305
2018-10-26,32.247623443603516
2018-10-29,31.688888549804688
2018-10-30,32.305992126464844
2018-10-31,32.65624237060547
2018-11-01,33.82371520996094
2018-11-02,34.04054260253906
2018-11-05,34.13227844238281
2018-11-06,34.07389450073242
2018-11-07,34.71602249145508
2018-11-08,33.81538009643555
2018-11-09,33.189945220947266
2018-11-12,32.72295379638672
2018-11-13,33.098209381103516
2018-11-14,33.29835891723633
2018-11-15,34.04054260253906
2018-11-16,34.10725402832031
2018-11-19,33.64860916137695
2018-11-20,32.923091888427734
2018-11-21,33.5318603515625
2018-11-23,33.139915466308594
2018-11-26,33.54853439331055
2018-11-27,33.78202819824219
2018-11-28,34.5909309387207
2018-11-29,34.29071807861328
2018-11-30,34.25736618041992
2018-12-03,34.949520111083984
2018-12-04,34.20732879638672
2018-12-06,33.89043045043945
2018-12-07,33.25666046142578
2018-12-10,32.90641403198242
2018-12-11,33.156585693359375
2018-12-12,33.69863510131836
2018-12-13,33.6902961730957
2018-12-14,33.214969635009766
2018-12-17,32.90641403198242
2018-12-18,33.12987518310547
2018-12-19,32.579681396484375
2018-12-20,32.8336296081543
2018-12-21,32.605079650878906
2018-12-24,32.30036163330078
2018-12-26,32.94365310668945
2018-12-27,32.901336669921875
2018-12-28,33.21452331542969
2018-12-31,33.062156677246094
2019-01-02,33.14680099487305
2019-01-03,32.54582977294922
2019-01-04,33.59541702270508
2019-01-07,33.67160415649414
2019-01-08,33.79856872558594
2019-01-09,34.399539947509766
2019-01-10,34.64501953125
2019-01-11,34.4757194519043
2019-01-14,34.18793487548828
2019-01-15,34.4249382019043
2019-01-16,34.84815216064453
2019-01-17,35.000511169433594
2019-01-18,35.1698112487793
2019-01-22,34.56036376953125
2019-01-23,34.91587448120117
2019-01-24,35.25445556640625
2019-01-25,35.719993591308594
2019-01-28,35.34756088256836
2019-01-29,35.40681076049805
2019-01-30,36.17707824707031
2019-01-31,36.48179244995117
2019-02-01,36.19400405883789
2019-02-04,36.253265380859375
2019-02-05,36.75265884399414
2019-02-06,36.253265380859375
2019-02-07,35.88928985595703
2019-02-08,35.686134338378906
2019-02-11,35.56764221191406
2019-02-12,35.8638916015625
2019-02-13,35.609962463378906
2019-02-14,35.677677154541016
2019-02-15,35.626895904541016
2019-02-19,35.90620803833008
2019-02-20,36.1093635559082
2019-02-21,36.03318405151367
2019-02-22,36.43101501464844
2019-02-25,36.83729934692383
2019-02-26,36.71034240722656
2019-02-27,36.397159576416016
2019-02-28,35.92314147949219
2019-03-01,35.96546936035156
2019-03-04,36.016258239746094
2019-03-05,36.37176513671875
2019-03-06,36.16861343383789
2019-03-07,35.49992752075195
2019-03-08,35.245994567871094
2019-03-11,35.90620803833008
2019-03-12,36.092437744140625
2019-03-13,36.134761810302734
2019-03-14,35.94008255004883
2019-03-15,36.46487045288086
2019-03-18,36.87116622924805
2019-03-19,36.888092041015625
2019-03-20,36.94734573364258
2019-03-21,36.99813461303711
2019-03-22,35.9146842956543
2019-03-25,35.999324798583984
2019-03-26,36.1093635559082
2019-03-27,35.719993591308594
2019-03-28,35.957008361816406
2019-03-29,36.329437255859375
2019-04-01,36.930419921875
2019-04-02,36.81190490722656
2019-04-03,37.06584548950195
2019-04-04,37.29439163208008
2019-04-05,37.582176208496094
2019-04-08,37.582176208496094
2019-04-09,37.5059928894043
2019-04-10,37.68375778198242
2019-04-11,37.27744674682617
2019-04-12,37.548316955566406
2019-04-15,37.3536376953125
2019-04-16,37.632965087890625
2019-04-17,37.74300003051758
2019-04-18,37.717613220214844
2019-04-22,37.47214126586914
2019-04-23,37.55678939819336
2019-04-24,37.048919677734375
2019-04-25,36.99813461303711
2019-04-26,37.14202880859375
2019-04-29,37.21820831298828
2019-04-30,37.18434524536133
2019-05-01,36.90502166748047
2019-05-02,36.98966598510742
2019-05-03,37.42981719970703
2019-05-06,36.65955352783203
2019-05-07,35.94008255004883
2019-05-08,35.88928985595703
2019-05-09,35.322174072265625
2019-05-10,35.533782958984375
2019-05-13,34.348758697509766
2019-05-14,34.831233978271484
2019-05-15,34.898948669433594
2019-05-16,34.72964859008789
2019-05-17,34.103294372558594
2019-05-20,33.95939254760742
2019-05-21,34.39107894897461
2019-05-22,34.2217903137207
2019-05-23,33.781639099121094
2019-05-24,33.81549835205078
2019-05-28,33.93399429321289
2019-05-29,34.154075622558594
2019-05-30,34.340293884277344
2019-05-31,34.45880126953125
2019-06-03,34.77198028564453
2019-06-04,34.84815216064453
2019-06-05,34.56883239746094
2019-06-06,34.585758209228516
2019-06-07,34.85662841796875
2019-06-10,35.22060012817383
2019-06-11,35.61842346191406
2019-06-12,35.237525939941406
2019-06-13,35.17828369140625
2019-06-14,34.78890609741211
2019-06-17,34.92622756958008
2019-06-18,35.77060317993164
2019-06-19,36.06911087036133
2019-06-20,36.59790802001953
2019-06-21,36.47850036621094
2019-06-24,36.42732238769531
2019-06-25,36.05205154418945
2019-06-26,36.39320755004883
2019-06-27,36.649085998535156
2019-06-28,36.59790802001953
2019-07-01,37.03288650512695
2019-07-02,36.939064025878906
2019-07-03,36.8708381652832
2019-07-05,36.614967346191406
2019-07-08,36.39320755004883
2019-07-09,36.28234100341797
2019-07-10,36.589378356933594
2019-07-11,36.52115249633789
2019-07-12,36.54673767089844
2019-07-15,36.68320083618164
2019-07-16,36.632022857666016
2019-07-17,36.52115249633789
2019-07-18,36.74290084838867
2019-07-19,36.55526351928711
2019-07-22,36.56379318237305
2019-07-23,36.60643768310547
2019-07-24,36.66614532470703
2019-07-25,36.342037200927734
2019-07-26,36.418800354003906
2019-07-29,36.35057067871094
2019-07-30,36.06911087036133
2019-07-31,35.625606536865234
2019-08-01,34.92622756958008
2019-08-02,34.58506393432617
2019-08-05,33.30571365356445
2019-08-06,33.78335189819336
2019-08-07,33.93686294555664
2019-08-08,34.35478591918945
2019-08-09,34.005096435546875
2019-08-12,33.595703125
2019-08-13,34.02214813232422
2019-08-14,33.041316986083984
2019-08-15,33.26307678222656
2019-08-16,33.72364807128906
2019-08-19,33.860103607177734
2019-08-20,33.9283332824707
2019-08-21,34.2524299621582
2019-08-22,33.808929443359375
2019-08-23,33.30571365356445
2019-08-26,33.484825134277344
2019-08-27,33.544532775878906
2019-08-28,33.63834762573242
2019-08-29,34.01362228393555
2019-08-30,34.278018951416016
2019-09-03,34.06480026245117
2019-09-04,34.6362419128418
2019-09-05,35.02857971191406
2019-09-06,35.182098388671875
2019-09-09,35.292972564697266
2019-09-10,35.31855392456055
2019-09-11,35.56589889526367
2019-09-12,35.82176971435547
2019-09-13,36.02647018432617
2019-09-16,35.745018005371094
2019-09-17,35.745018005371094
2019-09-18,35.60001754760742
2019-09-19,35.455020904541016
2019-09-20,35.489139556884766
2019-09-23,35.52326202392578
2019-09-24,35.14797592163086
2019-09-25,35.12239456176758
2019-09-26,35.113861083984375
2019-09-27,34.66182327270508
2019-09-30,34.85799026489258
2019-10-01,34.61065673828125
2019-10-02,34.346256256103516
2019-10-03,34.789764404296875
2019-10-04,34.94328308105469
2019-10-07,34.65329360961914
2019-10-08,34.40596008300781
2019-10-09,34.67035675048828
2019-10-10,35.02857971191406
2019-10-11,35.591487884521484
2019-10-14,35.437965393066406
2019-10-15,35.753536224365234
2019-10-16,35.855892181396484
2019-10-17,35.992347717285156
2019-10-18,35.80471420288086
2019-10-21,36.128814697265625
2019-10-22,36.1544075012207
2019-10-23,36.162933349609375
2019-10-24,36.162933349609375
2019-10-25,36.418800354003906
2019-10-28,36.632022857666016
2019-10-29,36.44438171386719
2019-10-30,36.60643768310547
2019-10-31,36.31645202636719
2019-11-01,36.86231231689453
2019-11-04,37.22905349731445
2019-11-05,37.442283630371094
2019-11-06,37.322872161865234
2019-11-07,37.59580612182617
2019-11-08,37.254634857177734
2019-11-11,36.99024200439453
2019-11-12,36.751434326171875
2019-11-13,36.469970703125
2019-11-14,36.49556350708008
2019-11-15,36.78554916381836
2019-11-18,36.7258415222168
2019-11-19,36.80260467529297
2019-11-20,36.64055252075195
2019-11-21,36.56379318237305
2019-11-22,36.56379318237305
2019-11-25,36.930538177490234
2019-11-26,36.819664001464844
2019-11-27,36.86231231689453
2019-11-29,36.28234100341797
2019-12-02,36.273807525634766
2019-12-03,36.08617401123047
2019-12-04,36.359092712402344
2019-12-05,36.52115249633789
2019-12-06,36.734375
2019-12-09,36.589378356933594
2019-12-10,36.71731185913086
2019-12-11,37.254634857177734
2019-12-12,37.902854919433594
2019-12-13,37.88578796386719
2019-12-16,38.20722579956055
2019-12-17,38.55567169189453
2019-12-18,38.764747619628906
2019-12-19,38.78216552734375
2019-12-20,38.86056900024414
2019-12-23,38.91283416748047
2019-12-24,38.82572937011719
2019-12-26,39.10448455810547
2019-12-27,39.26127624511719
2019-12-30,38.99994659423828
2019-12-31,39.08706283569336
2020-01-02,39.87977981567383
2020-01-03,39.13932800292969
2020-01-06,39.04350280761719
2020-01-07,39.017364501953125
2020-01-08,39.24386215209961
2020-01-09,39.505191802978516
2020-01-10,39.714263916015625
2020-01-13,40.33275604248047
2020-01-14,40.10626983642578
2020-01-15,39.79265594482422
2020-01-16,40.045291900634766
2020-01-17,40.27177810668945
2020-01-21,39.25257110595703
2020-01-22,39.574886322021484
2020-01-23,39.165462493896484
2020-01-24,38.85185623168945
2020-01-27,37.51033020019531
2020-01-28,37.823936462402344
2020-01-29,38.006874084472656
2020-01-30,37.44063949584961
2020-01-31,36.682769775390625
2020-02-03,37.092201232910156
2020-02-04,38.05043029785156
2020-02-05,38.268211364746094
2020-02-06,38.30305099487305
2020-02-07,37.77166748046875
2020-02-10,37.98073959350586
2020-02-11,38.47727966308594
2020-02-12,38.99994659423828
2020-02-13,38.48598098754883
2020-02-14,38.50341033935547
2020-02-18,38.25078201293945
2020-02-19,38.529544830322266
2020-02-20,37.928470611572266
2020-02-21,37.71070098876953
2020-02-24,36.29948043823242
2020-02-25,36.01200866699219
2020-02-26,36.29948043823242
2020-02-27,35.42836380004883
2020-02-28,35.29769515991211
2020-03-02,36.06427764892578
2020-03-03,35.820369720458984
2020-03-04,36.45627975463867
2020-03-05,35.68970489501953
2020-03-06,34.95796203613281
2020-03-09,32.57109832763672
2020-03-10,34.226226806640625
2020-03-11,32.63207244873047
2020-03-12,29.365385055541992
2020-03-13,31.48220443725586
2020-03-16,27.55345916748047
2020-03-17,29.452497482299805
2020-03-18,26.908830642700195
2020-03-19,27.11789894104004
2020-03-20,27.31825828552246
2020-03-23,26.664918899536133
2020-03-24,28.668489456176758
2020-03-25,29.678979873657227
2020-03-26,30.8027286529541
2020-03-27,29.051776885986328
2020-03-30,29.530895233154297
2020-03-31,29.731252670288086
2020-04-01,28.459421157836914
2020-04-02,29.417654037475586
2020-04-03,28.860132217407227
2020-04-06,30.436859130859375
2020-04-07,30.59365463256836
2020-04-08,30.907264709472656
2020-04-09,30.794010162353516
2020-04-13,30.83757209777832
2020-04-14,31.543176651000977
2020-04-15,30.733034133911133
2020-04-16,30.89855194091797
2020-04-17,31.586734771728516
2020-04-20,31.186023712158203
2020-04-21,30.32361602783203
2020-04-22,31.15117073059082
2020-04-23,31.037935256958008
2020-04-24,30.9943790435791
2020-04-27,31.621580123901367
2020-04-28,31.682552337646484
2020-04-29,32.60594940185547
2020-04-30,31.917749404907227
2020-05-01,30.767881393432617
2020-05-04,31.098909378051758
2020-05-05,31.27313232421875
2020-05-06,31.17730712890625
2020-05-07,31.429935455322266
2020-05-08,32.09197998046875
2020-05-11,31.882915496826172
2020-05-12,31.760957717895508
2020-05-13,31.699981689453125
2020-05-14,31.82193946838379
2020-05-15,31.386375427246094
2020-05-18,32.61465072631836
2020-05-19,32.35331726074219
2020-05-20,32.78015899658203
2020-05-21,32.40558624267578
2020-05-22,31.734821319580078
2020-05-26,32.43171310424805
2020-05-27,32.53624725341797
2020-05-28,32.30976104736328
2020-05-29,32.86728286743164
2020-06-01,33.625152587890625
2020-06-02,34.42658615112305
2020-06-03,35.22801208496094
2020-06-04,34.731468200683594
2020-06-05,35.64613723754883
2020-06-08,35.863922119140625
2020-06-09,35.6200065612793
2020-06-10,35.88134002685547
2020-06-11,34.008445739746094
2020-06-12,34.731468200683594
2020-06-15,34.416046142578125
2020-06-16,34.63508987426758
2020-06-17,34.96803283691406
2020-06-18,34.985557556152344
2020-06-19,34.97679901123047
2020-06-22,35.406124114990234
2020-06-23,35.74783706665039
2020-06-24,35.274696350097656
2020-06-25,35.423648834228516
2020-06-26,34.994327545166016
2020-06-29,35.15203094482422
2020-06-30,35.03812789916992
2020-07-01,35.43241500854492
2020-07-02,36.23847961425781
2020-07-06,37.79806900024414
2020-07-07,37.16722869873047
2020-07-08,38.131011962890625
2020-07-09,38.131011962890625
2020-07-10,37.88569259643555
2020-07-13,37.6316032409668
2020-07-14,37.68416976928711
2020-07-15,37.79806900024414
2020-07-16,37.26361083984375
2020-07-17,37.4738883972168
2020-07-20,37.95578384399414
2020-07-21,38.30625915527344
2020-07-22,38.1397819519043
2020-07-23,37.83312225341797
2020-07-24,37.79806900024414
2020-07-27,38.385108947753906
2020-07-28,38.06968688964844
2020-07-29,38.683013916015625
2020-07-30,38.192352294921875
2020-07-31,37.92950439453125
2020-08-03,38.192352294921875
2020-08-04,38.700531005859375
2020-08-05,39.12109375
2020-08-06,39.24375534057617
2020-08-07,38.43767547607422
2020-08-10,38.5340576171875
2020-08-11,38.42892074584961
2020-08-12,38.94586181640625
2020-08-13,38.83195495605469
2020-08-14,38.761863708496094
2020-08-17,39.25251770019531
2020-08-18,39.20871353149414
2020-08-19,38.72681427001953
2020-08-20,38.60415267944336
2020-08-21,38.796913146972656
2020-08-24,39.22623062133789
2020-08-25,39.620506286621094
2020-08-26,39.72564697265625
2020-08-27,39.39270782470703
2020-08-28,39.909645080566406
2020-08-31,39.024715423583984
2020-09-01,39.69060134887695
2020-09-02,39.5854606628418
2020-09-03,38.83195495605469
2020-09-04,38.84947967529297
2020-09-08,38.17482376098633
2020-09-09,38.74433898925781
2020-09-10,38.12225341796875
2020-09-11,38.4902458190918
2020-09-14,39.11233139038086
2020-09-15,39.524131774902344
2020-09-16,39.471561431884766
2020-09-17,39.3138542175293
2020-09-18,39.00718688964844
2020-09-21,38.6479606628418
2020-09-22,38.358821868896484
2020-09-23,37.763023376464844
2020-09-24,37.58779525756836
2020-09-25,37.62283706665039
2020-09-28,38.043392181396484
2020-09-29,38.01711654663086
2020-09-30,38.630435943603516
2020-10-01,38.98965835571289
2020-10-02,38.54281997680664
2020-10-05,39.05976104736328
2020-10-06,39.129852294921875
2020-10-07,39.55918502807617
2020-10-08,39.883358001708984
2020-10-09,40.15497970581055
2020-10-12,40.50544738769531
2020-10-13,40.3389778137207
2020-10-14,40.06736373901367
2020-10-15,39.778221130371094
2020-10-16,39.91841125488281
2020-10-19,39.80451202392578
2020-10-20,40.24259567260742
2020-10-21,40.35649490356445
2020-10-22,40.34772872924805
2020-10-23,40.58430862426758
2020-10-26,40.05860137939453
2020-10-27,40.23383712768555
2020-10-28,39.22623062133789
2020-10-29,39.620506286621094
2020-10-30,39.173667907714844
2020-11-02,39.67308044433594
2020-11-03,39.84832000732422
2020-11-04,41.10124206542969
2020-11-05,41.80217361450195
2020-11-06,41.994937896728516
2020-11-09,42.28407669067383
2020-11-10,41.80217361450195
2020-11-11,42.07379150390625
2020-11-12,41.75837707519531
2020-11-13,42.34540939331055
2020-11-16,42.87111282348633
2020-11-17,42.82730484008789
2020-11-18,42.67835235595703
2020-11-19,42.74844741821289
2020-11-20,42.985015869140625
2020-11-23,43.098915100097656
2020-11-24,43.677181243896484
2020-11-25,43.43185806274414
2020-11-27,43.84366226196289
2020-11-30,42.69587326049805
2020-12-01,43.53699493408203
2020-12-02,43.59833526611328
2020-12-03,44.097755432128906
2020-12-04,44.55335998535156
2020-12-07,44.55335998535156
2020-12-08,44.57088088989258
2020-12-09,44.18537521362305
2020-12-10,44.7548828125
2020-12-11,44.439456939697266
2020-12-14,44.20841598510742
2020-12-15,44.68644332885742
2020-12-16,44.898887634277344
2020-12-17,45.191009521484375
2020-12-18,45.13790512084961
2020-12-21,44.47398376464844
2020-12-22,44.1198844909668
2020-12-23,44.57135772705078
2020-12-24,44.376609802246094
2020-12-28,44.50053787231445
2020-12-29,45.16446304321289
2020-12-30,45.766422271728516
2020-12-31,45.7398681640625
2021-01-04,46.0319938659668
2021-01-05,47.138526916503906
2021-01-06,46.74017333984375
2021-01-07,47.18278503417969
2021-01-08,48.43095779418945
2021-01-11,47.77589416503906
2021-01-12,48.245059967041016
2021-01-13,48.35129165649414
2021-01-14,48.80276107788086
2021-01-15,48.112281799316406
2021-01-19,48.90898895263672
2021-01-20,49.767662048339844
2021-01-21,49.85618591308594
2021-01-22,49.42242431640625
2021-01-25,49.794219970703125
2021-01-26,49.431278228759766
2021-01-27,48.059165954589844
2021-01-28,48.39555358886719
2021-01-29,47.191650390625
2021-02-01,48.466373443603516
2021-02-02,49.09488296508789
2021-02-03,49.34275436401367
2021-02-04,49.36045837402344
2021-02-05,49.78537368774414
2021-02-08,49.87389373779297
2021-02-09,50.405025482177734
2021-02-10,50.58207702636719
2021-02-11,51.12206268310547
2021-02-12,51.16632843017578
2021-02-16,51.290260314941406
2021-02-17,51.3079719543457
2021-02-18,50.59978103637695
2021-02-19,50.92731475830078
2021-02-22,49.431278228759766
2021-02-23,49.65258026123047
2021-02-24,49.333892822265625
2021-02-25,48.20965576171875
2021-02-26,47.563438415527344
2021-03-01,48.83816909790039
2021-03-02,48.36014938354492
2021-03-03,48.26276779174805
2021-03-04,47.138526916503906
2021-03-05,47.6519660949707
2021-03-08,46.36837387084961
2021-03-09,47.38639450073242
2021-03-10,47.1739387512207
2021-03-11,48.661128997802734
2021-03-12,47.79359817504883
2021-03-15,47.9086799621582
2021-03-16,48.112281799316406
2021-03-17,48.17424011230469
2021-03-18,47.28901672363281
2021-03-19,47.87327194213867
2021-03-22,47.73162841796875
2021-03-23,46.81984329223633
2021-03-24,45.74871063232422
2021-03-25,45.96116638183594
2021-03-26,47.15623474121094
2021-03-29,46.828697204589844
2021-03-30,46.97917556762695
2021-03-31,47.218196868896484
2021-04-01,47.678524017333984
2021-04-05,47.86441421508789
2021-04-06,48.12998580932617
2021-04-07,47.42179870605469
2021-04-08,47.811302185058594
2021-04-09,47.40409469604492
2021-04-12,47.120819091796875
2021-04-13,47.315574645996094
2021-04-14,47.554588317871094
2021-04-15,47.988346099853516
2021-04-16,48.112281799316406
2021-04-19,47.93523025512695
2021-04-20,47.54573440551758
2021-04-21,47.837860107421875
2021-04-22,47.6696662902832
2021-04-23,48.36014938354492
2021-04-26,48.422115325927734
2021-04-27,48.39555358886719
2021-04-28,48.75850296020508
2021-04-29,48.64342498779297
2021-04-30,47.78474426269531
2021-05-03,47.78474426269531
2021-05-04,47.24475860595703
2021-05-05,47.46605682373047
2021-05-06,47.91753387451172
2021-05-07,48.41326141357422
2021-05-10,47.54573440551758
2021-05-11,47.412940979003906
2021-05-12,46.10280990600586
2021-05-13,46.04083251953125
2021-05-14,46.87295150756836
2021-05-17,46.828697204589844
2021-05-18,47.45720291137695
2021-05-19,47.315574645996094
2021-05-20,47.589996337890625
2021-05-21,47.041160583496094
2021-05-24,47.43065643310547
2021-05-25,47.89982223510742
2021-05-26,48.2539176940918
2021-05-27,48.26276779174805
2021-05-28,48.57259750366211
2021-06-01,49.572906494140625
2021-06-02,49.65258026123047
2021-06-03,49.1214485168457
2021-06-04,49.56406021118164
2021-06-07,49.31618881225586
2021-06-08,49.07718276977539
2021-06-09,48.935543060302734
2021-06-10,49.327640533447266
2021-06-11,49.15871047973633
2021-06-14,49.292076110839844
2021-06-15,48.95421600341797
2021-06-16,48.287384033203125
2021-06-17,48.554115295410156
2021-06-18,48.21625518798828
2021-06-21,48.42074966430664
2021-06-22,48.1984748840332
2021-06-23,48.49188232421875
2021-06-24,48.936431884765625
2021-06-25,49.345420837402344
2021-06-28,49.38987731933594
2021-06-29,49.354312896728516
2021-06-30,49.03423309326172
2021-07-01,48.75861358642578
2021-07-02,48.70526123046875
2021-07-06,47.85171890258789
2021-07-07,47.798377990722656
2021-07-08,46.80258560180664
2021-07-09,47.611663818359375
2021-07-12,47.6561164855957
2021-07-13,47.70056915283203
2021-07-14,47.905067443847656
2021-07-15,48.020652770996094
2021-07-16,47.6472282409668
2021-07-19,46.84702682495117
2021-07-20,46.99818420410156
2021-07-21,47.30047607421875
2021-07-22,47.38938522338867
2021-07-23,46.68699264526367
2021-07-26,45.797882080078125
2021-07-27,44.87322235107422
2021-07-28,46.091285705566406
2021-07-29,46.32246017456055
2021-07-30,45.87791061401367
2021-08-02,46.206878662109375
2021-08-03,46.40247344970703
2021-08-04,46.64253616333008
2021-08-05,46.571407318115234
2021-08-06,46.180206298828125
2021-08-09,46.331356048583984
2021-08-10,46.39358901977539
2021-08-11,46.518062591552734
2021-08-12,46.10906982421875
2021-08-13,45.99348449707031
2021-08-16,45.57560348510742
2021-08-17,44.73984909057617
2021-08-18,44.81098556518555
2021-08-19,44.04634475708008
2021-08-20,44.01077651977539
2021-08-23,44.6776123046875
2021-08-24,45.691192626953125
2021-08-25,45.74454116821289
2021-08-26,45.308876037597656
2021-08-27,45.869014739990234
2021-08-30,45.96681594848633
2021-08-31,46.59807586669922
2021-09-01,47.193790435791016
2021-09-02,46.98039627075195
2021-09-03,47.22934341430664
2021-09-07,47.50497055053711
2021-09-08,46.81147384643555
2021-09-09,46.72255325317383
2021-09-10,46.66921615600586
2021-09-13,46.7936897277832
2021-09-14,46.40247344970703
2021-09-15,46.39358901977539
2021-09-16,45.869014739990234
2021-09-17,45.673404693603516
2021-09-20,44.446441650390625
2021-09-21,44.77541732788086
2021-09-22,45.33555221557617
2021-09-23,45.691192626953125
2021-09-24,45.148841857910156
2021-09-27,45.44224548339844
2021-09-28,44.855438232421875
2021-09-29,44.437557220458984
2021-09-30,44.79319381713867
2021-10-01,44.74874496459961
2021-10-04,44.0908088684082
2021-10-05,44.4019889831543
2021-10-06,44.15303421020508
2021-10-07,45.01547622680664
2021-10-08,45.18440246582031
2021-10-11,45.09548568725586
2021-10-12,44.864322662353516
2021-10-13,45.48670196533203
2021-10-14,45.62895584106445
2021-10-15,46.180206298828125
2021-10-18,46.06462097167969
2021-10-19,46.678104400634766
2021-10-20,46.66921615600586
2021-10-21,46.366920471191406
2021-10-22,46.26911544799805
2021-10-25,46.50917434692383
2021-10-26,46.26911544799805
2021-10-27,45.895687103271484
2021-10-28,45.940147399902344
2021-10-29,45.2733154296875
2021-11-01,45.62895584106445
2021-11-02,45.219970703125
2021-11-03,45.433349609375
2021-11-04,45.326663970947266
2021-11-05,45.2733154296875
2021-11-08,45.691192626953125
2021-11-09,45.513370513916016
2021-11-10,45.326663970947266
2021-11-11,46.10906982421875
2021-11-12,46.233551025390625
2021-11-15,46.0824089050293
2021-11-16,46.14463806152344
2021-11-17,45.90458297729492
2021-11-18,45.344444274902344
2021-11-19,45.2733154296875
2021-11-22,44.90877151489258
2021-11-23,44.864322662353516
2021-11-24,44.802085876464844
2021-11-26,43.29949951171875
2021-11-29,43.468421936035156
2021-11-30,43.423973083496094
2021-12-01,43.58401107788086
2021-12-02,44.11747360229492
2021-12-03,43.49509811401367
2021-12-06,43.83295822143555
2021-12-07,44.526466369628906
2021-12-08,44.704288482666016
2021-12-09,44.49089813232422
2021-12-10,44.526466369628906
2021-12-13,43.82032012939453
2021-12-14,43.721126556396484
2021-12-15,43.59486389160156
2021-12-16,43.64897155761719
2021-12-17,43.43253707885742
2021-12-20,42.783206939697266
2021-12-21,43.50468444824219
2021-12-22,43.71210479736328
2021-12-23,43.937564849853516
2021-12-27,44.13595962524414
2021-12-28,43.991676330566406
2021-12-29,43.793270111083984
2021-12-30,44.29496383666992
2021-12-31,44.078399658203125
2022-01-03,44.394222259521484
2022-01-04,44.240821838378906
2022-01-05,43.51896286010742
2022-01-06,43.717472076416016
2022-01-07,44.1144905090332
2022-01-10,44.1144905090332
2022-01-11,45.134117126464844
2022-01-12,45.8830451965332
2022-01-13,45.233375549316406
2022-01-14,45.215328216552734
2022-01-18,44.412261962890625
2022-01-19,44.60174560546875
2022-01-20,44.86342239379883
2022-01-21,44.2137451171875
2022-01-24,43.591148376464844
2022-01-25,43.50994873046875
2022-01-26,42.95952606201172
2022-01-27,42.46324920654297
2022-01-28,42.67078399658203
2022-01-31,44.06938552856445
2022-02-01,44.34008026123047
2022-02-02,44.26789474487305
2022-02-03,43.798683166503906
2022-02-04,43.90696716308594
2022-02-07,43.816734313964844
2022-02-08,44.240821838378906
2022-02-09,44.935604095458984
2022-02-10,44.63784408569336
2022-02-11,43.96110153198242
2022-02-14,43.6543083190918
2022-02-15,44.60174560546875
2022-02-16,44.92658615112305
2022-02-17,44.403236389160156
2022-02-18,43.96110153198242
2022-02-22,43.3385009765625
2022-02-23,42.83320617675781
2022-02-24,41.94892501831055
2022-02-25,42.72492218017578
2022-02-28,42.16548156738281
2022-03-01,41.60604476928711
2022-03-02,41.67823028564453
2022-03-03,41.09171676635742
2022-03-04,40.2615852355957
2022-03-07,38.75471115112305
2022-03-08,38.88103103637695
2022-03-09,39.98186111450195
2022-03-10,39.23293685913086
2022-03-11,38.411827087402344
2022-03-14,37.48243713378906
2022-03-15,37.53657150268555
2022-03-16,40.559349060058594
2022-03-17,40.3518180847168
2022-03-18,40.92930603027344
2022-03-21,40.29767990112305
2022-03-22,41.028560638427734
2022-03-23,40.75785827636719
2022-03-24,40.97441482543945
2022-03-25,40.64958190917969
2022-03-28,40.78492736816406
2022-03-29,41.47971725463867
2022-03-30,41.36241149902344
2022-03-31,40.73981857299805
2022-04-01,41.41655349731445
2022-04-04,42.147430419921875
2022-04-05,41.37144088745117
2022-04-06,40.83005142211914
2022-04-07,40.50521469116211
2022-04-08,40.54130554199219
2022-04-11,40.0359992980957
2022-04-12,39.9096794128418
2022-04-13,40.433021545410156
2022-04-14,39.9096794128418
2022-04-18,39.77433776855469
2022-04-19,39.5758171081543
2022-04-20,39.34121322631836
2022-04-21,38.58326721191406
2022-04-22,38.240386962890625
2022-04-25,37.96065902709961
2022-04-26,37.130531311035156
2022-04-27,37.56364440917969
2022-04-28,38.10503387451172
2022-04-29,38.240386962890625
2022-05-02,38.18624496459961
2022-05-03,38.46596908569336
2022-05-04,38.88103103637695
2022-05-05,37.44634246826172
2022-05-06,36.93202209472656
2022-05-09,35.867279052734375
2022-05-10,36.038719177246094
2022-05-11,35.78606414794922
2022-05-12,35.55147171020508
2022-05-13,36.534996032714844
2022-05-16,36.390628814697266
2022-05-17,37.2839241027832
2022-05-18,36.390628814697266
2022-05-19,36.968116760253906
2022-05-20,37.12150573730469
2022-05-23,37.401222229003906
2022-05-24,36.75155258178711
2022-05-25,36.93202209472656
2022-05-26,37.50950241088867
2022-05-27,37.9426155090332
2022-05-31,38.47499084472656
2022-06-01,38.204288482666016
2022-06-02,38.86298370361328
2022-06-03,38.23135757446289
2022-06-06,38.43888854980469
2022-06-07,38.55619430541992
2022-06-08,38.76372528076172
2022-06-09,37.84646224975586
2022-06-10,37.42786407470703
2022-06-13,36.11747741699219
2022-06-14,36.617977142333984
2022-06-15,37.10026550292969
2022-06-16,35.96278381347656
2022-06-17,36.099281311035156
2022-06-21,36.68167495727539
2022-06-22,36.0264778137207
2022-06-23,36.13568115234375
2022-06-24,36.99106979370117
2022-06-27,37.03657531738281
2022-06-28,36.8090705871582
2022-06-29,36.66347885131836
2022-06-30,36.49057388305664
2022-07-01,36.26307678222656
2022-07-05,35.980987548828125
2022-07-06,35.7625846862793
2022-07-07,36.481475830078125
2022-07-08,36.481475830078125
2022-07-11,35.50778579711914
2022-07-12,35.37128829956055
2022-07-13,35.289390563964844
2022-07-14,34.97088623046875
2022-07-15,35.15289306640625
2022-07-18,35.39859390258789
2022-07-19,35.980987548828125
2022-07-20,35.82628631591797
2022-07-21,36.23577880859375
2022-07-22,35.87177658081055
2022-07-25,35.99918746948242
2022-07-26,35.717079162597656
2022-07-27,36.38137435913086
2022-07-28,36.53607177734375
2022-07-29,36.36317825317383
2022-08-01,36.053775787353516
2022-08-02,35.880882263183594
2022-08-03,36.1629753112793
2022-08-04,36.41777420043945
2022-08-05,36.45417785644531
2022-08-08,36.49967575073242
2022-08-09,36.36317825317383
2022-08-10,36.81817626953125
2022-08-11,36.963768005371094
2022-08-12,37.35506057739258
2022-08-15,37.18217086791992
2022-08-16,37.173065185546875
2022-08-17,37.01837158203125
2022-08-18,36.8090705871582
2022-08-19,36.3085823059082
2022-08-22,35.99007797241211
2022-08-23,36.181182861328125
2022-08-24,36.17207717895508
2022-08-25,36.95466995239258
2022-08-26,36.40867614746094
2022-08-29,36.181182861328125
2022-08-30,35.753482818603516
2022-08-31,35.880882263183594
2022-09-01,35.598785400390625
2022-09-02,35.27118682861328
2022-09-06,34.85259246826172
2022-09-07,35.16199493408203
2022-09-08,34.97088623046875
2022-09-09,35.48958969116211
2022-09-12,36.01737976074219
2022-09-13,34.90719223022461
2022-09-14,35.08009338378906
2022-09-15,34.70699691772461
2022-09-16,34.38850402832031
2022-09-19,34.49769973754883
2022-09-20,34.30660629272461
2022-09-21,33.73331069946289
2022-09-22,33.56951141357422
2022-09-23,32.741416931152344
2022-09-26,32.34101867675781
2022-09-27,32.30462646484375
2022-09-28,32.58672332763672
2022-09-29,31.858726501464844
2022-09-30,31.740428924560547
2022-10-03,32.259124755859375
2022-10-04,33.31471633911133
2022-10-05,33.33291244506836
2022-10-06,33.13270950317383
2022-10-07,32.44112777709961
2022-10-10,31.986122131347656
2022-10-11,31.476533889770508
2022-10-12,31.51293182373047
2022-10-13,31.603933334350586
2022-10-14,31.130735397338867
2022-10-17,31.986122131347656
2022-10-18,31.99522590637207
2022-10-19,31.41283416748047
2022-10-20,31.613035202026367
2022-10-21,32.09532928466797
2022-10-24,30.875946044921875
2022-10-25,31.130735397338867
2022-10-26,31.640335083007812
2022-10-27,31.394636154174805
2022-10-28,31.203542709350586
2022-10-31,31.112537384033203
2022-11-01,31.685834884643555
2022-11-02,31.42193603515625
2022-11-03,31.603933334350586
2022-11-04,32.94161605834961
2022-11-07,32.95981979370117
2022-11-08,33.1964225769043
2022-11-09,32.62312316894531
2022-11-10,33.80610656738281
2022-11-11,34.725196838378906
2022-11-14,34.51589584350586
2022-11-15,35.30759048461914
2022-11-16,34.7433967590332
2022-11-17,34.807090759277344
2022-11-18,34.60689163208008
2022-11-21,34.17010498046875
2022-11-22,34.25200653076172
2022-11-23,34.534095764160156
2022-11-25,34.37030029296875
2022-11-28,34.21559524536133
2022-11-29,34.95269775390625
2022-11-30,35.96278381347656
2022-12-01,35.844482421875
2022-12-02,35.980987548828125
2022-12-05,35.57148742675781
2022-12-06,35.5259895324707
2022-12-07,35.316688537597656
2022-12-08,35.744380950927734
2022-12-09,35.50778579711914
2022-12-12,35.39859390258789
2022-12-13,35.651729583740234
2022-12-14,35.67020797729492
2022-12-15,34.84797286987305
2022-12-16,34.94960021972656
2022-12-19,34.9773063659668
2022-12-20,34.96806716918945
2022-12-21,35.28218078613281
2022-12-22,34.96806716918945
2022-12-23,34.921878814697266
2022-12-27,35.439239501953125
2022-12-28,34.921878814697266
2022-12-29,35.50390625
2022-12-30,35.01426315307617
2023-01-03,35.30990219116211
2023-01-04,36.37233352661133
2023-01-05,36.261470794677734
2023-01-06,37.01903533935547
2023-01-09,37.29619216918945
2023-01-10,37.56412124633789
2023-01-11,37.72117233276367
2023-01-12,37.905941009521484
2023-01-13,38.1553840637207
2023-01-17,37.942901611328125
2023-01-18,37.68421936035156
2023-01-19,37.97061538696289
2023-01-20,38.552642822265625
2023-01-23,38.82979965209961
2023-01-24,38.857521057128906
2023-01-25,38.89447021484375
2023-01-26,39.26401901245117
2023-01-27,39.07923889160156
2023-01-30,38.29396057128906
2023-01-31,38.210819244384766
2023-02-01,38.68198013305664
2023-02-02,38.45101547241211
2023-02-03,37.767364501953125
2023-02-06,37.213050842285156
2023-02-07,37.36086654663086
2023-02-08,37.31467056274414
2023-02-09,37.49020004272461
2023-02-10,37.1298942565918
2023-02-13,37.434776306152344
2023-02-14,37.37010192871094
2023-02-15,37.05599594116211
2023-02-16,37.06523132324219
2023-02-17,36.65873336791992
2023-02-21,36.19680404663086
2023-02-22,36.02127456665039
2023-02-23,36.19680404663086
2023-02-24,35.38380432128906
2023-02-27,35.56857681274414
2023-02-28,35.31913757324219
2023-03-01,36.07670211791992
2023-03-02,36.20603942871094
2023-03-03,36.52939987182617
2023-03-06,36.40005111694336
2023-03-07,35.790306091308594
2023-03-08,35.93812561035156
2023-03-09,35.14360427856445
2023-03-10,34.958831787109375
2023-03-13,35.01426315307617
2023-03-14,35.032737731933594
2023-03-15,34.43223190307617
2023-03-16,34.958831787109375
2023-03-17,34.74634552001953
2023-03-20,34.87568283081055
2023-03-21,35.18979263305664
2023-03-22,35.3283805847168
2023-03-23,35.818023681640625
2023-03-24,35.72563171386719
2023-03-27,35.53162384033203
2023-03-28,36.03974151611328
2023-03-29,36.14137268066406
2023-03-30,36.50167465209961
2023-03-31,36.455482482910156
2023-04-03,36.52939987182617
2023-04-04,36.52939987182617
2023-04-05,36.24299621582031
2023-04-06,36.390811920166016
2023-04-10,36.427764892578125
2023-04-11,36.64949417114258
2023-04-12,36.390811920166016
2023-04-13,36.88969802856445
2023-04-14,36.6956901550293
2023-04-17,36.852745056152344
2023-04-18,36.806549072265625
2023-04-19,36.43700408935547
2023-04-20,36.38157653808594
2023-04-21,36.03974151611328
2023-04-24,35.95659637451172
2023-04-25,35.28218078613281
2023-04-26,35.48543167114258
2023-04-27,35.96583557128906
2023-04-28,36.15061569213867
2023-05-01,36.0305061340332
2023-05-02,35.67943572998047
2023-05-03,35.6240119934082
2023-05-04,35.910404205322266
2023-05-05,36.390811920166016
2023-05-08,36.4092903137207
2023-05-09,36.187564849853516
2023-05-10,36.169090270996094
2023-05-11,36.03974151611328
2023-05-12,35.614776611328125
2023-05-15,36.27070999145508
2023-05-16,36.01203536987305
2023-05-17,36.17832565307617
2023-05-18,35.984317779541016
2023-05-19,36.01203536987305
2023-05-22,36.30766677856445
2023-05-23,35.744110107421875
2023-05-24,35.4761962890625
2023-05-25,35.40228271484375
2023-05-26,36.0305061340332
2023-05-30,35.614776611328125
2023-05-31,35.28218078613281
2023-06-01,35.910404205322266
2023-06-02,36.52939987182617
2023-06-05,36.52015686035156
2023-06-06,36.843509674072266
2023-06-07,36.685218811035156
2023-06-08,36.945926666259766
2023-06-09,37.113525390625
2023-06-12,37.188011169433594
2023-06-13,37.56045150756836
2023-06-14,37.839778900146484
2023-06-15,38.19359588623047
2023-06-16,38.0632438659668
2023-06-20,37.31836700439453
2023-06-21,37.141456604003906
2023-06-22,37.01110076904297
2023-06-23,36.471065521240234
2023-06-26,36.59210968017578
2023-06-27,36.96454620361328
2023-06-28,36.741085052490234
2023-06-29,36.54555130004883
2023-06-30,36.83419418334961
2023-07-03,37.243873596191406
2023-07-05,37.02041244506836
2023-07-06,36.26622772216797
2023-07-07,36.675907135009766
2023-07-10,36.70383834838867
2023-07-11,37.07627487182617
2023-07-12,37.90495681762695
2023-07-13,38.3984375
2023-07-14,38.18428039550781
2023-07-17,38.23084259033203
2023-07-18,37.951507568359375
2023-07-19,37.87702178955078
2023-07-20,37.59769058227539
2023-07-21,37.54182815551758
2023-07-24,38.053932189941406
2023-07-25,38.37049865722656
2023-07-26,38.593963623046875
2023-07-27,38.119102478027344
2023-07-28,39.0408935546875
2023-07-31,39.05951690673828
2023-08-01,38.566036224365234
2023-08-02,37.644248962402344
2023-08-03,37.79322052001953
2023-08-04,37.746673583984375
2023-08-07,37.69080352783203
2023-08-08,37.23456954956055
2023-08-09,37.327674865722656
2023-08-10,37.383541107177734
2023-08-11,36.83419418334961
2023-08-14,36.657283782958984
2023-08-15,36.23828887939453
2023-08-16,35.912410736083984
2023-08-17,35.9962043762207
2023-08-18,35.75412368774414
2023-08-21,35.83792495727539
2023-08-22,35.763431549072266
2023-08-23,36.33140182495117
2023-08-24,36.191734313964844
2023-08-25,36.228981018066406
2023-08-28,36.58279800415039
2023-08-29,37.04834747314453
2023-08-30,36.927303314208984
2023-08-31,36.471065521240234
2023-09-01,36.89937210083008
2023-09-05,36.60142135620117
2023-09-06,36.39657974243164
2023-09-07,35.9682731628418
2023-09-08,36.042762756347656
2023-09-11,36.48968505859375
2023-09-12,36.377952575683594
2023-09-13,36.33140182495117
2023-09-14,36.573482513427734
2023-09-15,36.4338264465332
2023-09-18,36.38726806640625
2023-09-19,36.17311096191406
2023-09-20,36.024139404296875
2023-09-21,35.40030288696289
2023-09-22,35.819297790527344
2023-09-25,35.6610107421875
2023-09-26,35.1582145690918
2023-09-27,35.214088439941406
2023-09-28,35.307193756103516
2023-09-29,35.33512878417969
2023-10-02,35.1582145690918
2023-10-03,34.692665100097656
2023-10-04,34.59025192260742
2023-10-05,34.72060775756836
2023-10-06,35.22340393066406
2023-10-09,35.05580139160156
2023-10-10,35.558589935302734
2023-10-11,35.78205108642578
2023-10-12,35.38167953491211
2023-10-13,35.25132751464844
2023-10-16,35.51203918457031
2023-10-17,35.41892623901367
2023-10-18,34.87888717651367
2023-10-19,34.67405319213867
2023-10-20,34.25505447387695
2023-10-23,34.22712326049805
2023-10-24,34.664737701416016
2023-10-25,34.20850372314453
2023-10-26,34.04090118408203
2023-10-27,34.012969970703125
2023-10-30,34.36678695678711
2023-10-31,34.1712532043457
2023-11-01,34.487831115722656
2023-11-02,35.093040466308594
2023-11-03,35.80998611450195
2023-11-06,36.098628997802734
2023-11-07,36.033451080322266
2023-11-08,35.791358947753906
2023-11-09,35.4561653137207
2023-11-10,35.70756530761719
2023-11-13,35.6982536315918
2023-11-14,36.647979736328125
2023-11-15,36.95523452758789
2023-11-16,36.60142135620117
2023-11-17,36.647979736328125
2023-11-20,37.10421371459961
2023-11-21,36.87143325805664
2023-11-22,36.79695129394531
2023-11-24,36.81557846069336
2023-11-27,36.66659927368164
2023-11-28,36.97385787963867
2023-11-29,36.75970458984375
2023-11-30,36.83419418334961
2023-12-01,36.99247741699219
2023-12-04,36.573482513427734
2023-12-05,36.35002899169922
2023-12-06,36.30347442626953
2023-12-07,36.480377197265625
2023-12-08,36.322086334228516
2023-12-11,36.5362434387207
2023-12-12,36.54555130004883
2023-12-13,36.9086799621582
2023-12-14,37.4487190246582
2023-12-15,37.22525405883789
2023-12-18,37.206634521484375
2023-12-19,37.52320861816406
2023-12-20,36.847721099853516
2023-12-21,37.540283203125
2023-12-22,37.36003112792969
2023-12-26,37.65412521362305
2023-12-27,37.8723258972168
2023-12-28,38.16642761230469
2023-12-29,38.147457122802734
2024-01-02,37.701560974121094
2024-01-03,37.49284744262695
2024-01-04,37.36951446533203
2024-01-05,37.41695022583008
2024-01-08,37.52130889892578
2024-01-09,36.99003601074219
2024-01-10,36.9046516418457
2024-01-11,37.05644226074219
2024-01-12,37.18925857543945
2024-01-16,36.287986755371094
2024-01-17,35.747222900390625
2024-01-18,36.04132843017578
2024-01-19,36.42081069946289
2024-01-22,36.09824752807617
2024-01-23,36.41132354736328
2024-01-24,36.81926727294922
2024-01-25,36.86669921875
2024-01-26,36.89516067504883
2024-01-29,36.91413497924805
2024-01-30,36.62004089355469
2024-01-31,36.42081069946289
2024-02-01,36.771827697753906
2024-02-02,36.66747283935547
2024-02-05,36.714908599853516
2024-02-06,37.54977035522461
2024-02-07,37.597206115722656
2024-02-08,37.38848876953125
2024-02-09,37.54977035522461
2024-02-12,37.843868255615234
2024-02-13,37.13234329223633
2024-02-14,37.663612365722656
2024-02-15,37.843868255615234
2024-02-16,38.02412414550781
2024-02-20,38.08103942871094
2024-02-21,38.147457122802734
2024-02-22,38.53642272949219
2024-02-23,38.5174446105957
2024-02-26,38.3466796875
2024-02-27,38.422576904296875
2024-02-28,37.919761657714844
2024-02-29,37.93873977661133
2024-03-01,38.403602600097656
2024-03-04,38.31821823120117
2024-03-05,37.9766845703125
2024-03-06,38.52693557739258
2024-03-07,38.76411437988281
2024-03-08,38.72616195678711
2024-03-11,38.811546325683594
2024-03-12,39.23846435546875
2024-03-13,39.11513137817383
2024-03-14,38.9159049987793
2024-03-15,38.67873001098633
2024-03-18,38.745140075683594
2024-03-19,38.555397033691406
2024-03-20,38.99180221557617
2024-03-21,39.03923797607422
2024-03-22,38.76411437988281
2024-03-25,38.792572021484375
2024-03-26,38.76411437988281
2024-03-27,38.83052062988281
2024-03-28,38.97283172607422
2024-04-01,39.03923797607422
2024-04-02,39.16257095336914
2024-04-03,39.19103240966797
2024-04-04,39.04872512817383
2024-04-05,39.13410949707031
2024-04-08,39.390262603759766
2024-04-09,39.65589141845703
2024-04-10,39.11513137817383
2024-04-11,39.35231018066406
2024-04-12,38.45104217529297
2024-04-15,38.204376220703125
2024-04-16,37.701560974121094
2024-04-17,37.673099517822266
2024-04-18,37.824893951416016
2024-04-19,37.673099517822266
2024-04-22,38.08103942871094
2024-04-23,38.39411544799805
2024-04-24,38.52693557739258
2024-04-25,38.61232376098633
2024-04-26,39.05820846557617
2024-04-29,39.43769073486328
2024-04-30,38.8874397277832
2024-05-01,38.92538833618164
2024-05-02,39.9310188293457
2024-05-03,40.291526794433594
2024-05-06,40.32947540283203
2024-05-07,40.10178756713867
2024-05-08,40.111270904541016
2024-05-09,40.2346076965332
2024-05-10,40.31999206542969
2024-05-13,40.62358093261719
2024-05-14,40.84177017211914
2024-05-15,41.278175354003906
2024-05-16,41.363563537597656
2024-05-17,41.5438232421875
2024-05-20,41.39202880859375
2024-05-21,41.13587951660156
2024-05-22,41.0030632019043
2024-05-23,40.6994743347168
2024-05-24,40.813316345214844
2024-05-28,40.75638961791992
2024-05-29,40.14922332763672
2024-05-30,40.03537368774414
2024-05-31,39.64640808105469
2024-06-03,40.063838958740234
2024-06-04,39.50410079956055
2024-06-05,40.139732360839844
2024-06-06,40.338958740234375
2024-06-07,39.88358688354492
2024-06-10,40.12075424194336
2024-06-11,39.987022399902344
2024-06-12,40.38822937011719
2024-06-13,40.29270935058594
2024-06-14,40.34046936035156
2024-06-17,40.598388671875
2024-06-18,40.9709358215332
2024-06-20,40.90407180786133
2024-06-21,40.760780334472656
2024-06-24,40.760780334472656
2024-06-25,40.66525650024414
2024-06-26,40.579280853271484
2024-06-27,40.60793685913086
2024-06-28,40.68436050415039
2024-07-01,40.77988815307617
2024-07-02,40.90407180786133
2024-07-03,41.505882263183594
2024-07-05,41.677825927734375
2024-07-08,41.6873779296875
2024-07-09,41.85932922363281
2024-07-10,42.098140716552734
2024-07-11,42.34650802612305
2024-07-12,42.51845169067383
2024-07-15,42.06948471069336
2024-07-16,42.30829620361328
2024-07-17,41.620513916015625
2024-07-18,41.22885513305664
2024-07-19,40.82765197753906
2024-07-22,41.171539306640625
2024-07-23,40.80854797363281
2024-07-24,40.216285705566406
2024-07-25,40.053890228271484
2024-07-26,40.46465301513672
2024-07-29,40.33091735839844
2024-07-30,40.149417877197266
2024-07-31,41.028255462646484
2024-08-01,40.31181335449219
2024-08-02,39.73865509033203
2024-08-05,38.611454010009766
2024-08-06,38.8311653137207
2024-08-07,39.06998062133789
2024-08-08,39.958370208740234
2024-08-09,40.178077697753906
2024-08-12,40.31181335449219
2024-08-13,40.760780334472656
2024-08-14,40.54106903076172
2024-08-15,40.99003982543945
2024-08-16,41.46767044067383
2024-08-19,41.86887741088867
2024-08-20,41.54409408569336
2024-08-21,41.706485748291016
2024-08-22,41.19064712524414
2024-08-23,41.87843322753906
2024-08-26,41.52499008178711
2024-08-27,41.58230209350586
2024-08-28,41.32438278198242
2024-08-29,41.34348678588867
2024-08-30,41.42945861816406
2024-09-03,40.60793685913086
2024-09-04,40.598388671875
2024-09-05,40.65570068359375
2024-09-06,39.91060256958008
2024-09-09,40.24494552612305
2024-09-10,40.09210205078125
2024-09-11,40.38822937011719
2024-09-12,40.722572326660156
2024-09-13,40.91362380981445
2024-09-16,41.047359466552734
2024-09-17,41.09511947631836
2024-09-18,40.95183181762695
2024-09-19,41.82111358642578
2024-09-20,41.73514175415039
2024-09-23,42.059932708740234
2024-09-24,43.4928092956543
2024-09-25,43.03428649902344
2024-09-26,44.61046600341797
2024-09-27,44.52449035644531
2024-09-30,43.808048248291016
2024-10-01,44.12328338623047
2024-10-02,44.9925651550293
2024-10-03,44.45762634277344
2024-10-04,44.868385314941406
2024-10-07,45.24093246459961
2024-10-08,44.12328338623047
2024-10-09,43.884464263916016
2024-10-10,43.97043991088867
2024-10-11,44.285675048828125
2024-10-14,44.10417556762695
2024-10-15,43.168025970458984
2024-10-16,43.50236892700195
2024-10-17,43.43550109863281
2024-10-18,43.86536407470703
2024-10-21,43.5596809387207
2024-10-22,43.46415710449219
2024-10-23,43.20623779296875
2024-10-24,43.139373779296875
2024-10-25,43.101158142089844
2024-10-28,43.292205810546875
2024-10-29,43.15847396850586
2024-10-30,42.738162994384766
2024-10-31,42.46113967895508
2024-11-01,42.499351501464844
2024-11-04,42.738162994384766
2024-11-05,43.32086944580078
2024-11-06,42.785926818847656
2024-11-07,43.73162841796875
2024-11-08,42.652191162109375
2024-11-11,42.32740783691406
2024-11-12,41.52499008178711
2024-11-13,41.25751495361328
2024-11-14,41.028255462646484
2024-11-15,41.028255462646484
2024-11-18,41.4963264465332
2024-11-19,41.46767044067383
2024-11-20,41.4199104309082
2024-11-21,41.33393478393555
2024-11-22,41.34348678588867
2024-11-25,41.37215042114258
2024-11-26,41.200199127197266
2024-11-27,41.25751495361328
2024-11-29,41.32438278198242
2024-12-02,41.48677444458008
2024-12-03,41.572750091552734
2024-12-04,41.677825927734375
2024-12-05,41.95484924316406
2024-12-06,41.88798522949219
2024-12-09,42.747711181640625
2024-12-10,42.059932708740234
2024-12-11,42.23187255859375
2024-12-12,42.02172088623047
2024-12-13,42.059932708740234
2024-12-16,41.83066940307617
2024-12-17,41.73061752319336
2024-12-18,40.75923156738281
2024-12-19,40.895225524902344
2024-12-20,41.06036376953125
2024-12-23,41.29349136352539
2024-12-24,41.41977310180664
2024-12-26,41.274070739746094
2024-12-27,41.08950424194336
2024-12-30,40.75923156738281
2024-12-31,40.62323760986328
2025-01-02,40.5649528503418
2025-01-03,40.94379806518555
2025-01-06,41.08950424194336
2025-01-07,40.79808807373047
2025-01-08,40.60381317138672
2025-01-10,39.91413116455078
2025-01-13,39.642147064208984
2025-01-14,40.0889778137207
2025-01-15,40.613525390625
2025-01-16,40.5649528503418
2025-01-17,40.8855094909668
2025-01-21,41.322635650634766
2025-01-22,41.351776123046875
2025-01-23,41.44891357421875
2025-01-24,41.72090530395508
2025-01-27,40.96322250366211
2025-01-28,41.26435089111328
2025-01-29,41.274070739746094
2025-01-30,41.97346115112305
2025-01-31,41.49748229980469
2025-02-03,41.19635772705078
2025-02-04,41.93460464477539
2025-02-05,41.827754974365234
2025-02-06,42.002601623535156
2025-02-07,41.963748931884766
2025-02-10,42.468868255615234
2025-02-11,42.303733825683594
2025-02-12,42.536865234375
2025-02-13,42.8088493347168
2025-02-14,43.139122009277344
2025-02-18,43.411109924316406
2025-02-19,43.343109130859375
2025-02-20,43.74137878417969
2025-02-21,43.6151008605957
2025-02-24,42.944847106933594
2025-02-25,42.97399139404297
2025-02-26,43.40139389038086
2025-02-27,42.55629348754883
2025-02-28,41.97346115112305
2025-03-03,41.604339599609375
2025-03-04,41.95403289794922
2025-03-05,43.20711898803711
2025-03-06,42.93513488769531
2025-03-07,43.14883804321289
2025-03-10,42.11916732788086
2025-03-11,42.468868255615234
2025-03-12,42.701995849609375
2025-03-13,42.52714920043945
2025-03-14,43.30426025390625
2025-03-17,44.04250717163086
2025-03-18,43.819087982177734
2025-03-19,43.925941467285156
2025-03-20,43.51796340942383
2025-03-21,43.30426025390625
2025-03-24,43.498531341552734
2025-03-25,43.37225341796875
2025-03-26,43.109981536865234
2025-03-27,43.32368469238281
2025-03-28,42.51743698120117
2025-03-31,42.44944381713867
2025-04-01,42.58543395996094
2025-04-02,42.643714904785156
2025-04-03,41.740333557128906
2025-04-04,39.418724060058594
2025-04-07,37.951934814453125
2025-04-08,37.41767501831055
2025-04-09,40.011268615722656
2025-04-10,39.32158660888672
2025-04-11,40.55524444580078
2025-04-14,40.924373626708984
2025-04-15,40.8855094909668
2025-04-16,40.4095344543457
2025-04-17,40.720375061035156
2025-04-21,40.710662841796875
2025-04-22,41.322635650634766
2025-04-23,41.798614501953125
2025-04-24,42.284305572509766
2025-04-25,42.20659255981445
2025-04-28,42.284305572509766
2025-04-29,42.400875091552734
2025-04-30,42.50772476196289
2025-05-01,42.498008728027344
2025-05-02,43.71223831176758
2025-05-05,44.04250717163086
2025-05-06,43.86766052246094
2025-05-07,43.36254119873047
2025-05-08,43.33340072631836
2025-05-09,43.62481689453125
2025-05-12,44.567054748535156
2025-05-13,44.6447639465332
2025-05-14,44.9847526550293
2025-05-15,44.96532440185547
2025-05-16,44.93618392944336
2025-05-19,45.033321380615234
2025-05-20,44.9847526550293
2025-05-21,44.86818313598633
2025-05-22,44.722476959228516
2025-05-23,44.90704345703125
2025-05-27,44.80018615722656
2025-05-28,44.596195220947266
2025-05-29,44.76133346557617
2025-05-30,44.21735763549805
2025-06-02,44.53791046142578
2025-06-03,44.6447639465332
2025-06-04,45.198455810546875
2025-06-05,45.431583404541016
2025-06-06,45.577293395996094
2025-06-09,45.96584701538086
2025-06-10,46.22812271118164
2025-06-11,46.42239761352539
2025-06-12,46.50010681152344
2025-06-13,45.76185989379883
2025-06-16,46.32286834716797
2025-06-17,45.714778900146484
2025-06-18,45.7049674987793
2025-06-20,45.44015884399414
2025-06-23,45.8128547668457
2025-06-24,46.99961471557617
2025-06-25,47.038848876953125
2025-06-26,47.35270309448242
2025-06-27,47.166351318359375
2025-06-30,47.313472747802734
2025-07-01,47.4017448425293
2025-07-02,47.60771179199219
2025-07-03,47.823482513427734
2025-07-07,47.14673614501953
2025-07-08,47.440975189208984
2025-07-09,47.36251449584961
2025-07-10,47.490013122558594
2025-07-11,47.33308792114258
2025-07-14,47.4017448425293
2025-07-15,47.745018005371094
2025-07-16,47.970603942871094
2025-07-17,48.24522399902344
2025-07-18,48.1373405456543
2025-07-21,48.45119094848633
2025-07-22,48.480613708496094
2025-07-23,48.971012115478516
2025-07-24,48.706199645996094
2025-07-25,48.55907440185547
2025-07-28,48.235416412353516
2025-07-29,48.255035400390625
2025-07-30,47.901947021484375
2025-07-31,47.62732696533203
2025-08-01,47.27424240112305
2025-08-04,47.7646369934082
2025-08-05,47.901947021484375
2025-08-06,48.12752914428711
2025-08-07,48.5296516418457
2025-08-08,48.490421295166016
2025-08-11,48.353111267089844
2025-08-12,48.94158935546875
2025-08-13,49.53006362915039
2025-08-14,48.921974182128906
2025-08-15,48.98081970214844
2025-08-18,49.26525115966797
2025-08-19,48.86312484741211
2025-08-20,48.794471740722656
2025-08-21,48.68658447265625
2025-08-22,49.657569885253906
2025-08-25,49.373138427734375
2025-08-26,49.245635986328125
2025-08-27,48.95139694213867
2025-08-28,49.13774490356445
2025-08-29,48.90235900878906
2025-09-02,48.86312484741211
2025-09-03,49.04947280883789
2025-09-04,48.892547607421875
2025-09-05,49.48102569580078
2025-09-08,49.93218994140625
2025-09-09,50.206809997558594
2025-09-10,50.55009078979492
2025-09-11,51.28568649291992
2025-09-12,51.25625991821289
2025-09-15,51.62895965576172
2025-09-16,52.011470794677734
2025-09-17,52.23705291748047
2025-09-18,52.109554290771484
2025-09-19,51.99185562133789
2025-09-22,52.24686050415039
2025-09-23,52.276283264160156
2025-09-24,52.0997428894043
2025-09-25,51.79569625854492
2025-09-26,51.69761657714844
2025-09-29,52.16839599609375
2025-09-30,52.374366760253906
2025-10-01,52.78629684448242
2025-10-02,53.031494140625
2025-10-03,53.18842315673828
2025-10-06,53.43362045288086
2025-10-07,53.021690368652344
2025-10-08,53.44343185424805
2025-10-09,52.89418411254883
2025-10-10,50.942405700683594
2025-10-13,52.423404693603516
2025-10-14,51.9526252746582
2025-10-15,52.80591583251953
2025-10-16,53.14918899536133
2025-10-17,53.139381408691406
2025-10-20,53.865169525146484
2025-10-21,53.26689147949219
2025-10-22,53.21784591674805
2025-10-23,53.688629150390625
2025-10-24,54.04171371459961
2025-10-27,54.63999938964844
2025-10-28,54.62038040161133
2025-10-29,54.934234619140625
2025-10-30,54.36537551879883
2025-10-31,54.23787307739258
2025-11-03,54.581153869628906
2025-11-04,53.58074188232422
2025-11-05,54.06132888793945
2025-11-06,53.659202575683594
2025-11-07,53.50227737426758
2025-11-10,54.4438362121582
2025-11-11,54.502685546875
2025-11-12,54.51249313354492
2025-11-13,53.87498092651367
2025-11-14,53.90440368652344
2025-11-17,53.26689147949219
2025-11-18,53.002071380615234
2025-11-19,52.81571960449219
2025-11-20,52.089935302734375
2025-11-21,52.08012771606445
2025-11-24,52.629371643066406
2025-11-25,52.81571960449219
2025-11-26,53.19823455810547
2025-11-28,53.276695251464844
2025-12-01,53.237464904785156
2025-12-02,53.257080078125
2025-12-03,53.29631423950195
2025-12-04,53.28650665283203
2025-12-05,53.688629150390625
2025-12-08,53.57093048095703
2025-12-09,53.482662200927734
2025-12-10,54.0809440612793
2025-12-11,53.8259391784668
2025-12-12,53.19823455810547
2025-12-15,53.04130554199219
2025-12-16,52.70604705810547
2025-12-17,52.32801055908203
2025-12-18,52.92491149902344
2025-12-19,53.442222595214844
2025-12-22,53.73072052001953
2025-12-23,54.029170989990234
2025-12-24,54.13859939575195
2025-12-26,54.51663589477539
2025-12-29,54.37736129760742
2025-12-30,54.596221923828125
2025-12-31,54.427101135253906
2026-01-02,55.94919204711914
2026-01-05,56.565982818603516
2026-01-06,56.98381042480469
2026-01-07,56.556034088134766
2026-01-08,56.575931549072266
2026-01-09,56.84453582763672
2026-01-12,57.64039611816406
2026-01-13,57.21261978149414
2026-01-14,57.45138168334961
2026-01-15,57.78962326049805
2026-01-16,57.57075881958008
2026-01-20,57.01365661621094
2026-01-21,57.958744049072266
2026-01-22,58.39646911621094
2026-01-23,58.764556884765625
2026-01-26,58.864036560058594
2026-01-27,60.02798843383789
2026-01-28,60.43586730957031
2026-01-29,60.127471923828125
2026-01-30,58.79439926147461
2026-02-02,58.97346878051758
2026-02-03,59.291812896728516
2026-02-04,58.49595260620117
2026-02-05,58.22734832763672
2026-02-06,59.75938415527344
2026-02-09,60.19710922241211
2026-02-10,60.286643981933594
2026-02-11,61.24168014526367
2026-02-12,60.5452995300293
2026-02-13,60.803955078125
2026-02-17,60.55524826049805
2026-02-18,60.873592376708984
2026-02-19,60.724369049072266
2026-02-20,62.01764678955078
2026-02-23,61.331214904785156
2026-02-24,62.296199798583984
2026-02-25,62.98263168334961
2026-02-26,62.38573455810547
2026-02-27,62.25640869140625
2026-03-02,61.18199157714844
2026-03-03,58.117916107177734
2026-03-04,58.744659423828125
2026-03-05,57.33200454711914
2026-03-06,57.02360534667969
2026-03-09,58.147762298583984
2026-03-10,58.37657165527344
2026-03-11,58.52579879760742
2026-03-12,56.655517578125
2026-03-13,56.50629425048828
2026-03-16,58.078125
2026-03-17,58.44620895385742
2026-03-18,57.262367248535156
2026-03-19,57.322052001953125
2026-03-20,55.352291107177734
2026-03-23,57.01365661621094
2026-03-24,56.22774124145508
2026-03-25,57.123085021972656
2026-03-26,55.18317413330078
2026-03-27,54.91456985473633
2026-03-30,54.466896057128906
2026-03-31,56.49634552001953
2026-04-01,56.9340705871582
2026-04-02,56.29737854003906
2026-04-06,56.814693450927734
2026-04-07,57.01365661621094
2026-04-08,60.127471923828125
2026-04-09,59.968299865722656
2026-04-10,60.24685287475586
2026-04-13,60.754215240478516
2026-04-14,61.91816711425781
2026-04-15,61.87837219238281
2026-04-16,62.127079010009766
2026-04-17,63.3109245300293
2026-04-20,62.85330581665039
2026-04-21,61.9281120300293
2026-04-22,63.052268981933594
2026-04-23,62.02759552001953
2026-04-24,63.41040802001953
2026-04-27,63.3109245300293
2026-04-28,62.66428756713867
2026-04-29,62.36583709716797
2026-04-30,63.65911865234375
2026-05-01,63.79838943481445
2026-05-04,63.7685432434082
2026-05-05,65.06182861328125
2026-05-06,67.1410140991211
2026-05-07,66.24566650390625
2026-05-08,67.58869171142578
2026-05-11,67.53894805908203
2026-05-12,65.47965240478516
2026-05-13,66.86246490478516
2026-05-14,67.03158569335938
2026-05-15,64.73352813720703
2026-05-18,64.63404846191406
2026-05-19,63.9277229309082
2026-05-20,65.12151336669922
2026-05-21,65.68856811523438
2026-05-22,65.53933715820312
2026-05-26,68.04631042480469
2026-05-27,68.03636169433594
2026-05-28,68.2552261352539
2026-05-29,68.24527740478516
2026-06-01,69.7176284790039
2026-06-02,70.43390655517578
2026-06-03,69.5584487915039
2026-06-04,68.74269104003906
2026-06-05,64.25601196289062
2026-06-08,65.4100112915039
2026-06-09,65.47965240478516
2026-06-10,64.32565307617188
2026-06-11,67.15096282958984
2026-06-12,67.52899932861328
2026-06-15,69.75
2026-06-16,68.63999938964844
2026-06-17,68.55999755859375
2026-06-18,70.79000091552734
2026-06-22,71.20999908447266
2026-06-23,67.16999816894531
2026-06-24,67.25
2026-06-25,67.95999908447266
2026-06-26,67.19000244140625
2026-06-29,67.43000030517578
2026-06-30,68.41000366210938
2026-07-01,66.4800033569336
2026-07-02,65.69999694824219
2026-07-06,67.56999969482422
2026-07-07,65.72000122070312
2026-07-08,66.2300033569336
