date,adj_close
2001-08-27,21.856178283691406
2001-08-28,21.606149673461914
2001-08-29,21.507497787475586
2001-08-30,21.201343536376953
2001-08-31,21.252363204956055
2001-09-04,20.767623901367188
2001-09-05,20.640050888061523
2001-09-06,20.172311782836914
2001-09-07,20.05324935913086
2001-09-10,19.823637008666992
2001-09-17,18.956193923950195
2001-09-18,18.803117752075195
2001-09-19,18.752086639404297
2001-09-20,17.935670852661133
2001-09-21,17.433916091918945
2001-09-24,18.2418270111084
2001-09-25,18.454439163208008
2001-09-26,18.547983169555664
2001-09-27,18.84053611755371
2001-09-28,19.207916259765625
2001-10-01,19.104164123535156
2001-10-02,19.171619415283203
2001-10-03,19.367509841918945
2001-10-04,19.573619842529297
2001-10-05,19.604284286499023
2001-10-08,19.48674201965332
2001-10-09,19.435644149780273
2001-10-10,19.827423095703125
2001-10-11,19.96369171142578
2001-10-12,19.938148498535156
2001-10-15,19.623018264770508
2001-10-16,19.895559310913086
2001-10-17,19.912595748901367
2001-10-18,19.750774383544922
2001-10-19,19.554885864257812
2001-10-22,19.691162109375
2001-10-23,19.847869873046875
2001-10-24,20.047168731689453
2001-10-25,20.018203735351562
2001-10-26,20.147663116455078
2001-10-29,19.7269287109375
2001-10-30,19.5037899017334
2001-10-31,19.558290481567383
2001-11-01,19.97051429748535
2001-11-02,19.968809127807617
2001-11-05,20.168100357055664
2001-11-06,20.377622604370117
2001-11-07,20.193649291992188
2001-11-08,20.338441848754883
2001-11-09,20.30437469482422
2001-11-12,20.03183364868164
2001-11-13,20.215797424316406
2001-11-14,20.23624038696289
2001-11-15,20.323108673095703
2001-11-16,20.437236785888672
2001-11-19,20.539440155029297
2001-11-20,20.398061752319336
2001-11-21,20.34524917602539
2001-11-23,20.40998649597168
2001-11-26,20.607572555541992
2001-11-27,20.44745635986328
2001-11-28,20.09145736694336
2001-11-29,20.1357421875
2001-11-30,20.21238899230957
2001-12-03,20.040355682373047
2001-12-04,20.32482147216797
2001-12-05,20.813688278198242
2001-12-06,20.878419876098633
2001-12-07,20.563289642333984
2001-12-10,20.168100357055664
2001-12-11,20.20897674560547
2001-12-12,20.292449951171875
2001-12-13,19.812097549438477
2001-12-14,19.926223754882812
2001-12-17,20.162994384765625
2001-12-18,20.21750259399414
2001-12-19,20.00628089904785
2001-12-20,19.909191131591797
2001-12-21,20.009685516357422
2001-12-24,19.935029983520508
2001-12-26,19.91798210144043
2001-12-27,20.182191848754883
2001-12-28,20.342422485351562
2001-12-31,20.33560562133789
2002-01-02,20.448104858398438
2002-01-03,20.6322021484375
2002-01-04,20.768569946289062
2002-01-07,20.492431640625
2002-01-08,20.258899688720703
2002-01-09,20.045827865600586
2002-01-10,20.09355354309082
2002-01-11,19.979345321655273
2002-01-14,19.7799129486084
2002-01-15,19.764572143554688
2002-01-16,19.41683578491211
2002-01-17,19.696386337280273
2002-01-18,19.687864303588867
2002-01-22,19.45774269104004
2002-01-23,19.508886337280273
2002-01-24,19.614566802978516
2002-01-25,19.335018157958984
2002-01-28,19.51569938659668
2002-01-29,18.97365379333496
2002-01-30,19.183307647705078
2002-01-31,19.159439086914062
2002-02-01,19.116836547851562
2002-02-04,18.96001625061035
2002-02-05,18.58159828186035
2002-02-06,18.554323196411133
2002-02-07,18.760578155517578
2002-02-08,19.012853622436523
2002-02-11,19.24467658996582
2002-02-12,19.23615074157715
2002-02-13,19.261728286743164
2002-02-14,19.415132522583008
2002-02-15,19.29581069946289
2002-02-19,18.8867130279541
2002-02-20,18.971940994262695
2002-02-21,18.84239387512207
2002-02-22,18.978763580322266
2002-02-25,19.2174015045166
2002-02-26,19.10831069946289
2002-02-27,19.321378707885742
2002-02-28,19.389562606811523
2002-03-01,19.756046295166016
2002-03-04,20.43106460571289
2002-03-05,20.206052780151367
2002-03-06,20.41571617126465
2002-03-07,20.732765197753906
2002-03-08,20.763450622558594
2002-03-11,20.795841217041016
2002-03-12,20.557201385498047
2002-03-13,20.33560562133789
2002-03-14,20.536746978759766
2002-03-15,20.76516342163086
2002-03-18,20.74129295349121
2002-03-19,20.845279693603516
2002-03-20,20.577655792236328
2002-03-21,20.63050079345703
2002-03-22,20.448104858398438
2002-03-25,20.195823669433594
2002-03-26,20.323673248291016
2002-03-27,20.354352951049805
2002-03-28,20.471975326538086
2002-04-01,20.5861759185791
2002-04-02,20.506065368652344
2002-04-03,20.50946617126465
2002-04-04,20.48048973083496
2002-04-05,20.48048973083496
2002-04-08,20.243553161621094
2002-04-09,20.212871551513672
2002-04-10,20.47708511352539
2002-04-11,20.021963119506836
2002-04-12,20.226512908935547
2002-04-15,20.36969757080078
2002-04-16,20.751523971557617
2002-04-17,20.778789520263672
2002-04-18,20.845279693603516
2002-04-19,20.928796768188477
2002-04-22,20.782201766967773
2002-04-23,20.72765350341797
2002-04-24,20.62537956237793
2002-04-25,20.812891006469727
2002-04-26,20.6287841796875
2002-04-29,20.574241638183594
2002-04-30,20.78390884399414
2002-05-01,20.893001556396484
2002-05-02,20.836748123168945
2002-05-03,20.978233337402344
2002-05-06,20.761749267578125
2002-05-07,20.489017486572266
2002-05-08,20.940731048583984
2002-05-09,20.838455200195312
2002-05-10,20.666288375854492
2002-05-13,20.973115921020508
2002-05-14,20.996984481811523
2002-05-15,21.085615158081055
2002-05-16,21.19300651550293
2002-05-17,21.38220977783203
2002-05-20,21.27311897277832
2002-05-21,21.240732192993164
2002-05-22,21.281641006469727
2002-05-23,21.302093505859375
2002-05-24,21.16232681274414
2002-05-28,21.11971092224121
2002-05-29,21.0992488861084
2002-05-30,21.0054988861084
2002-05-31,20.89470863342285
2002-06-03,20.855499267578125
2002-06-04,20.736183166503906
2002-06-05,20.693567276000977
2002-06-06,20.489017486572266
2002-06-07,20.32707977294922
2002-06-10,20.393556594848633
2002-06-11,20.29299545288086
2002-06-12,20.180479049682617
2002-06-13,19.841276168823242
2002-06-14,19.612863540649414
2002-06-17,19.923099517822266
2002-06-18,19.970815658569336
2002-06-19,19.432174682617188
2002-06-20,19.341835021972656
2002-06-21,19.363998413085938
2002-06-24,19.36569595336914
2002-06-25,19.38104248046875
2002-06-26,19.384450912475586
2002-06-27,19.863435745239258
2002-06-28,20.207761764526367
2002-07-01,20.045827865600586
2002-07-02,19.679344177246094
2002-07-03,19.49184226989746
2002-07-05,20.248668670654297
2002-07-08,20.233325958251953
2002-07-09,19.986160278320312
2002-07-10,19.42535972595215
2002-07-11,19.346946716308594
2002-07-12,19.082740783691406
2002-07-15,18.85944175720215
2002-07-16,18.494657516479492
2002-07-17,18.963417053222656
2002-07-18,19.038421630859375
2002-07-19,18.365110397338867
2002-07-22,17.7020320892334
2002-07-23,17.199180603027344
2002-07-24,17.814538955688477
2002-07-25,17.62532615661621
2002-07-26,17.62532615661621
2002-07-29,18.46909523010254
2002-07-30,18.35147476196289
2002-07-31,18.28158950805664
2002-08-01,17.642372131347656
2002-08-02,17.574186325073242
2002-08-05,16.97759246826172
2002-08-06,17.349180221557617
2002-08-07,17.68498420715332
2002-08-08,18.085556030273438
2002-08-09,18.256019592285156
2002-08-12,18.051469802856445
2002-08-13,17.87930679321289
2002-08-14,18.298635482788086
2002-08-15,18.443527221679688
2002-08-16,18.443527221679688
2002-08-19,18.775915145874023
2002-08-20,18.273069381713867
2002-08-21,18.733299255371094
2002-08-22,18.78784942626953
2002-08-23,18.554323196411133
2002-08-26,18.639545440673828
2002-08-27,18.803192138671875
2002-08-28,18.29011344909668
2002-08-29,18.111133575439453
2002-08-30,18.10261344909668
2002-09-03,17.39521026611328
2002-09-04,17.39862060546875
2002-09-05,17.26736831665039
2002-09-06,17.519641876220703
2002-09-09,17.44123649597168
2002-09-10,17.574186325073242
2002-09-11,17.737829208374023
2002-09-12,17.444643020629883
2002-09-13,17.015092849731445
2002-09-16,16.875316619873047
2002-09-17,16.790082931518555
2002-09-18,16.781557083129883
2002-09-19,16.49178123474121
2002-09-20,16.40144157409668
2002-09-23,15.818475723266602
2002-09-24,15.562788963317871
2002-09-25,15.954841613769531
2002-09-26,16.517349243164062
2002-09-27,16.51223373413086
2002-09-30,16.22757339477539
2002-10-01,16.62474250793457
2002-10-02,16.396324157714844
2002-10-03,16.21564483642578
2002-10-04,15.937798500061035
2002-10-07,15.545748710632324
2002-10-08,15.586654663085938
2002-10-09,15.34119701385498
2002-10-10,15.69915771484375
2002-10-11,16.270187377929688
2002-10-14,15.852563858032227
2002-10-15,16.960542678833008
2002-10-16,16.662240982055664
2002-10-17,16.900880813598633
2002-10-18,16.764509201049805
2002-10-21,17.003154754638672
2002-10-22,16.808834075927734
2002-10-23,16.653717041015625
2002-10-24,16.49178123474121
2002-10-25,16.773040771484375
2002-10-28,16.849746704101562
2002-10-29,16.474735260009766
2002-10-30,16.73894691467285
2002-10-31,16.849746704101562
2002-11-01,17.112247467041016
2002-11-04,17.335552215576172
2002-11-05,17.59975814819336
2002-11-06,17.608280181884766
2002-11-07,17.309974670410156
2002-11-08,17.165088653564453
2002-11-11,16.82929039001465
2002-11-12,17.139522552490234
2002-11-13,16.943492889404297
2002-11-14,17.32191276550293
2002-11-15,17.58270835876465
2002-11-18,17.36111831665039
2002-11-19,17.199180603027344
2002-11-20,17.437822341918945
2002-11-21,17.863969802856445
2002-11-22,17.77873420715332
2002-11-25,17.640670776367188
2002-11-26,17.22815704345703
2002-11-27,17.7054443359375
2002-11-29,17.7957820892334
2002-12-02,17.884414672851562
2002-12-03,17.567371368408203
2002-12-04,17.487260818481445
2002-12-05,17.291229248046875
2002-12-06,17.412248611450195
2002-12-09,16.965654373168945
2002-12-10,17.19577407836914
2002-12-11,17.173612594604492
2002-12-12,17.139522552490234
2002-12-13,16.97759246826172
2002-12-16,17.344074249267578
2002-12-17,17.25714111328125
2002-12-18,16.892358779907227
2002-12-19,16.986106872558594
2002-12-20,17.088388442993164
2002-12-23,17.1199951171875
2002-12-24,17.088729858398438
2002-12-26,17.146060943603516
2002-12-27,16.876794815063477
2002-12-30,17.12868881225586
2002-12-31,17.199914932250977
2003-01-02,17.562986373901367
2003-01-03,17.580354690551758
2003-01-06,17.79750633239746
2003-01-07,17.51955223083496
2003-01-08,17.281558990478516
2003-01-09,17.49349594116211
2003-01-10,17.47091293334961
2003-01-13,17.50739288330078
2003-01-14,17.64115333557129
2003-01-15,17.47264862060547
2003-01-16,17.545612335205078
2003-01-17,17.361469268798828
2003-01-21,17.05573081970215
2003-01-22,16.815998077392578
2003-01-23,16.934123992919922
2003-01-24,16.755189895629883
2003-01-27,16.308732986450195
2003-01-28,16.378217697143555
2003-01-29,16.338272094726562
2003-01-30,16.327838897705078
2003-01-31,16.45987319946289
2003-02-03,16.718711853027344
2003-02-04,16.47723960876465
2003-02-05,16.50503158569336
2003-02-06,16.345212936401367
2003-02-07,16.108957290649414
2003-02-10,16.164546966552734
2003-02-11,16.242725372314453
2003-02-12,16.070741653442383
2003-02-13,16.30699920654297
2003-02-14,16.46160316467285
2003-02-18,16.703075408935547
2003-02-19,16.31220817565918
2003-02-20,16.329580307006836
2003-02-21,16.433809280395508
2003-02-24,16.234037399291992
2003-02-25,16.03425407409668
2003-02-26,15.84317398071289
2003-02-27,15.865755081176758
2003-02-28,16.1124324798584
2003-03-03,16.18191909790039
2003-03-04,15.947402000427246
2003-03-05,15.973453521728516
2003-03-06,15.791050910949707
2003-03-07,15.6763916015625
2003-03-10,15.242096900939941
2003-03-11,15.191720008850098
2003-03-12,15.016264915466309
2003-03-13,15.445356369018555
2003-03-14,15.521787643432617
2003-03-17,15.959558486938477
2003-03-18,16.027311325073242
2003-03-19,16.1124324798584
2003-03-20,16.214923858642578
2003-03-21,16.607528686523438
2003-03-24,16.069002151489258
2003-03-25,16.2479305267334
2003-03-26,16.256622314453125
2003-03-27,16.14717674255371
2003-03-28,16.042943954467773
2003-03-31,15.738937377929688
2003-04-01,15.983882904052734
2003-04-02,16.2479305267334
2003-04-03,16.1575984954834
2003-04-04,16.374746322631836
2003-04-07,16.58668327331543
2003-04-08,16.590158462524414
2003-04-09,16.527618408203125
2003-04-10,16.442501068115234
2003-04-11,16.34868812561035
2003-04-14,16.597103118896484
2003-04-15,16.824682235717773
2003-04-16,16.713504791259766
2003-04-17,16.95496940612793
2003-04-21,16.89590072631836
2003-04-22,17.140850067138672
2003-04-23,17.29198455810547
2003-04-24,17.15648651123047
2003-04-25,16.85247039794922
2003-04-28,17.151269912719727
2003-04-29,17.250288009643555
2003-04-30,17.33888816833496
2003-05-01,17.410110473632812
2003-05-02,17.56125259399414
2003-05-05,17.695016860961914
2003-05-06,18.068504333496094
2003-05-07,17.9017333984375
2003-05-08,17.63247299194336
2003-05-09,17.85483169555664
2003-05-12,17.997285842895508
2003-05-13,17.99553871154785
2003-05-14,18.00075912475586
2003-05-15,18.032024383544922
2003-05-16,18.2543888092041
2003-05-19,17.76102066040039
2003-05-20,17.93821907043457
2003-05-21,17.75234031677246
2003-05-22,17.990337371826172
2003-05-23,18.092832565307617
2003-05-27,18.24917984008789
2003-05-28,18.33603858947754
2003-05-29,18.422895431518555
2003-05-30,18.457639694213867
2003-06-02,18.629619598388672
2003-06-03,18.674781799316406
2003-06-04,18.787702560424805
2003-06-05,18.977060317993164
2003-06-06,19.091707229614258
2003-06-09,18.954477310180664
2003-06-10,19.10734748840332
2003-06-11,19.421781539916992
2003-06-12,19.473896026611328
2003-06-13,19.360979080200195
2003-06-16,19.64413833618164
2003-06-17,19.684093475341797
2003-06-18,19.62849998474121
2003-06-19,19.395721435546875
2003-06-20,19.421781539916992
2003-06-23,19.20636558532715
2003-06-24,19.05522346496582
2003-06-25,18.865869522094727
2003-06-26,18.952743530273438
2003-06-27,18.810287475585938
2003-06-30,18.815492630004883
2003-07-01,18.926679611206055
2003-07-02,19.300167083740234
2003-07-03,19.195938110351562
2003-07-07,19.54859161376953
2003-07-08,19.456523895263672
2003-07-09,19.355762481689453
2003-07-10,19.25674819946289
2003-07-11,19.215055465698242
2003-07-14,19.421781539916992
2003-07-15,19.239370346069336
2003-07-16,19.095186233520508
2003-07-17,18.796390533447266
2003-07-18,19.091707229614258
2003-07-21,18.945783615112305
2003-07-22,18.900617599487305
2003-07-23,19.180307388305664
2003-07-24,19.211578369140625
2003-07-25,19.45304298400879
2003-07-28,19.503427505493164
2003-07-29,19.421781539916992
2003-07-30,19.260223388671875
2003-07-31,19.10039710998535
2003-08-01,19.096925735473633
2003-08-04,19.15251350402832
2003-08-05,18.97357940673828
2003-08-06,18.944049835205078
2003-08-07,19.05697250366211
2003-08-08,19.11603355407715
2003-08-11,19.300167083740234
2003-08-12,19.38182258605957
2003-08-13,19.395721435546875
2003-08-14,19.67193031311035
2003-08-15,19.626760482788086
2003-08-18,19.89950942993164
2003-08-19,19.8560733795166
2003-08-20,19.819597244262695
2003-08-21,19.8560733795166
2003-08-22,19.741418838500977
2003-08-25,19.661516189575195
2003-08-26,19.55901336669922
2003-08-27,19.593759536743164
2003-08-28,19.708415985107422
2003-08-29,19.729265213012695
2003-09-02,20.028059005737305
2003-09-03,20.290372848510742
2003-09-04,20.266056060791016
2003-09-05,20.30600357055664
2003-09-08,20.39634132385254
2003-09-09,20.436298370361328
2003-09-10,20.229562759399414
2003-09-11,20.342493057250977
2003-09-12,20.42935562133789
2003-09-15,20.4884090423584
2003-09-16,20.691659927368164
2003-09-17,20.827167510986328
2003-09-18,21.046045303344727
2003-09-19,20.967872619628906
2003-09-22,20.731616973876953
2003-09-23,20.778518676757812
2003-09-24,20.677764892578125
2003-09-25,20.411977767944336
2003-09-26,20.32511329650879
2003-09-29,20.585693359375
2003-09-30,20.32511329650879
2003-10-01,20.992198944091797
2003-10-02,20.959190368652344
2003-10-03,21.264938354492188
2003-10-06,21.4872989654541
2003-10-07,21.45429229736328
2003-10-08,21.36569595336914
2003-10-09,21.51335334777832
2003-10-10,21.60369110107422
2003-10-13,21.817363739013672
2003-10-14,21.932016372680664
2003-10-15,21.723552703857422
2003-10-16,21.85384178161621
2003-10-17,21.740928649902344
2003-10-20,21.973711013793945
2003-10-21,21.89900779724121
2003-10-22,21.685338973999023
2003-10-23,21.410860061645508
2003-10-24,21.45254898071289
2003-10-27,21.548091888427734
2003-10-28,21.801725387573242
2003-10-29,21.775671005249023
2003-10-30,21.79999351501465
2003-10-31,21.645383834838867
2003-11-03,21.75481605529785
2003-11-04,21.874696731567383
2003-11-05,21.749610900878906
2003-11-06,21.558523178100586
2003-11-07,21.758298873901367
2003-11-10,21.57762908935547
2003-11-11,21.49598503112793
2003-11-12,21.944185256958008
2003-11-13,22.069255828857422
2003-11-14,21.919864654541016
2003-11-17,21.542888641357422
2003-11-18,21.62801170349121
2003-11-19,21.680124282836914
2003-11-20,21.54114532470703
2003-11-21,21.773935317993164
2003-11-24,21.937227249145508
2003-11-25,21.97197151184082
2003-11-26,22.157846450805664
2003-11-28,22.192594528198242
2003-12-01,22.63210105895996
2003-12-02,22.685956954956055
2003-12-03,22.73113250732422
2003-12-04,22.78324317932129
2003-12-05,22.619943618774414
2003-12-08,22.809297561645508
2003-12-09,22.713754653930664
2003-12-10,22.55044937133789
2003-12-11,22.800607681274414
2003-12-12,22.875316619873047
2003-12-15,22.722434997558594
2003-12-16,23.013591766357422
2003-12-17,22.959550857543945
2003-12-18,23.301259994506836
2003-12-19,23.17050552368164
2003-12-22,23.323646545410156
2003-12-23,23.373044967651367
2003-12-24,23.42949867248535
2003-12-26,23.387163162231445
2003-12-29,23.78058624267578
2003-12-30,23.826465606689453
2003-12-31,24.131681442260742
2004-01-02,24.19695472717285
2004-01-05,24.662723541259766
2004-01-06,24.69977569580078
2004-01-07,24.452777862548828
2004-01-08,24.803869247436523
2004-01-09,24.646848678588867
2004-01-12,24.639795303344727
2004-01-13,24.496883392333984
2004-01-14,24.708593368530273
2004-01-15,24.55863380432129
2004-01-16,24.470415115356445
2004-01-20,24.735061645507812
2004-01-21,25.034990310668945
2004-01-22,25.05086326599121
2004-01-23,24.78268814086914
2004-01-26,24.86208724975586
2004-01-27,24.752708435058594
2004-01-28,24.43513298034668
2004-01-29,24.466896057128906
2004-01-30,24.40338134765625
2004-02-02,24.3469181060791
2004-02-03,24.391029357910156
2004-02-04,24.126386642456055
2004-02-05,24.22694969177246
2004-02-06,24.683889389038086
2004-02-09,24.839155197143555
2004-02-10,24.946781158447266
2004-02-11,25.22905158996582
2004-02-12,25.00851821899414
2004-02-13,24.976755142211914
2004-02-17,25.458404541015625
2004-02-18,25.105560302734375
2004-02-19,25.273160934448242
2004-02-20,24.964418411254883
2004-02-23,25.034990310668945
2004-02-24,24.937957763671875
2004-02-25,24.752708435058594
2004-02-26,24.761524200439453
2004-02-27,24.964418411254883
2004-03-01,25.29962158203125
2004-03-02,24.89384651184082
2004-03-03,24.84091567993164
2004-03-04,24.920307159423828
2004-03-05,25.211416244506836
2004-03-08,25.049100875854492
2004-03-09,24.876197814941406
2004-03-10,24.477481842041016
2004-03-11,24.080520629882812
2004-03-12,24.2922306060791
2004-03-15,23.8793888092041
2004-03-16,24.09992027282715
2004-03-17,24.602731704711914
2004-03-18,24.593915939331055
2004-03-19,24.276355743408203
2004-03-22,23.960546493530273
2004-03-23,24.144031524658203
2004-03-24,24.048757553100586
2004-03-25,24.505699157714844
2004-03-26,24.39984893798828
2004-03-29,24.752708435058594
2004-03-30,24.805631637573242
2004-03-31,24.9820613861084
2004-04-01,25.313753128051758
2004-04-02,25.386079788208008
2004-04-05,25.386079788208008
2004-04-06,25.308446884155273
2004-04-07,25.347257614135742
2004-04-08,25.29433250427246
2004-04-12,25.458404541015625
2004-04-13,25.132022857666016
2004-04-14,24.8726749420166
2004-04-15,24.69977569580078
2004-04-16,24.964418411254883
2004-04-19,24.99087905883789
2004-04-20,24.646848678588867
2004-04-21,24.814453125
2004-04-22,24.99087905883789
2004-04-23,24.955596923828125
2004-04-26,24.94854164123535
2004-04-27,24.973234176635742
2004-04-28,24.512758255004883
2004-04-29,24.24988555908203
2004-04-30,24.13520622253418
2004-05-03,24.3822021484375
2004-05-04,24.692718505859375
2004-05-05,24.964418411254883
2004-05-06,24.43513298034668
2004-05-07,23.773540496826172
2004-05-10,23.164859771728516
2004-05-11,23.33246612548828
2004-05-12,23.482437133789062
2004-05-13,23.235431671142578
2004-05-14,23.21602439880371
2004-05-17,22.96196746826172
2004-05-18,23.20543670654297
2004-05-19,23.43479347229004
2004-05-20,23.46478843688965
2004-05-21,23.637683868408203
2004-05-24,23.78941535949707
2004-05-25,24.144031524658203
2004-05-26,24.09992027282715
2004-05-27,24.55863380432129
2004-05-28,24.410436630249023
2004-06-01,24.468658447265625
2004-06-02,24.539226531982422
2004-06-03,24.30281639099121
2004-06-04,24.593915939331055
2004-06-07,25.137313842773438
2004-06-08,24.996166229248047
2004-06-09,24.567455291748047
2004-06-10,24.85856056213379
2004-06-14,24.26047134399414
2004-06-15,24.69095802307129
2004-06-16,24.682126998901367
2004-06-17,24.84091567993164
2004-06-18,24.885026931762695
2004-06-21,24.796804428100586
2004-06-22,24.807395935058594
2004-06-23,24.964418411254883
2004-06-24,25.061452865600586
2004-06-25,24.96969985961914
2004-06-28,25.12320327758789
2004-06-29,25.07027244567871
2004-06-30,25.22905158996582
2004-07-01,24.911483764648438
2004-07-02,25.05086326599121
2004-07-06,24.63802146911621
2004-07-07,24.92913246154785
2004-07-08,24.77035140991211
2004-07-09,24.98029136657715
2004-07-12,25.052637100219727
2004-07-13,24.92913246154785
2004-07-14,24.787994384765625
2004-07-15,24.479238510131836
2004-07-16,24.67683982849121
2004-07-19,24.696245193481445
2004-07-20,24.708593368530273
2004-07-21,24.17225456237793
2004-07-22,24.30281639099121
2004-07-23,23.854692459106445
2004-07-26,23.854692459106445
2004-07-27,24.002883911132812
2004-07-28,24.034643173217773
2004-07-29,24.064632415771484
2004-07-30,24.15285301208496
2004-08-02,24.267534255981445
2004-08-03,24.10874366760254
2004-08-04,24.1052188873291
2004-08-05,23.747068405151367
2004-08-06,23.7117862701416
2004-08-09,23.685319900512695
2004-08-10,23.8793888092041
2004-08-11,23.79999351501465
2004-08-12,23.535350799560547
2004-08-13,23.676502227783203
2004-08-16,23.9146728515625
2004-08-17,23.93231964111328
2004-08-18,24.114038467407227
2004-08-19,24.057579040527344
2004-08-20,24.170494079589844
2004-08-23,23.97466278076172
2004-08-24,23.969364166259766
2004-08-25,24.223426818847656
2004-08-26,24.24106788635254
2004-08-27,24.30281639099121
2004-08-30,24.214603424072266
2004-08-31,24.440433502197266
2004-09-01,24.461593627929688
2004-09-02,24.71741485595703
2004-09-03,24.389257431030273
2004-09-07,24.729766845703125
2004-09-08,24.71741485595703
2004-09-09,24.63802146911621
2004-09-10,24.82326889038086
2004-09-13,24.911483764648438
2004-09-14,24.973234176635742
2004-09-15,24.615089416503906
2004-09-16,24.777406692504883
2004-09-17,24.85856056213379
2004-09-20,24.703298568725586
2004-09-21,25.089677810668945
2004-09-22,24.682126998901367
2004-09-23,24.615089416503906
2004-09-24,24.646848678588867
2004-09-27,24.523344039916992
2004-09-28,24.763282775878906
2004-09-29,24.85856056213379
2004-09-30,24.946781158447266
2004-10-01,25.334915161132812
2004-10-04,25.373727798461914
2004-10-05,25.387842178344727
2004-10-06,25.483112335205078
2004-10-07,25.308446884155273
2004-10-08,25.484880447387695
2004-10-11,25.546615600585938
2004-10-12,25.25551986694336
2004-10-13,25.079090118408203
2004-10-14,24.946781158447266
2004-10-15,25.23082160949707
2004-10-18,25.33137321472168
2004-10-19,25.281982421875
2004-10-20,25.379016876220703
2004-10-21,25.5272159576416
2004-10-22,25.370197296142578
2004-10-25,25.343734741210938
2004-10-26,25.484880447387695
2004-10-27,25.74951934814453
2004-10-28,25.82008934020996
2004-10-29,25.82008934020996
2004-11-01,25.864200592041016
2004-11-02,26.065317153930664
2004-11-03,26.37406349182129
2004-11-04,26.742794036865234
2004-11-05,26.868059158325195
2004-11-08,26.681053161621094
2004-11-09,26.61400604248047
2004-11-10,26.562837600708008
2004-11-11,26.852184295654297
2004-11-12,27.16975212097168
2004-11-15,27.196216583251953
2004-11-16,26.966867446899414
2004-11-17,27.310894012451172
2004-11-18,27.24913787841797
2004-11-19,27.072725296020508
2004-11-22,27.15210723876953
2004-11-23,27.20504379272461
2004-11-24,27.328529357910156
2004-11-26,27.487319946289062
2004-11-29,27.575532913208008
2004-11-30,27.390287399291992
2004-12-01,27.866640090942383
2004-12-02,27.822538375854492
2004-12-03,27.988365173339844
2004-12-06,27.81723403930664
2004-12-07,27.665508270263672
2004-12-08,27.64610481262207
2004-12-09,27.531421661376953
2004-12-10,27.261505126953125
2004-12-13,27.672571182250977
2004-12-14,27.681381225585938
2004-12-15,27.8489990234375
2004-12-16,27.672571182250977
2004-12-17,27.593181610107422
2004-12-20,27.845462799072266
2004-12-21,28.041303634643555
2004-12-22,28.08363914489746
2004-12-23,28.267969131469727
2004-12-27,28.490108489990234
2004-12-28,28.67999839782715
2004-12-29,28.542057037353516
2004-12-30,28.54564094543457
2004-12-31,28.706857681274414
2005-01-03,28.500850677490234
2005-01-04,27.954483032226562
2005-01-05,27.936573028564453
2005-01-06,27.936573028564453
2005-01-07,27.811176300048828
2005-01-10,27.936573028564453
2005-01-11,27.882827758789062
2005-01-12,28.10674476623535
2005-01-13,27.86491584777832
2005-01-14,27.999269485473633
2005-01-18,28.020782470703125
2005-01-19,27.73056411743164
2005-01-20,27.54605484008789
2005-01-21,27.65532684326172
2005-01-24,27.703683853149414
2005-01-25,27.712644577026367
2005-01-26,28.047637939453125
2005-01-27,28.088842391967773
2005-01-28,28.026140213012695
2005-01-31,28.160491943359375
2005-02-01,28.336040496826172
2005-02-02,28.375452041625977
2005-02-03,28.221393585205078
2005-02-04,28.366498947143555
2005-02-07,28.18737030029297
2005-02-08,28.18737030029297
2005-02-09,28.115703582763672
2005-02-10,28.407697677612305
2005-02-11,28.604747772216797
2005-02-14,28.826889038085938
2005-02-15,29.020355224609375
2005-02-16,28.764190673828125
2005-02-17,28.823301315307617
2005-02-18,28.96660804748535
2005-02-22,28.898540496826172
2005-02-23,28.912874221801758
2005-02-24,28.957653045654297
2005-02-25,29.29444122314453
2005-02-28,29.22636604309082
2005-03-01,29.38759422302246
2005-03-02,29.167251586914062
2005-03-03,29.181577682495117
2005-03-04,29.692119598388672
2005-03-07,29.56672477722168
2005-03-08,29.6473331451416
2005-03-09,29.512983322143555
2005-03-10,29.609731674194336
2005-03-11,29.602554321289062
2005-03-14,29.507610321044922
2005-03-15,29.32489013671875
2005-03-16,29.358930587768555
2005-03-17,29.32489013671875
2005-03-18,29.265777587890625
2005-03-21,29.066930770874023
2005-03-22,28.733739852905273
2005-03-23,28.542057037353516
2005-03-24,28.53667640686035
2005-03-28,28.53667640686035
2005-03-29,28.24109649658203
2005-03-30,28.47219467163086
2005-03-31,28.45966148376465
2005-04-01,28.39337921142578
2005-04-04,28.402324676513672
2005-04-05,28.554590225219727
2005-04-06,28.635208129882812
2005-04-07,28.751651763916016
2005-04-08,28.751651763916016
2005-04-11,28.859134674072266
2005-04-12,28.9307804107666
2005-04-13,28.62626075744629
2005-04-14,28.25006866455078
2005-04-15,27.90432357788086
2005-04-18,27.802215576171875
2005-04-19,28.17123794555664
2005-04-20,27.811176300048828
2005-04-21,28.314556121826172
2005-04-22,28.214242935180664
2005-04-25,28.362930297851562
2005-04-26,28.008228302001953
2005-04-27,27.932985305786133
2005-04-28,27.556793212890625
2005-04-29,27.999269485473633
2005-05-02,27.99030876159668
2005-05-03,28.051218032836914
2005-05-04,28.384424209594727
2005-05-05,28.42561149597168
2005-05-06,28.30201530456543
2005-05-09,28.366498947143555
2005-05-10,27.972393035888672
2005-05-11,28.097797393798828
2005-05-12,27.74846649169922
2005-05-13,27.587255477905273
2005-05-16,27.69832992553711
2005-05-17,27.69474220275879
2005-05-18,28.008228302001953
2005-05-19,28.027931213378906
2005-05-20,27.90970230102539
2005-05-23,28.14078712463379
2005-05-24,28.06734275817871
2005-05-25,27.99030876159668
2005-05-26,28.008228302001953
2005-05-27,28.124664306640625
2005-05-31,27.757434844970703
2005-06-01,27.925825119018555
2005-06-02,28.164072036743164
2005-06-03,27.900737762451172
2005-06-06,28.08525848388672
2005-06-07,28.228574752807617
2005-06-08,28.124664306640625
2005-06-09,28.235727310180664
2005-06-10,28.128250122070312
2005-06-13,28.031513214111328
2005-06-14,27.999269485473633
2005-06-15,28.165868759155273
2005-06-16,28.257234573364258
2005-06-17,28.681785583496094
2005-06-20,28.413084030151367
2005-06-21,28.6280460357666
2005-06-22,28.542057037353516
2005-06-23,28.21961212158203
2005-06-24,28.214242935180664
2005-06-27,28.149738311767578
2005-06-28,28.31096839904785
2005-06-29,28.19274139404297
2005-06-30,28.155120849609375
2005-07-01,28.11749839782715
2005-07-05,28.149738311767578
2005-07-06,28.07450294494629
2005-07-07,27.918663024902344
2005-07-08,28.29485321044922
2005-07-11,28.499065399169922
2005-07-12,28.794647216796875
2005-07-13,28.563554763793945
2005-07-14,28.644161224365234
2005-07-15,28.568933486938477
2005-07-18,28.48831558227539
2005-07-19,28.552810668945312
2005-07-20,28.746274948120117
2005-07-21,28.805389404296875
2005-07-22,28.77850914001465
2005-07-25,28.697914123535156
2005-07-26,28.611923217773438
2005-07-27,28.939739227294922
2005-07-28,29.13859748840332
2005-07-29,28.998859405517578
2005-08-01,29.283693313598633
2005-08-02,29.493276596069336
2005-08-03,29.713624954223633
2005-08-04,29.471778869628906
2005-08-05,29.36430549621582
2005-08-08,29.434167861938477
2005-08-09,29.810352325439453
2005-08-10,30.014577865600586
2005-08-11,30.498245239257812
2005-08-12,30.310148239135742
2005-08-15,30.363887786865234
2005-08-16,30.036069869995117
2005-08-17,29.960834503173828
2005-08-18,29.638378143310547
2005-08-19,29.783479690551758
2005-08-22,30.11130142211914
2005-08-23,29.982324600219727
2005-08-24,29.665252685546875
2005-08-25,29.77811050415039
2005-08-26,29.681365966796875
2005-08-29,29.665252685546875
2005-08-30,29.57927131652832
2005-08-31,30.11130142211914
2005-09-01,30.471376419067383
2005-09-02,30.578845977783203
2005-09-06,30.95505142211914
2005-09-07,30.869060516357422
2005-09-08,30.63259506225586
2005-09-09,31.035654067993164
2005-09-12,30.7938175201416
2005-09-13,30.58423614501953
2005-09-14,30.605722427368164
2005-09-15,30.62722396850586
2005-09-16,30.97117042541504
2005-09-19,30.766956329345703
2005-09-20,30.654090881347656
2005-09-21,30.686336517333984
2005-09-22,30.654090881347656
2005-09-23,30.52511215209961
2005-09-26,30.858314514160156
2005-09-27,30.740081787109375
2005-09-28,31.057151794433594
2005-09-29,31.427974700927734
2005-09-30,31.2237491607666
2005-10-03,31.116273880004883
2005-10-04,30.912059783935547
2005-10-05,30.643346786499023
2005-10-06,30.498245239257812
2005-10-07,30.605722427368164
2005-10-10,30.455251693725586
2005-10-11,30.49287986755371
2005-10-12,30.288650512695312
2005-10-13,30.22417449951172
2005-10-14,30.50899314880371
2005-10-17,30.202665328979492
2005-10-18,29.853357315063477
2005-10-19,30.095191955566406
2005-10-20,29.407297134399414
2005-10-21,29.53627586364746
2005-10-24,29.998449325561523
2005-10-25,30.03069496154785
2005-10-26,29.976947784423828
2005-10-27,29.917827606201172
2005-10-28,30.175796508789062
2005-10-31,30.22953987121582
2005-11-01,30.487491607666016
2005-11-02,30.90668487548828
2005-11-03,30.890560150146484
2005-11-04,30.605722427368164
2005-11-07,30.783079147338867
2005-11-08,30.707836151123047
2005-11-09,30.686336517333984
2005-11-10,30.648719787597656
2005-11-11,30.80994987487793
2005-11-14,30.62722396850586
2005-11-15,30.460628509521484
2005-11-16,30.40689468383789
2005-11-17,30.92817497253418
2005-11-18,31.143144607543945
2005-11-21,31.186132431030273
2005-11-22,31.288240432739258
2005-11-23,31.43871307373047
2005-11-25,31.137773513793945
2005-11-28,31.218381881713867
2005-11-29,31.170007705688477
2005-11-30,30.92817497253418
2005-12-01,31.508594512939453
2005-12-02,31.62681007385254
2005-12-05,31.76654052734375
2005-12-06,31.863271713256836
2005-12-07,31.6536865234375
2005-12-08,31.6483097076416
2005-12-09,31.965373992919922
2005-12-12,32.36844253540039
2005-12-13,32.5243034362793
2005-12-14,32.5081672668457
2005-12-15,32.207210540771484
2005-12-16,32.45980453491211
2005-12-19,32.40068435668945
2005-12-20,32.406063079833984
2005-12-21,32.561920166015625
2005-12-22,32.75001907348633
2005-12-23,32.73358154296875
2005-12-27,32.432518005371094
2005-12-28,32.66790771484375
2005-12-29,32.67885208129883
2005-12-30,32.53105163574219
2006-01-03,33.6203498840332
2006-01-04,33.899513244628906
2006-01-05,33.72982406616211
2006-01-06,34.18415451049805
2006-01-09,34.20058059692383
2006-01-10,33.89405059814453
2006-01-11,34.18415451049805
2006-01-12,33.90499496459961
2006-01-13,34.036376953125
2006-01-17,33.609397888183594
2006-01-18,33.15507507324219
2006-01-19,33.53276443481445
2006-01-20,33.02369689941406
2006-01-23,33.48350143432617
2006-01-24,33.65319061279297
2006-01-25,33.76814651489258
2006-01-26,34.16773223876953
2006-01-27,34.34836959838867
2006-01-30,34.37574768066406
2006-01-31,34.4085807800293
2006-02-01,34.51258850097656
2006-02-02,34.12395095825195
2006-02-03,34.036376953125
2006-02-06,33.98709487915039
2006-02-07,33.73530578613281
2006-02-08,33.855716705322266
2006-02-09,33.92142105102539
2006-02-10,33.844791412353516
2006-02-13,33.609397888183594
2006-02-14,33.981624603271484
2006-02-15,33.675086975097656
2006-02-16,33.99806213378906
2006-02-17,33.899513244628906
2006-02-21,33.90499496459961
2006-02-22,34.162261962890625
2006-02-23,34.24984359741211
2006-02-24,34.36479568481445
2006-02-27,34.48521041870117
2006-02-28,34.16773223876953
2006-03-01,34.518062591552734
2006-03-02,34.45237731933594
2006-03-03,34.31005859375
2006-03-06,34.17868423461914
2006-03-07,33.76267623901367
2006-03-08,33.87761688232422
2006-03-09,33.83930206298828
2006-03-10,34.35384750366211
2006-03-13,34.63847732543945
2006-03-14,35.0052375793457
2006-03-15,35.131126403808594
2006-03-16,35.24608612060547
2006-03-17,35.415775299072266
2006-03-20,35.4869384765625
2006-03-21,35.12019348144531
2006-03-22,35.44862365722656
2006-03-23,35.02165603637695
2006-03-24,35.30082321166992
2006-03-27,35.24060821533203
2006-03-28,34.9012336730957
2006-03-29,35.36103820800781
2006-03-30,35.787986755371094
2006-03-31,35.53620147705078
2006-04-03,35.92482376098633
2006-04-04,36.20948028564453
2006-04-05,36.32990264892578
2006-04-06,36.36275100708008
2006-04-07,35.94672775268555
2006-04-10,36.012428283691406
2006-04-11,35.771575927734375
2006-04-12,35.59640884399414
2006-04-13,35.68946075439453
2006-04-17,35.85368347167969
2006-04-18,36.58717727661133
2006-04-19,36.8389778137207
2006-04-20,36.67475128173828
2006-04-21,36.921077728271484
2006-04-24,36.959388732910156
2006-04-25,36.93750762939453
2006-04-26,37.16741943359375
2006-04-27,37.23308563232422
2006-04-28,37.23856735229492
2006-05-01,37.222137451171875
2006-05-02,37.79142761230469
2006-05-03,37.56698989868164
2006-05-04,37.85710525512695
2006-05-05,38.43733215332031
2006-05-08,38.40449905395508
2006-05-09,38.634395599365234
2006-05-10,38.513954162597656
2006-05-11,38.125308990478516
2006-05-12,37.6326789855957
2006-05-15,37.30972671508789
2006-05-16,37.254981994628906
2006-05-17,36.067161560058594
2006-05-18,35.95768356323242
2006-05-19,36.13832092285156
2006-05-22,35.34461212158203
2006-05-23,35.355567932128906
2006-05-24,35.33366394042969
2006-05-25,35.80988311767578
2006-05-26,36.10000228881836
2006-05-30,35.55261993408203
2006-05-31,35.815364837646484
2006-06-01,36.04527282714844
2006-06-02,36.39558792114258
2006-06-05,35.60734939575195
2006-06-06,35.1749153137207
2006-06-07,34.69322967529297
2006-06-08,33.9268913269043
2006-06-09,33.88856887817383
2006-06-12,33.59846496582031
2006-06-13,32.5474739074707
2006-06-14,33.01823043823242
2006-06-15,34.15678787231445
2006-06-16,33.88309860229492
2006-06-19,33.71340560913086
2006-06-20,33.91594696044922
2006-06-21,34.35384750366211
2006-06-22,34.17320251464844
2006-06-23,34.07468795776367
2006-06-26,34.3429069519043
2006-06-27,33.70793914794922
2006-06-28,34.09109878540039
2006-06-29,35.3500862121582
2006-06-30,35.79346466064453
2006-07-03,35.979583740234375
2006-07-05,35.29535675048828
2006-07-06,35.66757583618164
2006-07-07,35.503353118896484
2006-07-10,35.7989387512207
2006-07-11,35.89746856689453
2006-07-12,35.224185943603516
2006-07-13,34.605648040771484
2006-07-14,34.31005859375
2006-07-17,33.82835388183594
2006-07-18,33.77360534667969
2006-07-19,34.605648040771484
2006-07-20,34.41952896118164
2006-07-21,34.41952896118164
2006-07-24,35.043548583984375
2006-07-25,35.0326042175293
2006-07-26,35.27891540527344
2006-07-27,35.49787521362305
2006-07-28,36.20948028564453
2006-07-31,36.08358383178711
2006-08-01,35.831787109375
2006-08-02,36.22589111328125
2006-08-03,36.165687561035156
2006-08-04,36.19306182861328
2006-08-07,35.968631744384766
2006-08-08,35.84273910522461
2006-08-09,36.01789474487305
2006-08-10,36.10000228881836
2006-08-11,35.787986755371094
2006-08-14,35.908416748046875
2006-08-15,36.685691833496094
2006-08-16,37.01960372924805
2006-08-17,36.88275909423828
2006-08-18,37.036033630371094
2006-08-21,36.921077728271484
2006-08-22,36.81708526611328
2006-08-23,36.685691833496094
2006-08-24,36.58169937133789
2006-08-25,36.55434036254883
2006-08-28,36.70759963989258
2006-08-29,37.0031852722168
2006-08-30,37.0031852722168
2006-08-31,37.0031852722168
2006-09-01,37.27688217163086
2006-09-05,37.47393035888672
2006-09-06,36.844459533691406
2006-09-07,36.40105438232422
2006-09-08,36.41201400756836
2006-09-11,36.19306182861328
2006-09-12,36.60906982421875
2006-09-13,36.53791046142578
2006-09-14,36.58717727661133
2006-09-15,36.51053237915039
2006-09-18,36.66381072998047
2006-09-19,36.32442855834961
2006-09-20,36.68022155761719
2006-09-21,36.7678108215332
2006-09-22,36.58717727661133
2006-09-25,36.74045181274414
2006-09-26,36.828025817871094
2006-09-27,37.06340026855469
2006-09-28,37.16741943359375
2006-09-29,37.08528518676758
2006-10-02,37.18929672241211
2006-10-03,37.222137451171875
2006-10-04,37.577938079833984
2006-10-05,37.62173080444336
2006-10-06,37.287818908691406
2006-10-09,37.31520080566406
2006-10-10,37.35898971557617
2006-10-11,37.33162307739258
2006-10-12,37.7312126159668
2006-10-13,37.796878814697266
2006-10-16,37.939212799072266
2006-10-17,37.70383834838867
2006-10-18,37.796878814697266
2006-10-19,38.08153533935547
2006-10-20,38.20195770263672
2006-10-23,38.23480224609375
2006-10-24,38.240272521972656
2006-10-25,38.50849914550781
2006-10-26,38.8040885925293
2006-10-27,38.535858154296875
2006-10-30,38.453758239746094
2006-10-31,38.47566604614258
2006-11-01,38.409950256347656
2006-11-02,38.552284240722656
2006-11-03,38.40449905395508
2006-11-06,38.97376251220703
2006-11-07,39.0175666809082
2006-11-08,39.028507232666016
2006-11-09,38.831451416015625
2006-11-10,38.98472213745117
2006-11-13,38.7383918762207
2006-11-14,39.16535949707031
2006-11-15,39.154415130615234
2006-11-16,39.07228469848633
2006-11-17,38.95735168457031
2006-11-20,38.66176223754883
2006-11-21,38.85334396362305
2006-11-22,39.23103332519531
2006-11-24,39.023040771484375
2006-11-27,38.700077056884766
2006-11-28,39.044925689697266
2006-11-29,39.488319396972656
2006-11-30,39.65799331665039
2006-12-01,39.60873031616211
2006-12-04,39.86600875854492
2006-12-05,40.090431213378906
2006-12-06,40.002845764160156
2006-12-07,40.139713287353516
2006-12-08,40.041175842285156
2006-12-11,40.20537567138672
2006-12-12,40.36958694458008
2006-12-13,40.522857666015625
2006-12-14,40.68708419799805
2006-12-15,40.522857666015625
2006-12-18,40.46265411376953
2006-12-19,40.6432991027832
2006-12-20,40.5721435546875
2006-12-21,40.55145263671875
2006-12-22,40.4564323425293
2006-12-26,40.439659118652344
2006-12-27,40.942718505859375
2006-12-28,40.97065734863281
2006-12-29,40.925941467285156
2007-01-03,41.08803939819336
2007-01-04,40.97065734863281
2007-01-05,40.355812072753906
2007-01-08,40.41170883178711
2007-01-09,40.450843811035156
2007-01-10,40.14341735839844
2007-01-11,40.400543212890625
2007-01-12,40.85887145996094
2007-01-16,40.808563232421875
2007-01-17,40.83092498779297
2007-01-18,40.69118881225586
2007-01-19,41.188655853271484
2007-01-22,40.981834411621094
2007-01-23,41.345149993896484
2007-01-24,41.61345291137695
2007-01-25,40.93712615966797
2007-01-26,41.01537322998047
2007-01-29,41.060089111328125
2007-01-30,41.33957290649414
2007-01-31,41.496063232421875
2007-02-01,41.84260940551758
2007-02-02,41.75877380371094
2007-02-05,41.62461853027344
2007-02-06,41.948814392089844
2007-02-07,42.06620788574219
2007-02-08,41.89850616455078
2007-02-09,41.71964645385742
2007-02-12,41.557559967041016
2007-02-13,42.08854675292969
2007-02-14,42.65867233276367
2007-02-15,42.708980560302734
2007-02-16,42.69221115112305
2007-02-20,42.753700256347656
2007-02-21,42.53569793701172
2007-02-22,42.72575378417969
2007-02-23,42.85989761352539
2007-02-26,42.88225173950195
2007-02-27,41.155113220214844
2007-02-28,41.44576644897461
2007-03-01,41.02096939086914
2007-03-02,40.467613220214844
2007-03-05,39.62919998168945
2007-03-06,40.85887145996094
2007-03-07,40.87006378173828
2007-03-08,41.35075378417969
2007-03-09,41.41782760620117
2007-03-12,41.68610763549805
2007-03-13,40.69118881225586
2007-03-14,40.70796203613281
2007-03-15,40.89241409301758
2007-03-16,40.942718505859375
2007-03-19,41.57432556152344
2007-03-20,41.926456451416016
2007-03-21,42.820770263671875
2007-03-22,42.65867233276367
2007-03-23,42.7592887878418
2007-03-26,42.77606201171875
2007-03-27,42.58600997924805
2007-03-28,42.211517333984375
2007-03-29,42.580421447753906
2007-03-30,42.647499084472656
2007-04-02,42.7592887878418
2007-04-03,43.117008209228516
2007-04-04,43.295875549316406
2007-04-05,43.452388763427734
2007-04-09,43.41883850097656
2007-04-10,43.74302673339844
2007-04-11,43.530616760253906
2007-04-12,43.82126998901367
2007-04-13,43.96662139892578
2007-04-16,44.430538177490234
2007-04-17,44.436119079589844
2007-04-18,44.41935729980469
2007-04-19,44.25166320800781
2007-04-20,44.760311126708984
2007-04-23,44.32433319091797
2007-04-24,44.296382904052734
2007-04-25,44.71001052856445
2007-04-26,44.50318145751953
2007-04-27,44.408164978027344
2007-04-30,44.24607467651367
2007-05-01,44.201351165771484
2007-05-02,44.53673553466797
2007-05-03,44.59820556640625
2007-05-04,45.017425537109375
2007-05-07,45.08449935913086
2007-05-08,44.71558380126953
2007-05-09,44.961524963378906
2007-05-10,44.07280349731445
2007-05-11,44.816200256347656
2007-05-14,44.64851760864258
2007-05-15,44.726776123046875
2007-05-16,44.7938346862793
2007-05-17,44.56468963623047
2007-05-18,44.90563201904297
2007-05-21,44.698822021484375
2007-05-22,44.73795700073242
2007-05-23,44.96711730957031
2007-05-24,44.53673553466797
2007-05-25,44.82179260253906
2007-05-29,44.877685546875
2007-05-30,45.067726135253906
2007-05-31,45.29130554199219
2007-06-01,45.5875358581543
2007-06-04,45.71052932739258
2007-06-05,45.47575759887695
2007-06-06,44.82179260253906
2007-06-07,44.0560302734375
2007-06-08,44.53673553466797
2007-06-11,44.6876335144043
2007-06-12,43.89395523071289
2007-06-13,44.46406173706055
2007-06-14,44.7938346862793
2007-06-15,45.15715408325195
2007-06-18,45.40868377685547
2007-06-19,45.45340347290039
2007-06-20,44.91682434082031
2007-06-21,45.32484436035156
2007-06-22,44.698822021484375
2007-06-25,44.6876335144043
2007-06-26,44.46406173706055
2007-06-27,44.782676696777344
2007-06-28,44.816200256347656
2007-06-29,45.145973205566406
2007-07-02,45.79994583129883
2007-07-03,46.0179328918457
2007-07-05,45.788780212402344
2007-07-06,46.1185417175293
2007-07-09,46.23033905029297
2007-07-10,45.665794372558594
2007-07-11,46.09619140625
2007-07-12,46.73897933959961
2007-07-13,46.70542526245117
2007-07-16,46.599239349365234
2007-07-17,46.44274139404297
2007-07-18,46.28063201904297
2007-07-19,46.54335403442383
2007-07-20,46.06265640258789
2007-07-23,46.34212112426758
2007-07-24,45.64344024658203
2007-07-25,45.52047348022461
2007-07-26,44.00572204589844
2007-07-27,43.396484375
2007-07-30,44.16781997680664
2007-07-31,44.11193084716797
2007-08-01,44.184593200683594
2007-08-02,44.31874465942383
2007-08-03,43.519447326660156
2007-08-06,43.99456024169922
2007-08-07,44.14547348022461
2007-08-08,44.86090850830078
2007-08-09,43.580936431884766
2007-08-10,42.83194351196289
2007-08-13,42.91579055786133
2007-08-14,42.50216293334961
2007-08-15,41.50725173950195
2007-08-16,41.328392028808594
2007-08-17,41.708457946777344
2007-08-20,41.84260940551758
2007-08-21,41.81466293334961
2007-08-22,42.80400085449219
2007-08-23,42.994041442871094
2007-08-24,43.74302673339844
2007-08-27,43.27910232543945
2007-08-28,42.40715408325195
2007-08-29,43.37971496582031
2007-08-30,43.077880859375
2007-08-31,43.832454681396484
2007-09-04,44.23488998413086
2007-09-05,43.59210968017578
2007-09-06,43.75420379638672
2007-09-07,43.22322082519531
2007-09-10,43.044342041015625
2007-09-11,43.787750244140625
2007-09-12,43.832454681396484
2007-09-13,44.016910552978516
2007-09-14,43.75977325439453
2007-09-17,43.14495086669922
2007-09-18,44.54790115356445
2007-09-19,44.950347900390625
2007-09-20,44.91121292114258
2007-09-21,45.10686111450195
2007-09-24,45.20745849609375
2007-09-25,45.26335144042969
2007-09-26,45.4869384765625
2007-09-27,46.09059143066406
2007-09-28,46.16325378417969
2007-10-01,46.75574493408203
2007-10-02,46.638362884521484
2007-10-03,46.42595291137695
2007-10-04,46.58803939819336
2007-10-05,47.06317138671875
2007-10-08,46.62718200683594
2007-10-09,47.14699935913086
2007-10-10,47.05756759643555
2007-10-11,47.275569915771484
2007-10-12,47.482364654541016
2007-10-15,47.09669494628906
2007-10-16,46.37008285522461
2007-10-17,46.86193084716797
2007-10-18,46.973731994628906
2007-10-19,45.93968200683594
2007-10-22,45.883792877197266
2007-10-23,46.53216552734375
2007-10-24,46.431541442871094
2007-10-25,46.64395523071289
2007-10-26,47.48796463012695
2007-10-29,47.83451461791992
2007-10-30,47.45441436767578
2007-10-31,48.125152587890625
2007-11-01,47.11346435546875
2007-11-02,47.37616729736328
2007-11-05,46.62159729003906
2007-11-06,47.32586669921875
2007-11-07,46.50422668457031
2007-11-08,46.58803939819336
2007-11-09,45.68257141113281
2007-11-12,44.93357467651367
2007-11-13,46.14090347290039
2007-11-14,46.06822204589844
2007-11-15,45.30807876586914
2007-11-16,45.45340347290039
2007-11-19,44.25166320800781
2007-11-20,45.24100112915039
2007-11-21,44.218135833740234
2007-11-23,45.3304328918457
2007-11-26,44.620567321777344
2007-11-27,45.2242431640625
2007-11-28,46.509796142578125
2007-11-29,46.12973403930664
2007-11-30,46.381248474121094
2007-12-03,46.20796585083008
2007-12-04,45.91731262207031
2007-12-05,46.44831085205078
2007-12-06,46.889892578125
2007-12-07,46.70542526245117
2007-12-10,47.186126708984375
2007-12-11,45.95645523071289
2007-12-12,46.87871170043945
2007-12-13,45.92291259765625
2007-12-14,44.68206787109375
2007-12-17,43.73183822631836
2007-12-18,44.279624938964844
2007-12-19,43.91630554199219
2007-12-20,44.22930145263672
2007-12-21,44.86090850830078
2007-12-24,45.04435729980469
2007-12-26,45.170467376708984
2007-12-27,44.895301818847656
2007-12-28,45.27936935424805
2007-12-31,44.99850082397461
2008-01-02,44.837982177734375
2008-01-03,44.912506103515625
2008-01-04,43.89216232299805
2008-01-07,43.93802261352539
2008-01-08,43.69153594970703
2008-01-09,44.00680923461914
2008-01-10,43.96094512939453
2008-01-11,43.08390808105469
2008-01-14,43.771785736083984
2008-01-15,42.35016632080078
2008-01-16,41.496063232421875
2008-01-17,40.87124252319336
2008-01-18,41.10627746582031
2008-01-22,39.959815979003906
2008-01-23,39.724788665771484
2008-01-24,41.11773681640625
2008-01-25,40.52157974243164
2008-01-28,40.97443389892578
2008-01-29,41.220916748046875
2008-01-30,41.0317497253418
2008-01-31,41.4673957824707
2008-02-01,42.160987854003906
2008-02-04,41.7310905456543
2008-02-05,39.81649398803711
2008-02-06,39.782108306884766
2008-02-07,39.58146667480469
2008-02-08,39.17448043823242
2008-02-11,39.3808479309082
2008-02-12,40.22922134399414
2008-02-13,40.50437545776367
2008-02-14,40.320945739746094
2008-02-15,40.46998977661133
2008-02-19,40.86551284790039
2008-02-20,40.65342330932617
2008-02-21,40.57890701293945
2008-02-22,41.09480285644531
2008-02-25,41.748287200927734
2008-02-26,42.367374420166016
2008-02-27,42.504947662353516
2008-02-28,42.09795379638672
2008-02-29,41.04320526123047
2008-03-03,41.16358947753906
2008-03-04,40.53876876831055
2008-03-05,41.02602005004883
2008-03-06,40.44131851196289
2008-03-07,39.965545654296875
2008-03-10,39.76490783691406
2008-03-11,41.0202751159668
2008-03-12,41.0202751159668
2008-03-13,41.08906936645508
2008-03-14,40.09738540649414
2008-03-17,39.48976135253906
2008-03-18,40.69927978515625
2008-03-19,39.226070404052734
2008-03-20,39.81649398803711
2008-03-24,40.54450607299805
2008-03-25,41.13493728637695
2008-03-26,41.13493728637695
2008-03-27,41.10054016113281
2008-03-28,41.06614685058594
2008-03-31,41.215171813964844
2008-04-01,42.51641082763672
2008-04-02,42.608123779296875
2008-04-03,42.7342414855957
2008-04-04,42.87754821777344
2008-04-07,43.14124298095703
2008-04-08,42.68837356567383
2008-04-09,42.338706970214844
2008-04-10,42.206871032714844
2008-04-11,41.63936996459961
2008-04-14,41.7310905456543
2008-04-15,42.0234260559082
2008-04-16,43.34760284423828
2008-04-17,42.86608123779297
2008-04-18,43.169891357421875
2008-04-21,43.50809860229492
2008-04-22,43.05523681640625
2008-04-23,43.278804779052734
2008-04-24,42.997920989990234
2008-04-25,43.35332489013672
2008-04-28,43.60554885864258
2008-04-29,43.22148132324219
2008-04-30,43.456504821777344
2008-05-01,43.72019577026367
2008-05-02,43.840576171875
2008-05-05,43.91509246826172
2008-05-06,44.241817474365234
2008-05-07,43.46796798706055
2008-05-08,43.846309661865234
2008-05-09,43.49663543701172
2008-05-12,43.932281494140625
2008-05-13,43.78324508666992
2008-05-14,43.78324508666992
2008-05-15,44.528438568115234
2008-05-16,45.009952545166016
2008-05-19,44.82653045654297
2008-05-20,44.41380310058594
2008-05-21,43.909358978271484
2008-05-22,44.41953659057617
2008-05-23,43.91509246826172
2008-05-27,43.8291015625
2008-05-28,43.8233757019043
2008-05-29,43.72591018676758
2008-05-30,43.972408294677734
2008-06-02,43.51383590698242
2008-06-03,43.42211151123047
2008-06-04,43.169891357421875
2008-06-05,43.88642883300781
2008-06-06,42.62532043457031
2008-06-09,42.56801223754883
2008-06-10,41.84573745727539
2008-06-11,41.31261444091797
2008-06-12,41.16931915283203
2008-06-13,41.547645568847656
2008-06-16,41.75975036621094
2008-06-17,41.8858528137207
2008-06-18,41.54191970825195
2008-06-19,41.461666107177734
2008-06-20,40.55596160888672
2008-06-23,40.550235748291016
2008-06-24,40.36679458618164
2008-06-25,40.7978515625
2008-06-26,39.76402282714844
2008-06-27,39.869178771972656
2008-06-30,40.108638763427734
2008-07-01,39.67641830444336
2008-07-02,39.045616149902344
2008-07-03,39.29676818847656
2008-07-07,38.958003997802734
2008-07-08,39.16243362426758
2008-07-09,38.65428161621094
2008-07-10,38.987205505371094
2008-07-11,38.37392044067383
2008-07-14,38.292152404785156
2008-07-15,37.67887496948242
2008-07-16,38.37392044067383
2008-07-17,38.958003997802734
2008-07-18,39.20915985107422
2008-07-21,39.436946868896484
2008-07-22,39.571285247802734
2008-07-23,39.717308044433594
2008-07-24,38.99304962158203
2008-07-25,39.0748291015625
2008-07-28,38.420654296875
2008-07-29,38.80031967163086
2008-07-30,39.16243362426758
2008-07-31,38.77694320678711
2008-08-01,38.19869613647461
2008-08-04,37.836578369140625
2008-08-05,38.79446029663086
2008-08-06,38.80615234375
2008-08-07,38.02932357788086
2008-08-08,38.18701934814453
2008-08-11,38.15198516845703
2008-08-12,37.87745666503906
2008-08-13,37.28170394897461
2008-08-14,37.135684967041016
2008-08-15,36.89036178588867
2008-08-18,36.70347213745117
2008-08-19,36.28877258300781
2008-08-20,36.5048828125
2008-08-21,36.65090560913086
2008-08-22,36.82027816772461
2008-08-25,36.24203872680664
2008-08-26,36.423118591308594
2008-08-27,36.7677116394043
2008-08-28,37.24081802368164
2008-08-29,37.129844665527344
2008-09-02,36.557437896728516
2008-09-03,36.40558624267578
2008-09-04,34.846099853515625
2008-09-05,34.717594146728516
2008-09-08,35.49443054199219
2008-09-09,34.34379196166992
2008-09-10,34.67671585083008
2008-09-11,34.60078811645508
2008-09-12,35.27831268310547
2008-09-15,33.77724075317383
2008-09-16,33.526084899902344
2008-09-17,32.24695587158203
2008-09-18,33.71297073364258
2008-09-19,36.10186004638672
2008-09-22,34.86946487426758
2008-09-23,34.37883377075195
2008-09-24,34.47812271118164
2008-09-25,35.27246856689453
2008-09-26,34.898658752441406
2008-09-29,31.002866744995117
2008-09-30,32.88359069824219
2008-10-01,32.638275146484375
2008-10-02,31.213125228881836
2008-10-03,31.090482711791992
2008-10-06,29.3324031829834
2008-10-07,27.95981788635254
2008-10-08,27.334857940673828
2008-10-09,25.699424743652344
2008-10-10,24.74155044555664
2008-10-13,28.672388076782227
2008-10-14,28.08247184753418
2008-10-15,25.086149215698242
2008-10-16,26.563875198364258
2008-10-17,25.997312545776367
2008-10-20,27.65610122680664
2008-10-21,26.096609115600586
2008-10-22,24.19251823425293
2008-10-23,24.72402572631836
2008-10-24,23.123645782470703
2008-10-27,21.908771514892578
2008-10-28,24.928451538085938
2008-10-29,24.98685646057129
2008-10-30,25.862972259521484
2008-10-31,26.032360076904297
2008-11-03,26.137495040893555
2008-11-04,27.930612564086914
2008-11-05,26.412006378173828
2008-11-06,24.706501007080078
2008-11-07,26.10245132446289
2008-11-10,25.711111068725586
2008-11-11,24.864200592041016
2008-11-12,23.52666473388672
2008-11-13,25.530052185058594
2008-11-14,24.064014434814453
2008-11-17,23.625953674316406
2008-11-18,23.66684341430664
2008-11-19,22.083995819091797
2008-11-20,20.86910629272461
2008-11-21,22.3526668548584
2008-11-24,23.690200805664062
2008-11-25,24.122421264648438
2008-11-26,24.38526153564453
2008-11-28,24.373577117919922
2008-12-01,22.38187026977539
2008-12-02,23.596752166748047
2008-12-03,23.912153244018555
2008-12-04,23.176218032836914
2008-12-05,23.46826171875
2008-12-08,24.58385467529297
2008-12-09,24.356060028076172
2008-12-10,24.998538970947266
2008-12-11,24.8875732421875
2008-12-12,25.132871627807617
2008-12-15,25.19713020324707
2008-12-16,26.64563751220703
2008-12-17,26.511302947998047
2008-12-18,25.699424743652344
2008-12-19,25.325624465942383
2008-12-22,25.150400161743164
2008-12-23,24.96170997619629
2008-12-24,25.29295539855957
2008-12-26,25.411252975463867
2008-12-29,25.41717529296875
2008-12-30,26.180221557617188
2008-12-31,26.535125732421875
2009-01-02,26.87820053100586
2009-01-05,26.446395874023438
2009-01-06,26.730321884155273
2009-01-07,26.268945693969727
2009-01-08,26.659345626831055
2009-01-09,25.736591339111328
2009-01-12,25.11550521850586
2009-01-13,24.654123306274414
2009-01-14,23.642641067504883
2009-01-15,23.855587005615234
2009-01-16,23.997547149658203
2009-01-20,22.240766525268555
2009-01-21,23.32914924621582
2009-01-22,22.784957885742188
2009-01-23,22.625244140625
2009-01-26,23.06887435913086
2009-01-27,23.518423080444336
2009-01-28,24.210485458374023
2009-01-29,23.11028480529785
2009-01-30,22.89142608642578
2009-02-02,22.666650772094727
2009-02-03,23.31731414794922
2009-02-04,23.199010848999023
2009-02-05,23.530261993408203
2009-02-06,24.07444953918457
2009-02-09,24.068527221679688
2009-02-10,22.873682022094727
2009-02-11,23.122112274169922
2009-02-12,23.05113983154297
2009-02-13,22.80270004272461
2009-02-17,21.590110778808594
2009-02-18,21.572359085083008
2009-02-19,21.54277801513672
2009-02-20,21.229280471801758
2009-02-23,20.418912887573242
2009-02-24,21.270687103271484
2009-02-25,20.685096740722656
2009-02-26,20.5135555267334
2009-02-27,20.5135555267334
2009-03-02,19.336450576782227
2009-03-03,19.259557723999023
2009-03-04,20.11724281311035
2009-03-05,19.30687713623047
2009-03-06,19.27138900756836
2009-03-09,18.750856399536133
2009-03-10,20.010774612426758
2009-03-11,20.123165130615234
2009-03-12,20.578624725341797
2009-03-13,20.714670181274414
2009-03-16,20.939443588256836
2009-03-17,21.489553451538086
2009-03-18,22.104717254638672
2009-03-19,22.09288787841797
2009-03-20,21.78530502319336
2009-03-23,23.352807998657227
2009-03-24,22.619333267211914
2009-03-25,22.968318939208984
2009-03-26,23.27590560913086
2009-03-27,22.530611038208008
2009-03-30,21.67291831970215
2009-03-31,22.234853744506836
2009-04-01,22.814531326293945
2009-04-02,23.843761444091797
2009-04-03,23.979799270629883
2009-04-06,23.482942581176758
2009-04-07,22.991979598999023
2009-04-08,23.22266960144043
2009-04-09,23.843761444091797
2009-04-13,24.080358505249023
2009-04-14,23.84967803955078
2009-04-15,24.163169860839844
2009-04-16,24.316965103149414
2009-04-17,24.23415756225586
2009-04-20,23.24041175842285
2009-04-21,23.77277946472168
2009-04-22,23.5834903717041
2009-04-23,24.174997329711914
2009-04-24,24.547657012939453
2009-04-27,24.257810592651367
2009-04-28,24.027124404907227
2009-04-29,24.642305374145508
2009-04-30,24.796092987060547
2009-05-01,25.0859317779541
2009-05-04,26.12697982788086
2009-05-05,25.866722106933594
2009-05-06,26.493724822998047
2009-05-07,26.050086975097656
2009-05-08,27.17987632751465
2009-05-11,26.48780059814453
2009-05-12,26.771718978881836
2009-05-13,25.86079978942871
2009-05-14,26.11514663696289
2009-05-15,25.878551483154297
2009-05-18,26.866374969482422
2009-05-19,27.1088924407959
2009-05-20,27.286340713500977
2009-05-21,27.079313278198242
2009-05-22,27.233110427856445
2009-05-26,27.77729606628418
2009-05-27,27.239023208618164
2009-05-28,27.51703453063965
2009-05-29,28.0671329498291
2009-06-01,28.75921058654785
2009-06-02,29.007638931274414
2009-06-03,28.144033432006836
2009-06-04,28.321487426757812
2009-06-05,27.97249984741211
2009-06-08,27.913339614868164
2009-06-09,28.256412506103516
2009-06-10,28.30965232849121
2009-06-11,28.794692993164062
2009-06-12,28.646808624267578
2009-06-15,27.61758804321289
2009-06-16,27.298173904418945
2009-06-17,27.37506675720215
2009-06-18,27.32775115966797
2009-06-19,27.759552001953125
2009-06-22,26.866374969482422
2009-06-23,27.219758987426758
2009-06-24,27.243915557861328
2009-06-25,27.81778907775879
2009-06-26,27.763423919677734
2009-06-29,27.9990177154541
2009-06-30,27.67281150817871
2009-07-01,28.13191032409668
2009-07-02,27.32244873046875
2009-07-06,27.35869789123535
2009-07-07,26.69420623779297
2009-07-08,26.585472106933594
2009-07-09,26.911678314208984
2009-07-10,26.59756088256836
2009-07-13,27.062700271606445
2009-07-14,27.20767593383789
2009-07-15,28.13795280456543
2009-07-16,28.38562774658203
2009-07-17,28.282930374145508
2009-07-20,28.83264923095703
2009-07-21,29.013870239257812
2009-07-22,29.08635139465332
2009-07-23,29.575668334960938
2009-07-24,29.756881713867188
2009-07-27,29.787086486816406
2009-07-28,29.660226821899414
2009-07-29,29.418607711791992
2009-07-30,29.992473602294922
2009-07-31,30.45157241821289
2009-08-03,31.158348083496094
2009-08-04,31.11001968383789
2009-08-05,30.983163833618164
2009-08-06,30.78985023498535
2009-08-07,30.75965118408203
2009-08-10,30.572397232055664
2009-08-11,30.397197723388672
2009-08-12,30.74152946472168
2009-08-13,31.21272087097168
2009-08-14,30.946918487548828
2009-08-17,29.950197219848633
2009-08-18,30.469690322875977
2009-08-19,30.72944450378418
2009-08-20,30.946918487548828
2009-08-21,31.62348175048828
2009-08-24,31.617446899414062
2009-08-25,31.931560516357422
2009-08-26,31.798675537109375
2009-08-27,32.04029846191406
2009-08-28,32.05842590332031
2009-08-31,31.822832107543945
2009-09-01,31.031492233276367
2009-09-02,30.995248794555664
2009-09-03,31.23688507080078
2009-09-04,31.714101791381836
2009-09-08,32.34233474731445
2009-09-09,32.74102020263672
2009-09-10,33.0309944152832
2009-09-11,32.98869323730469
2009-09-14,33.055152893066406
2009-09-15,33.061180114746094
2009-09-16,33.713584899902344
2009-09-17,33.496131896972656
2009-09-18,33.58674240112305
2009-09-21,33.2303352355957
2009-09-22,33.689430236816406
2009-09-23,33.399471282958984
2009-09-24,32.91017532348633
2009-09-25,32.771240234375
2009-09-28,33.218257904052734
2009-09-29,33.01890182495117
2009-09-30,33.0309944152832
2009-10-01,32.16715621948242
2009-10-02,31.810754776000977
2009-10-05,32.26984405517578
2009-10-06,32.81351852416992
2009-10-07,32.93434524536133
2009-10-08,33.41156005859375
2009-10-09,33.326988220214844
2009-10-12,33.526329040527344
2009-10-13,33.4538459777832
2009-10-14,34.25727844238281
2009-10-15,34.41432571411133
2009-10-16,33.89482116699219
2009-10-19,34.4384880065918
2009-10-20,34.25727844238281
2009-10-21,34.14249038696289
2009-10-22,34.4747314453125
2009-10-23,33.93106460571289
2009-10-26,33.41759490966797
2009-10-27,33.15180969238281
2009-10-28,32.35441970825195
2009-10-29,33.30885696411133
2009-10-30,32.19737243652344
2009-11-02,32.511470794677734
2009-11-03,32.38462448120117
2009-11-04,32.7108268737793
2009-11-05,33.13368225097656
2009-11-06,33.2303352355957
2009-11-09,34.160614013671875
2009-11-10,33.9793815612793
2009-11-11,34.082088470458984
2009-11-12,33.58674240112305
2009-11-13,34.05793380737305
2009-11-16,34.60158920288086
2009-11-17,34.372039794921875
2009-11-18,34.263301849365234
2009-11-19,33.61695098876953
2009-11-20,33.429683685302734
2009-11-23,34.02772521972656
2009-11-24,33.88876724243164
2009-11-25,34.34183883666992
2009-11-27,33.35115432739258
2009-11-30,33.45988082885742
2009-12-01,34.37807846069336
2009-12-02,34.43245315551758
2009-12-03,34.35391616821289
2009-12-04,34.23310852050781
2009-12-07,34.04582977294922
2009-12-08,33.4538459777832
2009-12-09,33.41156005859375
2009-12-10,33.51425552368164
2009-12-11,33.502166748046875
2009-12-14,33.828369140625
2009-12-15,33.4538459777832
2009-12-16,33.84648895263672
2009-12-17,33.04911422729492
2009-12-18,33.12764358520508
2009-12-21,33.22429656982422
2009-12-22,33.435211181640625
2009-12-23,33.739994049072266
2009-12-24,33.87410354614258
2009-12-28,34.020389556884766
2009-12-29,34.07525634765625
2009-12-30,33.935062408447266
2009-12-31,33.69732666015625
2010-01-04,34.58120346069336
2010-01-05,34.611690521240234
2010-01-06,34.75798797607422
2010-01-07,34.62388229370117
2010-01-08,34.8981819152832
2010-01-11,35.184688568115234
2010-01-12,34.77017593383789
2010-01-13,35.062767028808594
2010-01-14,35.33097457885742
2010-01-15,34.77627182006836
2010-01-19,35.117645263671875
2010-01-20,34.221553802490234
2010-01-21,33.49005889892578
2010-01-22,32.83781433105469
2010-01-25,33.240142822265625
2010-01-26,33.051170349121094
2010-01-27,33.01459884643555
2010-01-28,32.45988845825195
2010-01-29,31.990510940551758
2010-02-01,32.57569885253906
2010-02-02,33.118221282958984
2010-02-03,32.77076721191406
2010-02-04,31.43580436706543
2010-02-05,31.38094139099121
2010-02-08,30.759170532226562
2010-02-09,31.728382110595703
2010-02-10,31.527240753173828
2010-02-11,31.819833755493164
2010-02-12,31.545522689819336
2010-02-16,32.24653625488281
2010-02-17,32.28921127319336
2010-02-18,32.47207260131836
2010-02-19,32.27091979980469
2010-02-22,32.33188247680664
2010-02-23,31.874685287475586
2010-02-24,32.07585144042969
2010-02-25,31.88080406188965
2010-02-26,32.07585144042969
2010-03-01,32.32577896118164
2010-03-02,32.569602966308594
2010-03-03,32.95973587036133
2010-03-04,32.874393463134766
2010-03-05,33.51445007324219
2010-03-08,33.51445007324219
2010-03-09,33.435211181640625
2010-03-10,33.57540512084961
2010-03-11,33.70341110229492
2010-03-12,33.928958892822266
2010-03-15,33.69122314453125
2010-03-16,34.117923736572266
2010-03-17,34.300804138183594
2010-03-18,34.099647521972656
2010-03-19,33.75218200683594
2010-03-22,33.84971618652344
2010-03-23,34.08745193481445
2010-03-24,33.52663803100586
2010-03-25,33.508358001708984
2010-03-26,33.83753204345703
2010-03-29,34.124027252197266
2010-03-30,34.124027252197266
2010-03-31,34.124027252197266
2010-04-01,34.72751235961914
2010-04-05,34.76408386230469
2010-04-06,34.66655349731445
2010-04-07,34.422725677490234
2010-04-08,34.386138916015625
2010-04-09,34.837242126464844
2010-04-12,34.94694900512695
2010-04-13,34.916473388671875
2010-04-14,35.3797607421875
2010-04-15,35.35537338256836
2010-04-16,34.575111389160156
2010-04-19,34.483673095703125
2010-04-20,34.69702911376953
2010-04-21,34.47149658203125
2010-04-22,34.16059875488281
2010-04-23,34.4166259765625
2010-04-26,34.453189849853516
2010-04-27,33.06946563720703
2010-04-28,33.075557708740234
2010-04-29,33.58760070800781
2010-04-30,33.16698455810547
2010-05-03,33.40473175048828
2010-05-04,32.08195114135742
2010-05-05,31.466276168823242
2010-05-06,30.064252853393555
2010-05-07,29.997194290161133
2010-05-10,31.941741943359375
2010-05-11,31.423612594604492
2010-05-12,31.77716636657715
2010-05-13,31.362651824951172
2010-05-14,30.472675323486328
2010-05-17,30.515342712402344
2010-05-18,29.856998443603516
2010-05-19,29.972816467285156
2010-05-20,28.93044090270996
2010-05-21,29.637557983398438
2010-05-24,28.95482635498047
2010-05-25,28.845104217529297
2010-05-26,28.418394088745117
2010-05-27,30.033784866333008
2010-05-28,29.454679489135742
2010-06-01,29.162076950073242
2010-06-02,29.942344665527344
2010-06-03,29.850910186767578
2010-06-04,28.576894760131836
2010-06-07,28.21724510192871
2010-06-08,28.668319702148438
2010-06-09,28.564701080322266
2010-06-10,29.77165985107422
2010-06-11,29.814332962036133
2010-06-14,30.003286361694336
2010-06-15,30.954238891601562
2010-06-16,30.807926177978516
2010-06-17,30.905467987060547
2010-06-18,30.85060691833496
2010-06-21,30.844501495361328
2010-06-22,30.454381942749023
2010-06-23,30.658447265625
2010-06-24,30.12502670288086
2010-06-25,30.29869270324707
2010-06-28,30.07541847229004
2010-06-29,29.045825958251953
2010-06-30,28.84734535217285
2010-07-01,29.269102096557617
2010-07-02,29.20707893371582
2010-07-06,29.79010772705078
2010-07-07,30.720462799072266
2010-07-08,31.01818084716797
2010-07-09,31.049190521240234
2010-07-12,30.931344985961914
2010-07-13,31.501964569091797
2010-07-14,31.61360740661621
2010-07-15,31.7686767578125
2010-07-16,30.751483917236328
2010-07-19,30.9499568939209
2010-07-20,31.160839080810547
2010-07-21,30.59641456604004
2010-07-22,31.626012802124023
2010-07-23,31.998167037963867
2010-07-26,32.2214469909668
2010-07-27,32.314476013183594
2010-07-28,32.14702224731445
2010-07-29,32.29587936401367
2010-07-30,32.19664001464844
2010-08-02,33.28206253051758
2010-08-03,33.23242950439453
2010-08-04,33.263450622558594
2010-08-05,33.23863983154297
2010-08-06,33.337867736816406
2010-08-09,33.37508773803711
2010-08-10,33.10839080810547
2010-08-11,31.601198196411133
2010-08-12,31.563987731933594
2010-08-13,31.452350616455078
2010-08-16,31.706647872924805
2010-08-17,32.06018829345703
2010-08-18,32.04777908325195
2010-08-19,31.532981872558594
2010-08-20,31.204248428344727
2010-08-23,31.142234802246094
2010-08-24,30.71426010131836
2010-08-25,30.745285034179688
2010-08-26,30.732873916625977
2010-08-27,31.334489822387695
2010-08-30,30.88172149658203
2010-08-31,30.974756240844727
2010-09-01,32.078792572021484
2010-09-02,32.258670806884766
2010-09-03,32.55637741088867
2010-09-07,32.10359191894531
2010-09-08,32.35169982910156
2010-09-09,32.65562057495117
2010-09-10,32.75485610961914
2010-09-13,33.35028839111328
2010-09-14,33.573570251464844
2010-09-15,33.585975646972656
2010-09-16,33.424705505371094
2010-09-17,33.263450622558594
2010-09-20,33.840274810791016
2010-09-21,33.83407211303711
2010-09-22,33.78444290161133
2010-09-23,33.41850280761719
2010-09-24,34.3488655090332
2010-09-27,34.175201416015625
2010-09-28,34.37367248535156
2010-09-29,34.3178596496582
2010-09-30,34.06355667114258
2010-10-01,34.40468978881836
2010-10-04,33.90848922729492
2010-10-05,34.869869232177734
2010-10-06,35.161373138427734
2010-10-07,35.04354476928711
2010-10-08,35.27302551269531
2010-10-11,35.229610443115234
2010-10-12,35.155181884765625
2010-10-13,35.5521354675293
2010-10-14,35.800235748291016
2010-10-15,35.68238067626953
2010-10-18,35.76301574707031
2010-10-19,34.97530746459961
2010-10-20,35.63276290893555
2010-10-21,35.44048309326172
2010-10-22,35.53352737426758
2010-10-25,35.669986724853516
2010-10-26,35.44048309326172
2010-10-27,35.099361419677734
2010-10-28,35.37226104736328
2010-10-29,35.3598518371582
2010-11-01,35.229610443115234
2010-11-02,35.8126335144043
2010-11-03,36.06072235107422
2010-11-04,36.879451751708984
2010-11-05,36.718177795410156
2010-11-08,36.494903564453125
2010-11-09,36.12895202636719
2010-11-10,36.234405517578125
2010-11-11,35.924285888671875
2010-11-12,35.62656021118164
2010-11-15,35.60175323486328
2010-11-16,34.76441955566406
2010-11-17,34.956695556640625
2010-11-18,35.83124542236328
2010-11-19,35.83124542236328
2010-11-22,35.44668960571289
2010-11-23,34.3798713684082
2010-11-24,34.925697326660156
2010-11-26,34.34265899658203
2010-11-29,34.038753509521484
2010-11-30,33.65420150756836
2010-12-01,34.60936737060547
2010-12-02,35.266815185546875
2010-12-03,35.60795593261719
2010-12-06,35.44668960571289
2010-12-07,35.465293884277344
2010-12-08,35.570743560791016
2010-12-09,35.66378402709961
2010-12-10,35.74440383911133
2010-12-13,36.12895202636719
2010-12-14,36.18478012084961
2010-12-15,35.70718765258789
2010-12-16,35.90567398071289
2010-12-17,35.70718765258789
2010-12-20,35.78782653808594
2010-12-21,36.08708190917969
2010-12-22,36.15595626831055
2010-12-23,36.13717269897461
2010-12-27,36.06203842163086
2010-12-28,36.093353271484375
2010-12-29,36.40638732910156
2010-12-30,36.231082916259766
2010-12-31,36.45021057128906
2011-01-03,36.750728607177734
2011-01-04,36.638031005859375
2011-01-05,36.48152160644531
2011-01-06,36.06203842163086
2011-01-07,35.91804885864258
2011-01-10,35.85543441772461
2011-01-11,36.09960174560547
2011-01-12,36.894718170166016
2011-01-13,36.99489212036133
2011-01-14,37.22028350830078
2011-01-18,37.46445846557617
2011-01-19,37.207767486572266
2011-01-20,36.88847351074219
2011-01-21,37.08881759643555
2011-01-24,37.483238220214844
2011-01-25,37.408111572265625
2011-01-26,37.646026611328125
2011-01-27,37.73366928100586
2011-01-28,36.894718170166016
2011-01-31,37.21403121948242
2011-02-01,38.0967903137207
2011-02-02,38.065494537353516
2011-02-03,38.071739196777344
2011-02-04,38.05923080444336
2011-02-07,38.17818069458008
2011-02-08,38.428619384765625
2011-02-09,38.315921783447266
2011-02-10,38.065494537353516
2011-02-11,38.08427429199219
2011-02-14,38.159400939941406
2011-02-15,38.04670715332031
2011-02-16,38.50374221801758
2011-02-17,38.63521194458008
2011-02-18,38.76669692993164
2011-02-22,37.65855407714844
2011-02-23,37.7086296081543
2011-02-24,37.739933013916016
2011-02-25,38.19070053100586
2011-02-28,38.53504943847656
2011-03-01,37.99661636352539
2011-03-02,38.19696807861328
2011-03-03,38.6853141784668
2011-03-04,38.33469772338867
2011-03-07,37.9653205871582
2011-03-08,38.08427429199219
2011-03-09,38.0967903137207
2011-03-10,37.151424407958984
2011-03-11,37.151424407958984
2011-03-14,36.48779296875
2011-03-15,35.723968505859375
2011-03-16,34.61580276489258
2011-03-17,35.767791748046875
2011-03-18,36.262393951416016
2011-03-21,37.15767288208008
2011-03-22,37.051246643066406
2011-03-23,37.09507369995117
2011-03-24,37.58967208862305
2011-03-25,37.17645263671875
2011-03-28,37.15767288208008
2011-03-29,37.351768493652344
2011-03-30,37.79627990722656
2011-03-31,37.61471939086914
2011-04-01,37.97158432006836
2011-04-04,38.02165985107422
2011-04-05,37.9277458190918
2011-04-06,38.24079132080078
2011-04-07,38.05297088623047
2011-04-08,38.36600875854492
2011-04-11,38.29088592529297
2011-04-12,37.93400573730469
2011-04-13,38.04670715332031
2011-04-14,38.21574783325195
2011-04-15,38.159400939941406
2011-04-18,37.376808166503906
2011-04-19,37.65228271484375
2011-04-20,38.61017608642578
2011-04-21,38.86061096191406
2011-04-25,38.86061096191406
2011-04-26,39.161128997802734
2011-04-27,39.64946746826172
2011-04-28,39.918678283691406
2011-04-29,39.730857849121094
2011-05-02,39.98755645751953
2011-05-03,39.661991119384766
2011-05-04,39.32390594482422
2011-05-05,38.54757308959961
2011-05-06,38.566349029541016
2011-05-09,38.841835021972656
2011-05-10,39.21121597290039
2011-05-11,38.42235565185547
2011-05-12,38.54757308959961
2011-05-13,37.9465446472168
2011-05-16,37.877662658691406
2011-05-17,37.95906066894531
2011-05-18,38.19070053100586
2011-05-19,38.409828186035156
2011-05-20,37.86514663696289
2011-05-23,36.9886474609375
2011-05-24,37.201507568359375
2011-05-25,37.43940734863281
2011-05-26,37.79002380371094
2011-05-27,38.065494537353516
2011-05-31,38.85435485839844
2011-06-01,37.93400573730469
2011-06-02,38.12809753417969
2011-06-03,38.14688491821289
2011-06-06,37.65228271484375
2011-06-07,37.99661636352539
2011-06-08,37.50828170776367
2011-06-09,37.89644241333008
2011-06-10,37.01994323730469
2011-06-13,37.07628631591797
2011-06-14,37.73366928100586
2011-06-15,36.494041442871094
2011-06-16,36.36882400512695
2011-06-17,36.72568130493164
2011-06-20,36.68185806274414
2011-06-21,37.47698211669922
2011-06-22,37.11381912231445
2011-06-23,36.79470443725586
2011-06-24,36.443660736083984
2011-06-27,36.74363327026367
2011-06-28,37.18403244018555
2011-06-29,37.83503341674805
2011-06-30,38.3839225769043
2011-07-01,38.80516815185547
2011-07-05,38.575401306152344
2011-07-06,38.33285903930664
2011-07-07,38.66474533081055
2011-07-08,38.18607711791992
2011-07-11,37.03084945678711
2011-07-12,36.78193664550781
2011-07-13,37.3308219909668
2011-07-14,37.00531768798828
2011-07-15,37.132965087890625
2011-07-18,36.584083557128906
2011-07-19,37.132965087890625
2011-07-20,37.573341369628906
2011-07-21,38.371150970458984
2011-07-22,38.409454345703125
2011-07-25,38.16691207885742
2011-07-26,38.396690368652344
2011-07-27,37.4648551940918
2011-07-28,37.37550354003906
2011-07-29,37.47123718261719
2011-08-01,36.998939514160156
2011-08-02,36.022430419921875
2011-08-03,36.23305130004883
2011-08-04,33.705596923828125
2011-08-05,34.299163818359375
2011-08-08,31.73980712890625
2011-08-09,33.87792205810547
2011-08-10,31.854694366455078
2011-08-11,33.380104064941406
2011-08-12,33.763038635253906
2011-08-15,34.54807662963867
2011-08-16,34.04386520385742
2011-08-17,34.241729736328125
2011-08-18,32.57590866088867
2011-08-19,32.02063751220703
2011-08-22,32.224891662597656
2011-08-23,33.2715950012207
2011-08-24,33.28437042236328
2011-08-25,32.48017120361328
2011-08-26,32.99077224731445
2011-08-29,33.77581024169922
2011-08-30,33.57794952392578
2011-08-31,34.19066619873047
2011-09-01,33.76942825317383
2011-09-02,33.01630401611328
2011-09-06,31.931289672851562
2011-09-07,32.88227844238281
2011-09-08,32.23126220703125
2011-09-09,31.114343643188477
2011-09-12,30.98030662536621
2011-09-13,31.31218719482422
2011-09-14,31.784494400024414
2011-09-15,32.47378921508789
2011-09-16,32.48655700683594
2011-09-19,31.593015670776367
2011-09-20,31.720664978027344
2011-09-21,30.77606773376465
2011-09-22,29.780406951904297
2011-09-23,30.118675231933594
2011-09-26,30.737777709960938
2011-09-27,31.497283935546875
2011-09-28,30.961156845092773
2011-09-29,31.567481994628906
2011-09-30,30.4952392578125
2011-10-03,29.691055297851562
2011-10-04,30.188884735107422
2011-10-05,30.654796600341797
2011-10-06,31.4781436920166
2011-10-07,31.261131286621094
2011-10-10,32.45464324951172
2011-10-11,32.397212982177734
2011-10-12,32.8695068359375
2011-10-13,32.88227844238281
2011-10-14,33.26521682739258
2011-10-17,32.49932098388672
2011-10-18,32.965232849121094
2011-10-19,32.37168884277344
2011-10-20,32.45464324951172
2011-10-21,33.23968505859375
2011-10-24,33.73750686645508
2011-10-25,33.156715393066406
2011-10-26,33.60987091064453
2011-10-27,35.4671516418457
2011-10-28,35.26292037963867
2011-10-31,33.43115997314453
2011-11-01,32.38443374633789
2011-11-02,32.65888214111328
2011-11-03,33.482215881347656
2011-11-04,33.06098175048828
2011-11-07,33.20138931274414
2011-11-08,33.60348892211914
2011-11-09,31.880229949951172
2011-11-10,32.25678253173828
2011-11-11,33.06098175048828
2011-11-14,32.47378921508789
2011-11-15,32.38443374633789
2011-11-16,31.765342712402344
2011-11-17,31.420690536499023
2011-11-18,31.52919578552246
2011-11-21,30.731386184692383
2011-11-22,30.64204216003418
2011-11-23,29.799556732177734
2011-11-25,29.64638328552246
2011-11-28,30.91010284423828
2011-11-29,31.114343643188477
2011-11-30,32.70356369018555
2011-12-01,32.42273712158203
2011-12-02,32.416351318359375
2011-12-05,32.78653335571289
2011-12-06,32.63335418701172
2011-12-07,32.863121032714844
2011-12-08,31.784494400024414
2011-12-09,32.57590866088867
2011-12-12,31.624929428100586
2011-12-13,31.197309494018555
2011-12-14,30.82713508605957
2011-12-15,30.98030662536621
2011-12-16,30.8526554107666
2011-12-19,30.56544303894043
2011-12-20,31.643489837646484
2011-12-21,31.475540161132812
2011-12-22,31.759750366210938
2011-12-23,31.9793643951416
2011-12-27,31.837265014648438
2011-12-28,31.262392044067383
2011-12-29,31.837265014648438
2011-12-30,31.99226951599121
2012-01-03,32.86426544189453
2012-01-04,32.670494079589844
2012-01-05,32.18605041503906
2012-01-06,31.746828079223633
2012-01-09,31.869552612304688
2012-01-10,32.354000091552734
2012-01-11,32.25065231323242
2012-01-12,32.386287689208984
2012-01-13,32.03749465942383
2012-01-17,32.41858673095703
2012-01-18,32.961151123046875
2012-01-19,33.36809158325195
2012-01-20,33.54248046875
2012-01-23,33.67166519165039
2012-01-24,33.484344482421875
2012-01-25,33.83313751220703
2012-01-26,33.8460578918457
2012-01-27,33.904197692871094
2012-01-30,33.50372314453125
2012-01-31,33.678123474121094
2012-02-01,34.20777893066406
2012-02-02,34.27882385253906
2012-02-03,34.81494140625
2012-02-06,34.646995544433594
2012-02-07,34.86015319824219
2012-02-08,34.98286819458008
2012-02-09,35.07330322265625
2012-02-10,34.40800857543945
2012-02-13,34.802024841308594
2012-02-14,34.54365921020508
2012-02-15,34.5824089050293
2012-02-16,35.06038284301758
2012-02-17,35.21540832519531
2012-02-21,35.221866607666016
2012-02-22,35.1185188293457
2012-02-23,35.40918731689453
2012-02-24,35.62234115600586
2012-02-27,35.44147872924805
2012-02-28,35.77088928222656
2012-02-29,35.305843353271484
2012-03-01,35.706302642822266
2012-03-02,35.37687683105469
2012-03-05,35.18955993652344
2012-03-06,34.06568145751953
2012-03-07,34.48551559448242
2012-03-08,35.22832107543945
2012-03-09,35.11205291748047
2012-03-12,35.02163314819336
2012-03-13,35.590030670166016
2012-03-14,35.2735481262207
2012-03-15,35.60940933227539
2012-03-16,35.85486602783203
2012-03-19,36.04217529296875
2012-03-20,35.615882873535156
2012-03-21,35.38333511352539
2012-03-22,35.13789749145508
2012-03-23,35.38333511352539
2012-03-26,35.835487365722656
2012-03-27,35.60940933227539
2012-03-28,35.36397171020508
2012-03-29,35.13789749145508
2012-03-30,35.45439910888672
2012-04-02,35.86778259277344
2012-04-03,35.24124526977539
2012-04-04,34.453224182128906
2012-04-05,34.24653244018555
2012-04-09,34.09797668457031
2012-04-10,33.36809158325195
2012-04-11,33.83313751220703
2012-04-12,34.453224182128906
2012-04-13,33.79438781738281
2012-04-16,34.03983688354492
2012-04-17,34.5824089050293
2012-04-18,34.401546478271484
2012-04-19,34.194854736328125
2012-04-20,34.52426528930664
2012-04-23,33.83313751220703
2012-04-24,34.10441970825195
2012-04-25,34.569496154785156
2012-04-26,34.776180267333984
2012-04-27,34.91828536987305
2012-04-30,34.718048095703125
2012-05-01,34.86015319824219
2012-05-02,34.5888671875
2012-05-03,34.285282135009766
2012-05-04,33.762088775634766
2012-05-07,34.00754165649414
2012-05-08,33.484344482421875
2012-05-09,33.096797943115234
2012-05-10,33.25181579589844
2012-05-11,33.04512023925781
2012-05-14,32.41212463378906
2012-05-15,32.00519943237305
2012-05-16,31.68869400024414
2012-05-17,31.301156997680664
2012-05-18,31.075077056884766
2012-05-21,31.759750366210938
2012-05-22,31.643489837646484
2012-05-23,31.385120391845703
2012-05-24,31.17842674255371
2012-05-25,31.068614959716797
2012-05-29,31.462627410888672
2012-05-30,30.71982192993164
2012-05-31,30.8489990234375
2012-06-01,30.067447662353516
2012-06-04,30.319353103637695
2012-06-05,30.538970947265625
2012-06-06,31.391571044921875
2012-06-07,31.436786651611328
2012-06-08,31.33344078063965
2012-06-11,31.02985954284668
2012-06-12,31.54660415649414
2012-06-13,31.2946834564209
2012-06-14,31.527219772338867
2012-06-15,31.972896575927734
2012-06-18,31.882471084594727
2012-06-19,32.41212463378906
2012-06-20,32.59944152832031
2012-06-21,31.746129989624023
2012-06-22,32.017127990722656
2012-06-25,31.303293228149414
2012-06-26,31.50818634033203
2012-06-27,31.805625915527344
2012-06-28,31.871713638305664
2012-06-29,33.02179718017578
2012-07-02,33.23992156982422
2012-07-03,33.54396057128906
2012-07-05,32.98874282836914
2012-07-06,32.678096771240234
2012-07-09,32.60539245605469
2012-07-10,32.387271881103516
2012-07-11,32.48640823364258
2012-07-12,32.16254425048828
2012-07-13,32.61861801147461
2012-07-16,32.61199951171875
2012-07-17,32.704532623291016
2012-07-18,32.962318420410156
2012-07-19,33.266353607177734
2012-07-20,32.48640823364258
2012-07-23,31.818849563598633
2012-07-24,31.475135803222656
2012-07-25,31.640382766723633
2012-07-26,32.60539245605469
2012-07-27,33.292789459228516
2012-07-30,33.253143310546875
2012-07-31,33.0482292175293
2012-08-01,33.054840087890625
2012-08-02,32.5921745300293
2012-08-03,33.70259475708008
2012-08-06,33.94053268432617
2012-08-07,34.224754333496094
2012-08-08,34.204925537109375
2012-08-09,34.224754333496094
2012-08-10,34.28424072265625
2012-08-13,34.11899185180664
2012-08-14,34.198307037353516
2012-08-15,34.09916687011719
2012-08-16,34.52219009399414
2012-08-17,34.56845474243164
2012-08-20,34.5287971496582
2012-08-21,34.72707748413086
2012-08-22,34.68742752075195
2012-08-23,34.4891357421875
2012-08-24,34.43626022338867
2012-08-27,34.45608901977539
2012-08-28,34.42304229736328
2012-08-29,34.31728744506836
2012-08-30,33.808345794677734
2012-08-31,34.105777740478516
2012-09-04,33.933921813964844
2012-09-05,33.841392517089844
2012-09-06,34.680816650390625
2012-09-07,35.20298385620117
2012-09-10,34.925376892089844
2012-09-11,35.321956634521484
2012-09-12,35.55329132080078
2012-09-13,36.095298767089844
2012-09-14,36.45220947265625
2012-09-17,36.26053237915039
2012-09-18,36.10849380493164
2012-09-19,36.26053237915039
2012-09-20,36.02918243408203
2012-09-21,36.04901123046875
2012-09-24,35.923439025878906
2012-09-25,35.672264099121094
2012-09-26,35.315345764160156
2012-09-27,35.73836135864258
2012-09-28,35.031124114990234
2012-10-01,35.315345764160156
2012-10-02,35.45415115356445
2012-10-03,35.30873107910156
2012-10-04,35.73836135864258
2012-10-05,35.784629821777344
2012-10-08,35.573123931884766
2012-10-09,35.05757141113281
2012-10-10,34.95841979980469
2012-10-11,35.183143615722656
2012-10-12,35.14348602294922
2012-10-15,35.4871940612793
2012-10-16,36.07545471191406
2012-10-17,36.41254425048828
2012-10-18,36.27373504638672
2012-10-19,35.784629821777344
2012-10-22,36.035797119140625
2012-10-23,35.26246643066406
2012-10-24,35.28229522705078
2012-10-25,35.49380874633789
2012-10-26,35.44092559814453
2012-10-31,35.41448974609375
2012-11-01,35.83089828491211
2012-11-02,35.4871940612793
2012-11-05,35.401275634765625
2012-11-06,35.73836135864258
2012-11-07,35.20298385620117
2012-11-08,34.885719299316406
2012-11-09,34.89893341064453
2012-11-12,34.872501373291016
2012-11-13,34.700653076171875
2012-11-14,34.337127685546875
2012-11-15,34.449485778808594
2012-11-16,34.42964553833008
2012-11-19,35.176544189453125
2012-11-20,35.22941970825195
2012-11-21,35.288902282714844
2012-11-23,36.04901123046875
2012-11-26,35.963096618652344
2012-11-27,35.784629821777344
2012-11-28,36.04241180419922
2012-11-29,36.353065490722656
2012-11-30,36.39932632446289
2012-12-03,36.44560241699219
2012-12-04,36.53813171386719
2012-12-05,36.591007232666016
2012-12-06,36.66371154785156
2012-12-07,36.67692565917969
2012-12-10,36.71659469604492
2012-12-11,36.928096771240234
2012-12-12,37.04707336425781
2012-12-13,36.93470764160156
2012-12-14,37.066898345947266
2012-12-17,37.21892547607422
2012-12-18,37.60647964477539
2012-12-19,37.7401237487793
2012-12-20,37.99403381347656
2012-12-21,37.760169982910156
2012-12-24,37.65993118286133
2012-12-26,37.653255462646484
2012-12-27,37.82698059082031
2012-12-28,37.42606735229492
2012-12-31,37.99403381347656
2013-01-02,38.58205795288086
2013-01-03,38.2078742980957
2013-01-04,38.40164566040039
2013-01-07,38.234596252441406
2013-01-08,38.020774841308594
2013-01-09,38.21454620361328
2013-01-10,38.702335357666016
2013-01-11,38.78251647949219
2013-01-14,38.829288482666016
2013-01-15,38.76915740966797
2013-01-16,38.58205795288086
2013-01-17,38.896114349365234
2013-01-18,38.85602569580078
2013-01-22,38.87606430053711
2013-01-23,38.83598709106445
2013-01-24,39.0230827331543
2013-01-25,39.44403839111328
2013-01-28,39.250267028808594
2013-01-29,39.51755142211914
2013-01-30,39.55764389038086
2013-01-31,39.41062545776367
2013-02-01,39.72468948364258
2013-02-04,39.00970458984375
2013-02-05,39.19013214111328
2013-02-06,39.18344497680664
2013-02-07,38.862709045410156
2013-02-08,39.109947204589844
2013-02-11,39.06984329223633
2013-02-12,39.26361846923828
2013-02-13,39.357173919677734
2013-02-14,39.14335632324219
2013-02-15,39.043113708496094
2013-02-19,39.50418472290039
2013-02-20,39.11663055419922
2013-02-21,38.52859878540039
2013-02-22,39.08320999145508
2013-02-25,38.14772415161133
2013-02-26,38.455101013183594
2013-02-27,38.942893981933594
2013-02-28,38.90279769897461
2013-03-01,38.82261276245117
2013-03-04,38.98966598510742
2013-03-05,39.377220153808594
2013-03-06,39.47745895385742
2013-03-07,39.59104537963867
2013-03-08,39.67790985107422
2013-03-11,39.798187255859375
2013-03-12,39.59773254394531
2013-03-13,39.5375862121582
2013-03-14,39.92514419555664
2013-03-15,40.005332946777344
2013-03-18,39.564308166503906
2013-03-19,39.44403839111328
2013-03-20,39.684593200683594
2013-03-21,39.323768615722656
2013-03-22,39.66454315185547
2013-03-25,39.17007827758789
2013-03-26,39.41730880737305
2013-03-27,39.223533630371094
2013-03-28,39.41062545776367
2013-04-01,38.882755279541016
2013-04-02,39.29704284667969
2013-04-03,39.103248596191406
2013-04-04,39.45072937011719
2013-04-05,39.27031326293945
2013-04-08,39.42399215698242
2013-04-09,39.564308166503906
2013-04-10,40.1523323059082
2013-04-11,40.46639633178711
2013-04-12,40.36615753173828
2013-04-15,39.57099914550781
2013-04-16,40.13228988647461
2013-04-17,39.29704284667969
2013-04-18,39.1767578125
2013-04-19,39.490814208984375
2013-04-22,39.657859802246094
2013-04-23,40.21915817260742
2013-04-24,40.56661605834961
2013-04-25,40.78044891357422
2013-04-26,40.81385803222656
2013-04-29,41.33505630493164
2013-04-30,41.38850402832031
2013-05-01,41.14128112792969
2013-05-02,41.268245697021484
2013-05-03,41.796112060546875
2013-05-06,41.74266052246094
2013-05-07,41.809486389160156
2013-05-08,42.25049591064453
2013-05-09,41.84288787841797
2013-05-10,41.88966369628906
2013-05-13,41.86962127685547
2013-05-14,41.949798583984375
2013-05-15,42.13021469116211
2013-05-16,41.84288787841797
2013-05-17,42.13021469116211
2013-05-20,42.36410140991211
2013-05-21,42.45095443725586
2013-05-22,42.02330780029297
2013-05-23,41.42192459106445
2013-05-24,41.06109619140625
2013-05-28,41.168006896972656
2013-05-29,40.77376937866211
2013-05-30,40.93413162231445
2013-05-31,40.13896942138672
2013-06-03,40.292659759521484
2013-06-04,40.43966293334961
2013-06-05,39.5375862121582
2013-06-06,39.758087158203125
2013-06-07,40.292659759521484
2013-06-10,40.332759857177734
2013-06-11,39.83827209472656
2013-06-12,39.79150390625
2013-06-13,40.399574279785156
2013-06-14,39.95856475830078
2013-06-17,40.533203125
2013-06-18,40.82053756713867
2013-06-19,40.05878448486328
2013-06-20,38.588741302490234
2013-06-21,38.7156982421875
2013-06-24,38.10763931274414
2013-06-25,38.595420837402344
2013-06-26,38.74911117553711
2013-06-27,39.139068603515625
2013-06-28,39.0640754699707
2013-07-01,39.43221664428711
2013-07-02,39.23450469970703
2013-07-03,39.2481575012207
2013-07-05,39.43221664428711
2013-07-08,39.677650451660156
2013-07-09,39.895809173583984
2013-07-10,40.0117073059082
2013-07-11,41.0479621887207
2013-07-12,40.7752685546875
2013-07-15,41.02751541137695
2013-07-16,41.0002326965332
2013-07-17,41.12295913696289
2013-07-18,41.39565658569336
2013-07-19,41.3615608215332
2013-07-22,41.593360900878906
2013-07-23,41.681976318359375
2013-07-24,41.62744140625
2013-07-25,41.70925521850586
2013-07-26,41.45018768310547
2013-07-29,41.054779052734375
2013-07-30,41.0479621887207
2013-07-31,41.143409729003906
2013-08-01,41.702430725097656
2013-08-02,42.04330825805664
2013-08-05,41.95468521118164
2013-08-06,41.89332580566406
2013-08-07,41.70925521850586
2013-08-08,42.08421325683594
2013-08-09,42.15920639038086
2013-08-12,42.04330825805664
2013-08-13,42.316009521484375
2013-08-14,42.33646774291992
2013-08-15,41.9819450378418
2013-08-16,42.05694580078125
2013-08-19,41.75697708129883
2013-08-20,41.702430725097656
2013-08-21,41.211570739746094
2013-08-22,41.61382293701172
2013-08-23,41.97512435913086
2013-08-26,41.66835403442383
2013-08-27,40.95933151245117
2013-08-28,40.91160202026367
2013-08-29,40.84343719482422
2013-08-30,40.33894348144531
2013-09-03,41.11613082885742
2013-09-04,41.48426818847656
2013-09-05,41.45018768310547
2013-09-06,41.67515563964844
2013-09-09,42.247833251953125
2013-09-10,42.72505569458008
2013-09-11,42.87504577636719
2013-09-12,42.629608154296875
2013-09-13,42.83413314819336
2013-09-16,43.168190002441406
2013-09-17,43.19546890258789
2013-09-18,44.34761428833008
2013-09-19,44.13626480102539
2013-09-20,43.815853118896484
2013-09-23,43.80221939086914
2013-09-24,43.73404312133789
2013-09-25,43.781761169433594
2013-09-26,43.96583557128906
2013-09-27,43.809043884277344
2013-09-30,43.495426177978516
2013-10-01,43.72721862792969
2013-10-02,43.713592529296875
2013-10-03,43.42725372314453
2013-10-04,43.52951431274414
2013-10-07,43.07957077026367
2013-10-08,42.74551010131836
2013-10-09,42.92958068847656
2013-10-10,43.69995880126953
2013-10-11,43.93174743652344
2013-10-14,44.08173370361328
2013-10-15,43.870384216308594
2013-10-16,44.197635650634766
2013-10-17,44.783935546875
2013-10-18,45.0498161315918
2013-10-21,45.11799240112305
2013-10-22,45.56793975830078
2013-10-23,45.12480926513672
2013-10-24,45.43841552734375
2013-10-25,45.308876037597656
2013-10-28,45.233882904052734
2013-10-29,45.329322814941406
2013-10-30,45.16570281982422
2013-10-31,44.9134521484375
2013-11-01,44.6953010559082
2013-11-04,44.9134521484375
2013-11-05,44.524864196777344
2013-11-06,44.9134521484375
2013-11-07,44.20444107055664
2013-11-08,44.4635009765625
2013-11-11,44.55895233154297
2013-11-12,44.40896987915039
2013-11-13,44.55213928222656
2013-11-14,44.75666046142578
2013-11-15,45.11799240112305
2013-11-18,45.11799240112305
2013-11-19,45.00209045410156
2013-11-20,44.68849182128906
2013-11-21,44.96800231933594
2013-11-22,45.097530364990234
2013-11-25,44.961185455322266
2013-11-26,44.961185455322266
2013-11-27,45.070274353027344
2013-11-29,45.15890121459961
2013-12-02,44.8248291015625
2013-12-03,44.51123046875
2013-12-04,44.27262496948242
2013-12-05,44.0203742980957
2013-12-06,44.56576919555664
2013-12-09,44.51805877685547
2013-12-10,44.44305419921875
2013-12-11,44.027191162109375
2013-12-12,43.706783294677734
2013-12-13,43.67950439453125
2013-12-16,43.993099212646484
2013-12-17,43.80221939086914
2013-12-18,44.49124526977539
2013-12-19,44.49124526977539
2013-12-20,44.74568176269531
2013-12-23,45.206398010253906
2013-12-24,45.29580307006836
2013-12-26,45.54336166381836
2013-12-27,45.77715301513672
2013-12-30,45.96969223022461
2013-12-31,46.14160919189453
2014-01-02,45.32331085205078
2014-01-03,45.37144088745117
2014-01-06,45.31643295288086
2014-01-07,45.57086181640625
2014-01-08,45.557106018066406
2014-01-09,45.522727966308594
2014-01-10,45.942195892333984
2014-01-13,45.54336166381836
2014-01-14,45.90781021118164
2014-01-15,46.1003532409668
2014-01-16,46.07972717285156
2014-01-17,45.942195892333984
2014-01-21,46.1622428894043
2014-01-22,46.1622428894043
2014-01-23,45.85279846191406
2014-01-24,44.594390869140625
2014-01-27,44.38810348510742
2014-01-28,44.77318572998047
2014-01-29,44.27119064331055
2014-01-30,44.49811935424805
2014-01-31,43.74170684814453
2014-02-03,42.84775161743164
2014-02-04,43.342857360839844
2014-02-05,43.43225860595703
2014-02-06,44.20242691040039
2014-02-07,44.78006362915039
2014-02-10,44.6287727355957
2014-02-11,45.337066650390625
2014-02-12,45.41270446777344
2014-02-13,45.55023956298828
2014-02-14,45.72214126586914
2014-02-18,46.114105224609375
2014-02-19,45.80467224121094
2014-02-20,45.962825775146484
2014-02-21,46.052223205566406
2014-02-24,46.451072692871094
2014-02-25,46.341033935546875
2014-02-26,46.18287658691406
2014-02-27,46.341033935546875
2014-02-28,46.423561096191406
2014-03-03,45.44021224975586
2014-03-04,46.341033935546875
2014-03-05,46.2997932434082
2014-03-06,46.78114318847656
2014-03-07,46.526702880859375
2014-03-10,46.237892150878906
2014-03-11,45.90093231201172
2014-03-12,45.729026794433594
2014-03-13,44.87633514404297
2014-03-14,44.78006362915039
2014-03-17,45.343936920166016
2014-03-18,45.62587356567383
2014-03-19,45.06887435913086
2014-03-20,44.8969612121582
2014-03-21,44.80756378173828
2014-03-24,44.92447280883789
2014-03-25,45.41270446777344
2014-03-26,45.40582275390625
2014-03-27,45.632755279541016
2014-03-28,45.976585388183594
2014-03-31,46.21038055419922
2014-04-01,46.50606918334961
2014-04-02,46.595458984375
2014-04-03,46.46480941772461
2014-04-04,46.320411682128906
2014-04-07,46.1003532409668
2014-04-08,46.07284164428711
2014-04-09,46.66423416137695
2014-04-10,45.83904266357422
2014-04-11,45.563987731933594
2014-04-14,45.825294494628906
2014-04-15,45.632755279541016
2014-04-16,46.196624755859375
2014-04-17,46.43730545043945
2014-04-21,46.49919128417969
2014-04-22,46.69173812866211
2014-04-23,46.58171081542969
2014-04-24,46.5748291015625
2014-04-25,46.34791946411133
2014-04-28,46.492313385009766
2014-04-29,46.794883728027344
2014-04-30,46.98054504394531
2014-05-01,47.111202239990234
2014-05-02,47.03556823730469
2014-05-05,47.00117111206055
2014-05-06,46.91865539550781
2014-05-07,46.973670959472656
2014-05-08,46.98054504394531
2014-05-09,46.91177749633789
2014-05-12,47.22123336791992
2014-05-13,47.28999328613281
2014-05-14,47.20060729980469
2014-05-15,46.99431228637695
2014-05-16,47.097450256347656
2014-05-19,47.00117111206055
2014-05-20,46.70547866821289
2014-05-21,47.069942474365234
2014-05-22,47.131839752197266
2014-05-23,47.255619049072266
2014-05-27,47.59256362915039
2014-05-28,47.43440246582031
2014-05-29,47.72322463989258
2014-05-30,47.7301025390625
2014-06-02,47.82636642456055
2014-06-03,47.709468841552734
2014-06-04,47.69570541381836
2014-06-05,48.025787353515625
2014-06-06,48.287109375
2014-06-09,48.23896026611328
2014-06-10,48.135826110839844
2014-06-11,47.895137786865234
2014-06-12,47.90888977050781
2014-06-13,47.943275451660156
2014-06-16,47.957027435302734
2014-06-17,47.92264175415039
2014-06-18,48.33523178100586
2014-06-19,48.5965461730957
2014-06-20,48.51402282714844
2014-06-23,48.38337326049805
2014-06-24,48.0807991027832
2014-06-25,48.063880920410156
2014-06-26,48.0991096496582
2014-06-27,48.127296447753906
2014-06-30,48.169586181640625
2014-07-01,48.59230422973633
2014-07-02,48.66979217529297
2014-07-03,48.7684440612793
2014-07-07,48.38798141479492
2014-07-08,47.880714416503906
2014-07-09,48.035701751708984
2014-07-10,47.50730514526367
2014-07-11,47.535491943359375
2014-07-14,47.887752532958984
2014-07-15,47.76798629760742
2014-07-16,48.063880920410156
2014-07-17,47.4509391784668
2014-07-18,47.824344635009766
2014-07-21,47.64820861816406
2014-07-22,47.859580993652344
2014-07-23,47.95820236206055
2014-07-24,48.070926666259766
2014-07-25,47.873661041259766
2014-07-28,47.880714416503906
2014-07-29,47.782073974609375
2014-07-30,47.71160888671875
2014-07-31,46.91548156738281
2014-08-01,46.591400146484375
2014-08-04,46.80980682373047
2014-08-05,46.2109375
2014-08-06,46.09822082519531
2014-08-07,45.72480773925781
2014-08-08,45.99253463745117
2014-08-11,46.16867446899414
2014-08-12,46.133453369140625
2014-08-13,46.394126892089844
2014-08-14,46.640716552734375
2014-08-15,46.591400146484375
2014-08-18,46.89434814453125
2014-08-19,47.0070686340332
2014-08-20,46.859130859375
2014-08-21,47.056396484375
2014-08-22,46.83094787597656
2014-08-25,47.1338996887207
2014-08-26,47.14093017578125
2014-08-27,47.23252868652344
2014-08-28,47.02116394042969
2014-08-29,47.00003433227539
2014-09-02,47.09162139892578
2014-09-03,47.422752380371094
2014-09-04,47.19729995727539
2014-09-05,47.204341888427734
2014-09-08,46.70412063598633
2014-09-09,46.570255279541016
2014-09-10,46.83798599243164
2014-09-11,46.57731246948242
2014-09-12,46.51389694213867
2014-09-15,46.415252685546875
2014-09-16,46.61253356933594
2014-09-17,46.28140640258789
2014-09-18,46.640716552734375
2014-09-19,46.47867202758789
2014-09-22,46.27434539794922
2014-09-23,45.8868522644043
2014-09-24,46.11935043334961
2014-09-25,45.442996978759766
2014-09-26,45.63322067260742
2014-09-29,45.21049880981445
2014-09-30,45.175270080566406
2014-10-01,44.63982009887695
2014-10-02,44.16072463989258
2014-10-03,44.16072463989258
2014-10-06,44.442543029785156
2014-10-07,43.688682556152344
2014-10-08,44.379127502441406
2014-10-09,43.18844985961914
2014-10-10,42.54029083251953
2014-10-13,42.483917236328125
2014-10-14,42.5895881652832
2014-10-15,42.335960388183594
2014-10-16,41.941410064697266
2014-10-17,42.72345733642578
2014-10-20,42.991180419921875
2014-10-21,43.50550079345703
2014-10-22,43.18844985961914
2014-10-23,43.60414123535156
2014-10-24,43.84368133544922
2014-10-27,43.59709930419922
2014-10-28,44.259361267089844
2014-10-29,43.921173095703125
2014-10-30,44.23822784423828
2014-10-31,45.05550003051758
2014-11-03,44.667991638183594
2014-11-04,44.414363861083984
2014-11-05,44.49890899658203
2014-11-06,44.259361267089844
2014-11-07,44.280494689941406
2014-11-10,44.47776794433594
2014-11-11,44.74549865722656
2014-11-12,44.365047454833984
2014-11-13,44.5764045715332
2014-11-14,44.63982009887695
2014-11-17,44.463680267333984
2014-11-18,44.94981002807617
2014-11-19,44.815956115722656
2014-11-20,44.5482292175293
2014-11-21,44.93572235107422
2014-11-24,45.196407318115234
2014-11-25,45.2739143371582
2014-11-26,45.450035095214844
2014-11-28,45.08367919921875
2014-12-01,45.041412353515625
2014-12-02,45.16823196411133
2014-12-03,45.111854553222656
2014-12-04,44.963905334472656
2014-12-05,45.062538146972656
2014-12-08,44.667991638183594
2014-12-09,44.42845153808594
2014-12-10,43.86481857299805
2014-12-11,43.80845260620117
2014-12-12,42.9630012512207
2014-12-15,42.25141143798828
2014-12-16,42.554378509521484
2014-12-17,43.06304168701172
2014-12-18,43.831390380859375
2014-12-19,43.895423889160156
2014-12-22,44.10884475708008
2014-12-23,43.9665641784668
2014-12-24,44.165767669677734
2014-12-26,44.27960205078125
2014-12-29,43.959449768066406
2014-12-30,43.55393600463867
2014-12-31,43.28358840942383
2015-01-02,43.0986213684082
2015-01-05,42.081268310546875
2015-01-06,41.6046028137207
2015-01-07,42.06703567504883
2015-01-08,42.63618087768555
2015-01-09,42.42987060546875
2015-01-12,42.33026123046875
2015-01-13,42.543701171875
2015-01-14,42.42275619506836
2015-01-15,42.693084716796875
2015-01-16,43.24802017211914
2015-01-20,43.397422790527344
2015-01-21,43.73890686035156
2015-01-22,43.902530670166016
2015-01-23,43.653533935546875
2015-01-26,44.251129150390625
2015-01-27,44.3151741027832
2015-01-28,43.653533935546875
2015-01-29,44.251129150390625
2015-01-30,43.55393600463867
2015-02-02,44.08039474487305
2015-02-03,44.78471755981445
2015-02-04,44.41476821899414
2015-02-05,45.0265998840332
2015-02-06,44.464569091796875
2015-02-09,44.251129150390625
2015-02-10,44.65665817260742
2015-02-11,44.41476821899414
2015-02-12,45.1048469543457
2015-02-13,45.403663635253906
2015-02-17,45.5103874206543
2015-02-18,45.78071975708008
2015-02-19,45.8376350402832
2015-02-20,46.26449203491211
2015-02-23,46.10086441040039
2015-02-24,46.38544464111328
2015-02-25,46.42101287841797
2015-02-26,46.29295349121094
2015-02-27,46.31430435180664
2015-03-02,46.38544464111328
2015-03-03,46.10086441040039
2015-03-04,45.91588592529297
2015-03-05,46.02260971069336
2015-03-06,45.396549224853516
2015-03-09,45.467689514160156
2015-03-10,44.47880172729492
2015-03-11,44.59262466430664
2015-03-12,45.14753723144531
2015-03-13,44.884315490722656
2015-03-16,45.38942337036133
2015-03-17,45.275604248046875
2015-03-18,46.24314498901367
2015-03-19,45.70246124267578
2015-03-20,46.71269226074219
2015-03-23,46.94746398925781
2015-03-24,46.847869873046875
2015-03-25,46.62732696533203
2015-03-26,46.22180938720703
2015-03-27,46.34274673461914
2015-03-30,46.3712043762207
2015-03-31,45.65266418457031
2015-04-01,45.979915618896484
2015-04-02,46.378326416015625
2015-04-06,46.847869873046875
2015-04-07,46.78384780883789
2015-04-08,46.98303985595703
2015-04-09,47.04706573486328
2015-04-10,47.139556884765625
2015-04-13,46.84075164794922
2015-04-14,47.189369201660156
2015-04-15,47.40279006958008
2015-04-16,47.53084182739258
2015-04-17,46.93324279785156
2015-04-20,46.98303985595703
2015-04-21,47.40279006958008
2015-04-22,47.49527359008789
2015-04-23,47.67313003540039
2015-04-24,47.95059585571289
2015-04-27,48.18535614013672
2015-04-28,48.24227523803711
2015-04-29,47.822532653808594
2015-04-30,47.317420959472656
2015-05-01,47.8438835144043
2015-05-04,47.79407501220703
2015-05-05,47.082645416259766
2015-05-06,47.203582763671875
2015-05-07,47.04706573486328
2015-05-08,48.13555908203125
2015-05-11,47.715816497802734
2015-05-12,47.6873664855957
2015-05-13,48.04307556152344
2015-05-14,48.61933898925781
2015-05-15,48.67624282836914
2015-05-18,48.51261901855469
2015-05-19,48.32765579223633
2015-05-20,48.420143127441406
2015-05-21,48.67624282836914
2015-05-22,48.36322784423828
2015-05-26,47.49527359008789
2015-05-27,47.95770263671875
2015-05-28,47.87233352661133
2015-05-29,47.40990447998047
2015-06-01,47.28184509277344
2015-06-02,47.502384185791016
2015-06-03,47.7656135559082
2015-06-04,47.253387451171875
2015-06-05,46.69135665893555
2015-06-08,46.62732696533203
2015-06-09,46.3712043762207
2015-06-10,47.34587860107422
2015-06-11,47.47392654418945
2015-06-12,47.09687042236328
2015-06-15,46.81230545043945
2015-06-16,46.79806137084961
2015-06-17,46.69135665893555
2015-06-18,47.1110954284668
2015-06-19,46.997257232666016
2015-06-22,47.886558532714844
2015-06-23,48.01461410522461
2015-06-24,47.60198211669922
2015-06-25,47.58101272583008
2015-06-26,47.55929946899414
2015-06-29,46.09794235229492
2015-06-30,45.931549072265625
2015-07-01,46.22816848754883
2015-07-02,46.28604507446289
2015-07-06,45.3527946472168
2015-07-07,45.36726379394531
2015-07-08,44.311038970947266
2015-07-09,45.04171371459961
2015-07-10,46.517547607421875
2015-07-13,46.691165924072266
2015-07-14,47.08183288574219
2015-07-15,46.908199310302734
2015-07-16,47.313331604003906
2015-07-17,47.2337532043457
2015-07-20,47.35673904418945
2015-07-21,47.21928405761719
2015-07-22,46.85756301879883
2015-07-23,46.73457717895508
2015-07-24,46.22092819213867
2015-07-27,45.88090133666992
2015-07-28,46.45966339111328
2015-07-29,46.626060485839844
2015-07-30,46.589881896972656
2015-07-31,46.86479949951172
2015-08-03,46.74180603027344
2015-08-04,46.777984619140625
2015-08-05,47.02395248413086
2015-08-06,46.8286247253418
2015-08-07,46.74180603027344
2015-08-10,47.313331604003906
2015-08-11,46.589881896972656
2015-08-12,46.25709533691406
2015-08-13,46.22816848754883
2015-08-14,46.300506591796875
2015-08-17,46.213687896728516
2015-08-18,45.866432189941406
2015-08-19,45.46131134033203
2015-08-20,44.36166763305664
2015-08-21,43.34885025024414
2015-08-24,41.85131072998047
2015-08-25,42.24921417236328
2015-08-26,43.24756622314453
2015-08-27,43.77567672729492
2015-08-28,43.7105712890625
2015-08-31,43.3850212097168
2015-09-01,41.93088912963867
2015-09-02,42.55305862426758
2015-09-03,42.65433883666992
2015-09-04,41.67768859863281
2015-09-08,42.90031814575195
2015-09-09,42.726688385009766
2015-09-10,43.00883865356445
2015-09-11,43.00159454345703
2015-09-14,42.67604446411133
2015-09-15,42.96541976928711
2015-09-16,43.62376403808594
2015-09-17,43.64545822143555
2015-09-18,42.55305862426758
2015-09-21,42.53135299682617
2015-09-22,41.518531799316406
2015-09-23,41.32320785522461
2015-09-24,41.207454681396484
2015-09-25,41.56917953491211
2015-09-28,40.75168228149414
2015-09-29,40.69380569458008
2015-09-30,41.4678955078125
2015-10-01,41.598114013671875
2015-10-02,42.30708312988281
2015-10-05,43.14628601074219
2015-10-06,43.19691848754883
2015-10-07,43.7395133972168
2015-10-08,44.08676528930664
2015-10-09,44.16633605957031
2015-10-12,44.079532623291016
2015-10-13,43.52247619628906
2015-10-14,43.609291076660156
2015-10-15,44.35443878173828
2015-10-16,44.318267822265625
2015-10-19,44.16633605957031
2015-10-20,43.985477447509766
2015-10-21,43.963775634765625
2015-10-22,44.45572280883789
2015-10-23,44.89702606201172
2015-10-26,44.730628967285156
2015-10-27,44.33997344970703
2015-10-28,44.62934875488281
2015-10-29,44.30379104614258
2015-10-30,44.20975112915039
2015-11-02,44.62934875488281
2015-11-03,44.6148796081543
2015-11-04,44.36890411376953
2015-11-05,44.28933334350586
2015-11-06,44.08676528930664
2015-11-09,43.63098907470703
2015-11-10,43.60205078125
2015-11-11,43.82632827758789
2015-11-12,43.254798889160156
2015-11-13,42.8930778503418
2015-11-16,43.43566131591797
2015-11-17,43.55141067504883
2015-11-18,43.94931411743164
2015-11-19,44.173580169677734
2015-11-20,44.07229995727539
2015-11-23,43.79738235473633
2015-11-24,43.804630279541016
2015-11-25,43.90590286254883
2015-11-27,43.91313171386719
2015-11-30,43.87696838378906
2015-12-01,44.33997344970703
2015-12-02,43.869728088378906
2015-12-03,43.659934997558594
2015-12-04,44.01441955566406
2015-12-07,43.73227310180664
2015-12-08,43.08841323852539
2015-12-09,42.8930778503418
2015-12-10,42.90031814575195
2015-12-11,42.082820892333984
2015-12-14,42.14793014526367
2015-12-15,42.357730865478516
2015-12-16,43.211395263671875
2015-12-17,42.66157531738281
2015-12-18,42.21303939819336
2015-12-21,42.408626556396484
2015-12-22,42.729740142822266
2015-12-23,43.444950103759766
2015-12-24,43.37195587158203
2015-12-28,43.26978302001953
2015-12-29,43.700374603271484
2015-12-30,43.437644958496094
2015-12-31,42.85380935668945
2016-01-04,42.196990966796875
2016-01-05,42.131290435791016
2016-01-06,41.43799591064453
2016-01-07,40.576839447021484
2016-01-08,40.08787155151367
2016-01-11,40.25572204589844
2016-01-12,40.44546890258789
2016-01-13,39.817840576171875
2016-01-14,40.328704833984375
2016-01-15,38.86910629272461
2016-01-19,39.22669219970703
2016-01-20,38.33634948730469
2016-01-21,38.62096405029297
2016-01-22,39.75946044921875
2016-01-25,39.22669219970703
2016-01-26,39.92731475830078
2016-01-27,39.671875
2016-01-28,39.78865432739258
2016-01-29,40.4892578125
2016-02-01,40.44546890258789
2016-02-02,39.50402069091797
2016-02-03,39.83244705200195
2016-02-04,39.883522033691406
2016-02-05,39.27049255371094
2016-02-08,38.54069519042969
2016-02-09,38.09552001953125
2016-02-10,38.05173110961914
2016-02-11,37.497074127197266
2016-02-12,38.15390396118164
2016-02-16,38.9274787902832
2016-02-17,39.598899841308594
2016-02-18,39.394561767578125
2016-02-19,39.35076141357422
2016-02-22,39.79594039916992
2016-02-23,39.14643096923828
2016-02-24,39.00777053833008
2016-02-25,39.47483444213867
2016-02-26,39.37266159057617
2016-02-29,39.13912582397461
2016-03-01,40.16083908081055
2016-03-02,40.438167572021484
2016-03-03,40.8322639465332
2016-03-04,41.13148880004883
2016-03-07,41.080387115478516
2016-03-08,40.67900085449219
2016-03-09,40.8322639465332
2016-03-10,40.76658630371094
2016-03-11,41.83208084106445
2016-03-14,41.744510650634766
2016-03-15,41.35041427612305
2016-03-16,41.71532440185547
2016-03-17,42.03643035888672
2016-03-18,41.963443756103516
2016-03-21,41.897769927978516
2016-03-22,41.82478713989258
2016-03-23,41.4015007019043
2016-03-24,41.12417984008789
2016-03-28,41.372310638427734
2016-03-29,41.81748962402344
2016-03-30,42.131290435791016
2016-03-31,41.71532440185547
2016-04-01,41.2701416015625
2016-04-04,41.18256378173828
2016-04-05,40.37248611450195
2016-04-06,41.0293083190918
2016-04-07,40.43086624145508
2016-04-08,41.2044563293457
2016-04-11,41.22636032104492
2016-04-12,41.83938217163086
2016-04-13,42.503501892089844
2016-04-14,42.64216232299805
2016-04-15,42.54729080200195
2016-04-18,42.91218948364258
2016-04-19,43.65658950805664
2016-04-20,43.69306945800781
2016-04-21,43.43033981323242
2016-04-22,43.452239990234375
2016-04-25,43.23329544067383
2016-04-26,43.386566162109375
2016-04-27,43.41574478149414
2016-04-28,42.824607849121094
2016-04-29,42.64216232299805
2016-05-02,43.043548583984375
2016-05-03,42.33564758300781
2016-05-04,41.8466911315918
2016-05-05,41.75910568237305
2016-05-06,41.87587356567383
2016-05-09,41.788307189941406
2016-05-10,42.386741638183594
2016-05-11,42.02183532714844
2016-05-12,42.00724411010742
2016-05-13,41.576656341552734
2016-05-16,42.072914123535156
2016-05-17,41.76639938354492
2016-05-18,41.78099822998047
2016-05-19,41.481781005859375
2016-05-20,41.82478713989258
2016-05-23,41.68612289428711
2016-05-24,42.29186248779297
2016-05-25,42.73704528808594
2016-05-26,42.85380935668945
2016-05-27,42.81001663208008
2016-05-31,42.605674743652344
2016-06-01,42.56918716430664
2016-06-02,42.56918716430664
2016-06-03,42.84650802612305
2016-06-06,43.087337493896484
2016-06-07,43.401153564453125
2016-06-08,43.488731384277344
2016-06-09,42.95596694946289
2016-06-10,41.70802688598633
2016-06-13,41.1022834777832
2016-06-14,40.44546890258789
2016-06-15,40.715492248535156
2016-06-16,40.80307388305664
2016-06-17,41.2044563293457
2016-06-20,42.22617721557617
2016-06-21,42.56918716430664
2016-06-22,42.54311752319336
2016-06-23,43.719905853271484
2016-06-24,39.966094970703125
2016-06-27,39.198944091796875
2016-06-28,40.226776123046875
2016-06-29,40.96412658691406
2016-06-30,41.574867248535156
2016-07-01,41.574867248535156
2016-07-05,40.77048873901367
2016-07-06,40.69601058959961
2016-07-07,40.53214645385742
2016-07-08,41.15032958984375
2016-07-11,41.753623962402344
2016-07-12,42.31967544555664
2016-07-13,42.27498245239258
2016-07-14,42.63994216918945
2016-07-15,42.423954010009766
2016-07-18,42.52822494506836
2016-07-19,42.19305419921875
2016-07-20,42.57291030883789
2016-07-21,42.40160369873047
2016-07-22,42.48352813720703
2016-07-25,42.431396484375
2016-07-26,42.61014938354492
2016-07-27,42.76655960083008
2016-07-28,42.721866607666016
2016-07-29,43.228336334228516
2016-08-01,42.9453010559082
2016-08-02,42.72931671142578
2016-08-03,42.580352783203125
2016-08-04,42.826141357421875
2016-08-05,43.0197868347168
2016-08-08,43.109161376953125
2016-08-09,43.45176696777344
2016-08-10,43.600730895996094
2016-08-11,43.913551330566406
2016-08-12,43.80183029174805
2016-08-15,43.97312927246094
2016-08-16,43.90610122680664
2016-08-17,43.891204833984375
2016-08-18,44.11465072631836
2016-08-19,43.78693389892578
2016-08-22,43.831626892089844
2016-08-23,44.017822265625
2016-08-24,43.913551330566406
2016-08-25,43.734798431396484
2016-08-26,43.474124908447266
2016-08-29,43.60818099975586
2016-08-30,43.54860305786133
2016-08-31,43.4592170715332
2016-09-01,43.757144927978516
2016-09-02,44.26361083984375
2016-09-06,44.5615234375
2016-09-07,44.58386993408203
2016-09-08,44.45726013183594
2016-09-09,43.593284606933594
2016-09-12,43.95079040527344
2016-09-13,43.06447982788086
2016-09-14,43.0048942565918
2016-09-15,43.37729263305664
2016-09-16,42.81869125366211
2016-09-19,43.042137145996094
2016-09-20,43.30281448364258
2016-09-21,44.06250762939453
2016-09-22,44.509395599365234
2016-09-23,44.13698959350586
2016-09-26,43.727352142333984
2016-09-27,43.93589401245117
2016-09-28,44.24871826171875
2016-09-29,43.69755554199219
2016-09-30,44.040164947509766
2016-10-03,43.92099380493164
2016-10-04,43.913551330566406
2016-10-05,44.09230041503906
2016-10-06,43.853965759277344
2016-10-07,43.630531311035156
2016-10-10,43.757144927978516
2016-10-11,43.13896179199219
2016-10-12,43.042137145996094
2016-10-13,42.878273010253906
2016-10-14,42.952754974365234
2016-10-17,42.826141357421875
2016-10-18,43.250675201416016
2016-10-19,43.36984634399414
2016-10-20,43.43687438964844
2016-10-21,43.34005355834961
2016-10-24,43.33259963989258
2016-10-25,43.30281448364258
2016-10-26,43.109161376953125
2016-10-27,43.05703353881836
2016-10-28,43.042137145996094
2016-10-31,43.06447982788086
2016-11-01,42.878273010253906
2016-11-02,42.58780288696289
2016-11-03,42.54311752319336
2016-11-04,42.13347625732422
2016-11-07,42.71442413330078
2016-11-08,42.833587646484375
2016-11-09,42.870819091796875
2016-11-10,42.75166320800781
2016-11-11,42.49098205566406
2016-11-14,42.26008987426758
2016-11-15,42.4462890625
2016-11-16,41.99941635131836
2016-11-17,42.31967544555664
2016-11-18,41.8578987121582
2016-11-21,42.21540451049805
2016-11-22,42.31967544555664
2016-11-23,42.17070770263672
2016-11-25,42.297332763671875
2016-11-28,42.073890686035156
2016-11-29,42.342018127441406
2016-11-30,42.297332763671875
2016-12-01,42.13347625732422
2016-12-02,42.23774337768555
2016-12-05,42.65482711791992
2016-12-06,42.9453010559082
2016-12-07,43.585838317871094
2016-12-08,43.54860305786133
2016-12-09,43.734798431396484
2016-12-12,43.54114532470703
2016-12-13,44.0103759765625
2016-12-14,43.362396240234375
2016-12-15,43.26557922363281
2016-12-16,43.29536819458008
2016-12-19,43.228336334228516
2016-12-20,43.37729263305664
2016-12-21,43.38932418823242
2016-12-22,43.291507720947266
2016-12-23,43.40438461303711
2016-12-27,43.351715087890625
2016-12-28,43.18616485595703
2016-12-29,43.291507720947266
2016-12-30,43.4420051574707
2017-01-03,43.712913513183594
2017-01-04,44.209564208984375
2017-01-05,44.585811614990234
2017-01-06,44.43531036376953
2017-01-09,44.36758041381836
2017-01-10,44.3751106262207
2017-01-11,44.6083869934082
2017-01-12,44.676116943359375
2017-01-13,44.84166717529297
2017-01-17,44.676116943359375
2017-01-18,44.54818344116211
2017-01-19,44.43531036376953
2017-01-20,44.691162109375
2017-01-23,44.804039001464844
2017-01-24,44.91691207885742
2017-01-25,45.38346862792969
2017-01-26,45.20286560058594
2017-01-27,45.12761688232422
2017-01-30,44.804039001464844
2017-01-31,44.871768951416016
2017-02-01,45.0523681640625
2017-02-02,45.07493209838867
2017-02-03,45.25553512573242
2017-02-06,44.931968688964844
2017-02-07,44.88681411743164
2017-02-08,44.962066650390625
2017-02-09,45.15019226074219
2017-02-10,45.25553512573242
2017-02-13,45.43613815307617
2017-02-14,45.36841583251953
2017-02-15,45.54149627685547
2017-02-16,45.646846771240234
2017-02-17,45.52643966674805
2017-02-21,45.676944732666016
2017-02-22,45.676944732666016
2017-02-23,45.77477264404297
2017-02-24,45.443660736083984
2017-02-27,45.47377395629883
2017-02-28,45.406044006347656
2017-03-01,45.880123138427734
2017-03-02,45.57912063598633
2017-03-03,45.85002517700195
2017-03-06,45.707035064697266
2017-03-07,45.54901885986328
2017-03-08,45.38346862792969
2017-03-09,45.55654525756836
2017-03-10,45.94031524658203
2017-03-13,46.181121826171875
2017-03-14,45.82745361328125
2017-03-15,46.482120513916016
2017-03-16,46.70787811279297
2017-03-17,46.828277587890625
2017-03-20,46.73044967651367
2017-03-21,46.519752502441406
2017-03-22,46.52727508544922
2017-03-23,46.632625579833984
2017-03-24,46.76054763793945
2017-03-27,46.880943298339844
2017-03-28,47.10669708251953
2017-03-29,47.10669708251953
2017-03-30,46.94114685058594
2017-03-31,46.8734245300293
2017-04-03,46.80570602416992
2017-04-04,46.7906494140625
2017-04-05,46.542320251464844
2017-04-06,46.54985046386719
2017-04-07,46.519752502441406
2017-04-10,46.46706771850586
2017-04-11,46.685302734375
2017-04-12,46.64767074584961
2017-04-13,46.346675872802734
2017-04-17,46.632625579833984
2017-04-18,46.42191696166992
2017-04-19,46.23379135131836
2017-04-20,46.6025276184082
2017-04-21,46.632625579833984
2017-04-24,47.814048767089844
2017-04-25,48.15268325805664
2017-04-26,48.017234802246094
2017-04-27,48.062381744384766
2017-04-28,48.009708404541016
2017-05-01,48.20534896850586
2017-05-02,48.45368194580078
2017-05-03,48.35585403442383
2017-05-04,48.814876556396484
2017-05-05,49.3566780090332
2017-05-08,48.98796081542969
2017-05-09,48.8675537109375
2017-05-10,48.94281005859375
2017-05-11,48.822410583496094
2017-05-12,49.09330749511719
2017-05-15,49.34163284301758
2017-05-16,49.657691955566406
2017-05-17,49.09330749511719
2017-05-18,49.17607879638672
2017-05-19,49.74798583984375
2017-05-22,49.808189392089844
2017-05-23,49.81572341918945
2017-05-24,49.8458137512207
2017-05-25,49.8458137512207
2017-05-26,49.70283889770508
2017-05-30,49.65016174316406
2017-05-31,49.710357666015625
2017-06-01,50.033935546875
2017-06-02,50.5832633972168
2017-06-05,50.30483627319336
2017-06-06,50.161869049072266
2017-06-07,50.176910400390625
2017-06-08,50.086605072021484
2017-06-09,49.89848327636719
2017-06-12,49.710357666015625
2017-06-13,50.0941276550293
2017-06-14,50.0565071105957
2017-06-15,49.537288665771484
2017-06-16,49.95868682861328
2017-06-19,50.161869049072266
2017-06-20,49.758113861083984
2017-06-21,49.696937561035156
2017-06-22,49.689292907714844
2017-06-23,49.8116340637207
2017-06-26,49.895751953125
2017-06-27,49.88810348510742
2017-06-28,50.323970794677734
2017-06-29,49.826934814453125
2017-06-30,49.85750961303711
2017-07-03,49.79634094238281
2017-07-05,49.79634094238281
2017-07-06,49.574581146240234
2017-07-07,49.58222579956055
2017-07-10,49.7045783996582
2017-07-11,49.81929016113281
2017-07-12,50.216922760009766
2017-07-13,50.36220169067383
2017-07-14,50.71396255493164
2017-07-17,50.614559173583984
2017-07-18,50.66043472290039
2017-07-19,50.882198333740234
2017-07-20,51.088661193847656
2017-07-21,50.889854431152344
2017-07-24,50.75220489501953
2017-07-25,50.82101821899414
2017-07-26,51.13453674316406
2017-07-27,51.01983642578125
2017-07-28,51.0733642578125
2017-07-31,51.1804313659668
2017-08-01,51.463356018066406
2017-08-02,51.486305236816406
2017-08-03,51.516883850097656
2017-08-04,51.5857048034668
2017-08-07,51.6086540222168
2017-08-08,51.3333625793457
2017-08-09,51.24924087524414
2017-08-10,50.522789001464844
2017-08-11,50.4310302734375
2017-08-14,50.7980842590332
2017-08-15,50.75984573364258
2017-08-16,51.0504264831543
2017-08-17,50.47690963745117
2017-08-18,50.614559173583984
2017-08-21,50.59926223754883
2017-08-22,50.843963623046875
2017-08-23,50.85160446166992
2017-08-24,50.73689651489258
2017-08-25,51.04277801513672
2017-08-28,51.04277801513672
2017-08-29,50.8363151550293
2017-08-30,50.76749801635742
2017-08-31,51.15748596191406
2017-09-01,51.22630310058594
2017-09-05,50.882198333740234
2017-09-06,51.19571304321289
2017-09-07,51.61629867553711
2017-09-08,51.62394714355469
2017-09-11,52.02922439575195
2017-09-12,52.18981170654297
2017-09-13,51.90686798095703
2017-09-14,51.9986457824707
2017-09-15,52.04452133178711
2017-09-18,52.113346099853516
2017-09-19,52.35803985595703
2017-09-20,52.243343353271484
2017-09-21,52.13628387451172
2017-09-22,52.29685592651367
2017-09-25,51.9986457824707
2017-09-26,51.88393783569336
2017-09-27,51.922183990478516
2017-09-28,52.05980682373047
2017-09-29,52.365692138671875
2017-10-02,52.31979751586914
2017-10-03,52.49569320678711
2017-10-04,52.39626693725586
2017-10-05,52.365692138671875
2017-10-06,52.327457427978516
2017-10-09,52.342750549316406
2017-10-10,52.839786529541016
2017-10-11,52.96978759765625
2017-10-12,52.92390441894531
2017-10-13,53.19919967651367
2017-10-16,53.16094970703125
2017-10-17,53.023319244384766
2017-10-18,53.17625045776367
2017-10-19,53.09212875366211
2017-10-20,53.023319244384766
2017-10-23,52.90861511230469
2017-10-24,52.99272918701172
2017-10-25,52.78626251220703
2017-10-26,52.778602600097656
2017-10-27,52.900970458984375
2017-10-30,53.023319244384766
2017-10-31,53.24506759643555
2017-11-01,53.298606872558594
2017-11-02,53.45918655395508
2017-11-03,53.37507247924805
2017-11-06,53.4515380859375
2017-11-07,53.252723693847656
2017-11-08,53.4286003112793
2017-11-09,53.12272644042969
2017-11-10,52.977447509765625
2017-11-13,52.75566864013672
2017-11-14,52.71744155883789
2017-11-15,52.4650993347168
2017-11-16,52.885677337646484
2017-11-17,52.69450378417969
2017-11-20,52.809207916259766
2017-11-21,53.20684051513672
2017-11-22,53.35213851928711
2017-11-24,53.78799819946289
2017-11-27,53.466827392578125
2017-11-28,53.772708892822266
2017-11-29,53.55860137939453
2017-11-30,53.612125396728516
2017-12-01,53.39801788330078
2017-12-04,53.20684051513672
2017-12-05,53.09212875366211
2017-12-06,52.985076904296875
2017-12-07,53.12272644042969
2017-12-08,53.40564727783203
2017-12-11,53.54329299926758
2017-12-12,53.612125396728516
2017-12-13,53.81859588623047
2017-12-14,53.52035903930664
2017-12-15,53.505069732666016
2017-12-18,54.13975524902344
2017-12-19,53.94114303588867
2017-12-20,53.84841537475586
2017-12-21,54.04161071777344
2017-12-22,54.180721282958984
2017-12-26,54.16525650024414
2017-12-27,54.26572799682617
2017-12-28,54.296634674072266
2017-12-29,54.335269927978516
2018-01-02,54.73714065551758
2018-01-03,54.9998779296875
2018-01-04,55.602664947509766
2018-01-05,55.91177749633789
2018-01-08,55.89632797241211
2018-01-09,55.958152770996094
2018-01-10,55.849952697753906
2018-01-11,56.23634719848633
2018-01-12,56.800498962402344
2018-01-16,56.74639892578125
2018-01-17,57.04005813598633
2018-01-18,56.97050476074219
2018-01-19,57.28734588623047
2018-01-22,57.581016540527344
2018-01-23,57.76648712158203
2018-01-24,57.8669548034668
2018-01-25,57.642826080322266
2018-01-26,58.15290451049805
2018-01-29,57.619651794433594
2018-01-30,57.14052200317383
2018-01-31,57.06325912475586
2018-02-01,57.22554016113281
2018-02-02,56.066349029541016
2018-02-05,53.7170524597168
2018-02-06,54.77577209472656
2018-02-07,54.196170806884766
2018-02-08,52.781951904296875
2018-02-09,53.00605773925781
2018-02-12,53.81749725341797
2018-02-13,53.655208587646484
2018-02-14,54.60575866699219
2018-02-15,54.94578552246094
2018-02-16,55.193077087402344
2018-02-20,54.67530822753906
2018-02-21,54.41254806518555
2018-02-22,54.698486328125
2018-02-23,55.13125228881836
2018-02-26,55.6490364074707
2018-02-27,54.82213592529297
2018-02-28,54.304351806640625
2018-03-01,53.3924674987793
2018-03-02,53.647491455078125
2018-03-05,53.93342590332031
2018-03-06,54.250267028808594
2018-03-07,54.23480987548828
2018-03-08,54.350738525390625
2018-03-09,54.698486328125
2018-03-12,54.76031494140625
2018-03-13,54.3970947265625
2018-03-14,54.52847671508789
2018-03-15,54.49755859375
2018-03-16,54.45892333984375
2018-03-19,54.018436431884766
2018-03-20,54.01070022583008
2018-03-21,54.0957145690918
2018-03-22,53.09107208251953
2018-03-23,52.50374984741211
2018-03-26,53.446563720703125
2018-03-27,53.052433013916016
2018-03-28,53.361549377441406
2018-03-29,53.84841537475586
2018-04-02,53.106536865234375
2018-04-03,53.446563720703125
2018-04-04,53.63202667236328
2018-04-05,53.987518310546875
2018-04-06,53.63202667236328
2018-04-09,54.072532653808594
2018-04-10,54.652122497558594
2018-04-11,54.44346618652344
2018-04-12,54.652122497558594
2018-04-13,54.70622634887695
2018-04-16,54.79121780395508
2018-04-17,55.03852081298828
2018-04-18,55.32444381713867
2018-04-19,55.11579513549805
2018-04-20,54.90714645385742
2018-04-23,54.83760070800781
2018-04-24,54.61347961425781
2018-04-25,54.520751953125
2018-04-26,54.79121780395508
2018-04-27,54.84532165527344
2018-04-30,54.66757583618164
2018-05-01,54.47438049316406
2018-05-02,54.451194763183594
2018-05-03,54.6212043762207
2018-05-04,54.814414978027344
2018-05-07,54.82213592529297
2018-05-08,54.82986831665039
2018-05-09,54.96123504638672
2018-05-10,55.31672668457031
2018-05-11,55.463558197021484
2018-05-14,55.56401824951172
2018-05-15,55.162166595458984
2018-05-16,55.23945236206055
2018-05-17,55.32444381713867
2018-05-18,55.12352752685547
2018-05-21,55.47128677368164
2018-05-22,55.401729583740234
2018-05-23,54.79121780395508
2018-05-24,54.6212043762207
2018-05-25,54.26572799682617
2018-05-29,53.1606330871582
2018-05-30,53.972049713134766
2018-05-31,53.63202667236328
2018-06-01,54.0957145690918
2018-06-04,54.25799560546875
2018-06-05,54.17299270629883
2018-06-06,54.65985870361328
2018-06-07,54.350738525390625
2018-06-08,54.41254806518555
2018-06-11,54.76031494140625
2018-06-12,54.41254806518555
2018-06-13,54.489837646484375
2018-06-14,54.37391662597656
2018-06-15,54.0957145690918
2018-06-18,53.709327697753906
2018-06-19,53.21592712402344
2018-06-20,53.25532913208008
2018-06-21,52.877017974853516
2018-06-22,53.43659973144531
2018-06-25,52.69575500488281
2018-06-26,52.79032516479492
2018-06-27,52.29378890991211
2018-06-28,52.490821838378906
2018-06-29,52.78244400024414
2018-07-02,52.301673889160156
2018-07-03,52.45930480957031
2018-07-05,52.97948455810547
2018-07-06,53.263214111328125
2018-07-09,53.775516510009766
2018-07-10,53.751861572265625
2018-07-11,52.85337829589844
2018-07-12,53.263214111328125
2018-07-13,53.42873764038086
2018-07-16,53.405086517333984
2018-07-17,53.49966049194336
2018-07-18,53.507545471191406
2018-07-19,53.397212982177734
2018-07-20,53.64940643310547
2018-07-23,53.64940643310547
2018-07-24,53.96467208862305
2018-07-25,54.36662673950195
2018-07-26,54.12229537963867
2018-07-27,54.22476577758789
2018-07-30,54.21688461303711
2018-07-31,54.28781509399414
2018-08-01,54.011962890625
2018-08-02,53.65728759765625
2018-08-03,53.68882751464844
2018-08-06,53.46025848388672
2018-08-07,53.877967834472656
2018-08-08,53.83068084716797
2018-08-09,53.67305374145508
2018-08-10,52.601165771484375
2018-08-13,52.412017822265625
2018-08-14,52.404136657714844
2018-08-15,51.64750671386719
2018-08-16,52.01006317138672
2018-08-17,52.31743621826172
2018-08-20,52.601165771484375
2018-08-21,52.92432403564453
2018-08-22,53.12923049926758
2018-08-23,52.75091552734375
2018-08-24,53.05829620361328
2018-08-27,53.76763916015625
2018-08-28,53.7203483581543
2018-08-29,54.011962890625
2018-08-30,53.49966049194336
2018-08-31,53.074066162109375
2018-09-04,52.62481689453125
2018-09-05,52.144046783447266
2018-09-06,51.98640823364258
2018-09-07,51.568695068359375
2018-09-10,51.883968353271484
2018-09-11,51.93124771118164
2018-09-12,52.15193176269531
2018-09-13,52.53812026977539
2018-09-14,52.6169319152832
2018-09-17,52.664215087890625
2018-09-18,53.21592712402344
2018-09-19,53.405086517333984
2018-09-20,54.067134857177734
2018-09-21,54.09077835083008
2018-09-24,53.84645462036133
2018-09-25,54.114418029785156
2018-09-26,54.138057708740234
2018-09-27,54.02771759033203
2018-09-28,53.58635711669922
2018-10-01,53.64940643310547
2018-10-02,53.37356185913086
2018-10-03,53.27898406982422
2018-10-04,52.65634536743164
2018-10-05,52.3410758972168
2018-10-08,52.088871002197266
2018-10-09,51.954891204833984
2018-10-10,50.851470947265625
2018-10-11,50.14214324951172
2018-10-12,50.32341003417969
2018-10-15,50.20519256591797
2018-10-16,51.06428527832031
2018-10-17,50.77266311645508
2018-10-18,49.95298767089844
2018-10-19,50.236724853515625
2018-10-22,50.01603698730469
2018-10-23,49.54315185546875
2018-10-24,48.14023971557617
2018-10-25,48.74711990356445
2018-10-26,48.41608810424805
2018-10-29,48.282108306884766
2018-10-30,48.86534118652344
2018-10-31,49.22788619995117
2018-11-01,49.85840606689453
2018-11-02,49.92934036254883
2018-11-05,49.92934036254883
2018-11-06,50.1342658996582
2018-11-07,50.8041877746582
2018-11-08,50.30765151977539
2018-11-09,49.976627349853516
2018-11-12,49.15695571899414
2018-11-13,49.3697509765625
2018-11-14,49.409156799316406
2018-11-15,49.56679153442383
2018-11-16,49.62196731567383
2018-11-19,49.188480377197266
2018-11-20,48.337276458740234
2018-11-21,49.01508331298828
2018-11-23,48.69194793701172
2018-11-26,49.4249267578125
2018-11-27,49.235774993896484
2018-11-28,49.93722152709961
2018-11-29,49.68501281738281
2018-11-30,49.47221374511719
2018-12-03,50.126380920410156
2018-12-04,48.8259391784668
2018-12-06,48.36880111694336
2018-12-07,47.88015365600586
2018-12-10,47.50971603393555
2018-12-11,47.65946578979492
2018-12-12,48.36092758178711
2018-12-13,48.274227142333984
2018-12-14,47.651588439941406
2018-12-17,47.27327346801758
2018-12-18,47.31150436401367
2018-12-19,46.8574333190918
2018-12-20,46.66624450683594
2018-12-21,45.85368728637695
2018-12-24,45.319950103759766
2018-12-26,46.37149429321289
2018-12-27,46.50691604614258
2018-12-28,46.75387191772461
2018-12-31,46.82556915283203
2019-01-02,46.72998046875
2019-01-03,46.307762145996094
2019-01-04,47.72575759887695
2019-01-07,47.90897750854492
2019-01-08,48.21966552734375
2019-01-09,48.76136016845703
2019-01-10,48.95255661010742
2019-01-11,48.61796951293945
2019-01-14,48.394927978515625
2019-01-15,48.64984130859375
2019-01-16,48.7852668762207
2019-01-17,48.96052169799805
2019-01-18,49.45442581176758
2019-01-22,48.68966293334961
2019-01-23,48.91273498535156
2019-01-24,48.96849060058594
2019-01-25,49.526123046875
2019-01-28,49.25527572631836
2019-01-29,49.36680221557617
2019-01-30,49.908512115478516
2019-01-31,49.93240737915039
2019-02-01,49.916473388671875
2019-02-04,50.099693298339844
2019-02-05,50.49003982543945
2019-02-06,50.23512268066406
2019-02-07,49.56595993041992
2019-02-08,49.406639099121094
2019-02-11,49.35883331298828
2019-02-12,49.93240737915039
2019-02-13,49.940372467041016
2019-02-14,49.9563102722168
2019-02-15,50.68122863769531
2019-02-19,50.87242126464844
2019-02-20,51.01581573486328
2019-02-21,50.912254333496094
2019-02-22,51.079551696777344
2019-02-25,51.23090362548828
2019-02-26,51.47785949707031
2019-02-27,51.27073287963867
2019-02-28,51.199031829833984
2019-03-01,51.47785949707031
2019-03-04,51.28666305541992
2019-03-05,51.3344612121582
2019-03-06,51.20699691772461
2019-03-07,50.55377197265625
2019-03-08,50.56173324584961
2019-03-11,50.9998779296875
2019-03-12,50.968013763427734
2019-03-13,51.40615463256836
2019-03-14,51.398189544677734
2019-03-15,51.95582962036133
2019-03-18,52.1390495300293
2019-03-19,52.24261474609375
2019-03-20,52.26651382446289
2019-03-21,52.234642028808594
2019-03-22,51.23090362548828
2019-03-25,51.30259704589844
2019-03-26,51.557518005371094
2019-03-27,51.58141326904297
2019-03-28,51.45395278930664
2019-03-29,51.669044494628906
2019-04-01,52.33024215698242
2019-04-02,52.34617614746094
2019-04-03,52.75245666503906
2019-04-04,52.640933990478516
2019-04-05,52.77635955810547
2019-04-08,52.80821228027344
2019-04-09,52.4736328125
2019-04-10,52.672794342041016
2019-04-11,52.5612678527832
2019-04-12,52.927711486816406
2019-04-15,52.95161056518555
2019-04-16,52.99143981933594
2019-04-17,53.14280319213867
2019-04-18,53.110939025878906
2019-04-22,53.02330780029297
2019-04-23,53.12687301635742
2019-04-24,52.76041793823242
2019-04-25,52.720584869384766
2019-04-26,52.9356803894043
2019-04-29,53.15077209472656
2019-04-30,53.18263244628906
2019-05-01,52.87991714477539
2019-05-02,52.800254821777344
2019-05-03,53.36585235595703
2019-05-06,52.76041793823242
2019-05-07,51.836334228515625
2019-05-08,51.90006637573242
2019-05-09,51.66107177734375
2019-05-10,52.043460845947266
2019-05-13,50.83259582519531
2019-05-14,51.34242630004883
2019-05-15,51.52565002441406
2019-05-16,51.93989181518555
2019-05-17,51.597354888916016
2019-05-20,51.39023208618164
2019-05-21,51.73277282714844
2019-05-22,51.52565002441406
2019-05-23,51.055641174316406
2019-05-24,51.605308532714844
2019-05-28,51.10344696044922
2019-05-29,50.77682876586914
2019-05-30,50.968013763427734
2019-05-31,50.50597381591797
2019-06-03,50.800724029541016
2019-06-04,51.38225555419922
2019-06-05,51.3663330078125
2019-06-06,51.573455810546875
2019-06-07,52.2266731262207
2019-06-10,52.37007522583008
2019-06-11,52.632957458496094
2019-06-12,52.24261474609375
2019-06-13,52.29041290283203
2019-06-14,51.90803146362305
2019-06-17,51.945465087890625
2019-06-18,52.63720703125
2019-06-19,52.96273422241211
2019-06-20,53.42660140991211
2019-06-21,53.1987419128418
2019-06-24,53.31267166137695
2019-06-25,52.99528121948242
2019-06-26,53.060386657714844
2019-06-27,53.19059753417969
2019-06-28,53.4917106628418
2019-07-01,53.743988037109375
2019-07-02,53.89861297607422
2019-07-03,54.26482391357422
2019-07-05,53.84979248046875
2019-07-08,53.54053497314453
2019-07-09,53.31267166137695
2019-07-10,53.499847412109375
2019-07-11,53.48356628417969
2019-07-12,53.54867935180664
2019-07-15,53.597503662109375
2019-07-16,53.377769470214844
2019-07-17,53.304527282714844
2019-07-18,53.4672966003418
2019-07-19,53.31267166137695
2019-07-22,53.3696403503418
2019-07-23,53.703304290771484
2019-07-24,53.743988037109375
2019-07-25,53.1987419128418
2019-07-26,53.304527282714844
2019-07-29,53.418460845947266
2019-07-30,52.799964904785156
2019-07-31,52.45002746582031
2019-08-01,52.30353927612305
2019-08-02,51.83967590332031
2019-08-05,50.545719146728516
2019-08-06,50.88751220703125
2019-08-07,51.082828521728516
2019-08-08,51.579254150390625
2019-08-09,51.22117614746094
2019-08-12,50.814273834228516
2019-08-13,51.29441833496094
2019-08-14,49.886531829833984
2019-08-15,50.05742645263672
2019-08-16,50.65965270996094
2019-08-19,50.96889877319336
2019-08-20,50.79799270629883
2019-08-21,51.15607833862305
2019-08-22,51.05841827392578
2019-08-23,50.423641204833984
2019-08-26,50.83869171142578
2019-08-27,50.79799270629883
2019-08-28,50.79799270629883
2019-08-29,51.23745346069336
2019-08-30,51.44090270996094
2019-09-03,51.3432502746582
2019-09-04,52.067543029785156
2019-09-05,52.344234466552734
2019-09-06,52.51512908935547
2019-09-09,52.66975784301758
2019-09-10,52.75928497314453
2019-09-11,53.052249908447266
2019-09-12,53.36149215698242
2019-09-13,53.662601470947266
2019-09-16,53.18245315551758
2019-09-17,53.36149215698242
2019-09-18,53.296390533447266
2019-09-19,53.47542953491211
2019-09-20,53.35335159301758
2019-09-23,53.21501541137695
2019-09-24,53.01155471801758
2019-09-25,52.85693359375
2019-09-26,53.052249908447266
2019-09-27,52.873199462890625
2019-09-30,53.06853485107422
2019-10-01,52.54768753051758
2019-10-02,51.47345733642578
2019-10-03,51.81525802612305
2019-10-04,52.22216796875
2019-10-07,52.15705871582031
2019-10-08,51.66877746582031
2019-10-09,52.043121337890625
2019-10-10,52.409339904785156
2019-10-11,53.34522247314453
2019-10-14,53.125492095947266
2019-10-15,53.743988037109375
2019-10-16,53.82537078857422
2019-10-17,53.95558166503906
2019-10-18,53.93116760253906
2019-10-21,54.224124908447266
2019-10-22,54.09392547607422
2019-10-23,54.38690185546875
2019-10-24,54.48455047607422
2019-10-25,54.5415153503418
2019-10-28,54.78565979003906
2019-10-29,54.769386291503906
2019-10-30,54.99725341796875
2019-10-31,54.867034912109375
2019-11-01,55.355323791503906
2019-11-04,55.64016342163086
2019-11-05,55.53435516357422
2019-11-06,55.50996398925781
2019-11-07,55.68084716796875
2019-11-08,55.6483039855957
2019-11-11,55.57506561279297
2019-11-12,55.599483489990234
2019-11-13,55.404151916503906
2019-11-14,55.249534606933594
2019-11-15,55.599483489990234
2019-11-18,55.664588928222656
2019-11-19,55.591331481933594
2019-11-20,55.24139404296875
2019-11-21,55.168155670166016
2019-11-22,55.322784423828125
2019-11-25,55.762229919433594
2019-11-26,55.72968673706055
2019-11-27,55.87616729736328
2019-11-29,55.48554992675781
2019-12-02,55.200714111328125
2019-12-03,54.99725341796875
2019-12-04,55.50181198120117
2019-12-05,55.39601516723633
2019-12-06,55.900577545166016
2019-12-09,55.60761260986328
2019-12-10,55.632022857666016
2019-12-11,55.92500686645508
2019-12-12,56.29935073852539
2019-12-13,56.68999099731445
2019-12-16,57.295692443847656
2019-12-17,56.96649932861328
2019-12-18,56.89242172241211
2019-12-19,56.89242172241211
2019-12-20,56.9335823059082
2019-12-23,57.024105072021484
2019-12-24,56.96649932861328
2019-12-26,57.21337890625
2019-12-27,57.31214904785156
2019-12-30,56.88420104980469
2019-12-31,57.147560119628906
2020-01-02,57.7236328125
2020-01-03,57.00764465332031
2020-01-06,57.229854583740234
2020-01-07,57.073490142822266
2020-01-08,57.23808288574219
2020-01-09,57.369754791259766
2020-01-10,57.15578842163086
2020-01-13,57.45204544067383
2020-01-14,57.509666442871094
2020-01-15,57.509666442871094
2020-01-16,57.74832534790039
2020-01-17,57.92115020751953
2020-01-21,57.460289001464844
2020-01-22,57.57550048828125
2020-01-23,57.43560028076172
2020-01-24,57.18869400024414
2020-01-27,56.003623962402344
2020-01-28,56.53031539916992
2020-01-29,56.538551330566406
2020-01-30,56.489173889160156
2020-01-31,55.53451156616211
2020-02-03,55.66618347167969
2020-02-04,56.59614944458008
2020-02-05,57.13931655883789
2020-02-06,57.295692443847656
2020-02-07,56.75252151489258
2020-02-10,56.867733001708984
2020-02-11,57.254539489746094
2020-02-12,57.45204544067383
2020-02-13,57.048797607421875
2020-02-14,56.95003128051758
2020-02-18,56.58793258666992
2020-02-19,56.7772102355957
2020-02-20,56.439788818359375
2020-02-21,56.17643737792969
2020-02-24,53.92970275878906
2020-02-25,53.0408935546875
2020-02-26,53.10673522949219
2020-02-27,51.534854888916016
2020-02-28,51.22211837768555
2020-03-02,51.880496978759766
2020-03-03,51.46077346801758
2020-03-04,52.9997444152832
2020-03-05,51.59245681762695
2020-03-06,50.81885528564453
2020-03-09,46.876792907714844
2020-03-10,48.60504913330078
2020-03-11,46.127891540527344
2020-03-12,41.058349609375
2020-03-13,43.54374313354492
2020-03-16,39.05027770996094
2020-03-17,40.951351165771484
2020-03-18,38.605873107910156
2020-03-19,39.20664596557617
2020-03-20,38.72108840942383
2020-03-23,38.268455505371094
2020-03-24,41.510982513427734
2020-03-25,42.86067581176758
2020-03-26,44.77820587158203
2020-03-27,43.50259780883789
2020-03-30,44.383174896240234
2020-03-31,43.99637222290039
2020-04-01,42.04591369628906
2020-04-02,42.868896484375
2020-04-03,41.88955307006836
2020-04-06,44.11159133911133
2020-04-07,44.35848617553711
2020-04-08,44.72059631347656
2020-04-09,45.73284912109375
2020-04-13,45.29667282104492
2020-04-14,46.10319137573242
2020-04-15,44.6629753112793
2020-04-16,44.68767166137695
2020-04-17,45.872764587402344
2020-04-20,45.1896858215332
2020-04-21,44.309104919433594
2020-04-22,45.058013916015625
2020-04-23,44.91811752319336
2020-04-24,45.43658447265625
2020-04-27,46.037357330322266
2020-04-28,46.38301467895508
2020-04-29,47.54340362548828
2020-04-30,46.55583572387695
2020-05-01,45.543575286865234
2020-05-04,45.5271110534668
2020-05-05,45.60940933227539
2020-05-06,45.313140869140625
2020-05-07,45.996219635009766
2020-05-08,46.77803421020508
2020-05-11,46.73689270019531
2020-05-12,46.144344329833984
2020-05-13,45.790462493896484
2020-05-14,45.354286193847656
2020-05-15,45.39543151855469
2020-05-18,47.230682373046875
2020-05-19,46.58053207397461
2020-05-20,47.55164337158203
2020-05-21,47.000244140625
2020-05-22,46.86856460571289
2020-05-26,48.21002197265625
2020-05-27,48.794342041015625
2020-05-28,49.25519561767578
2020-05-29,49.082374572753906
2020-06-01,50.17692947387695
2020-06-02,50.646034240722656
2020-06-03,51.855804443359375
2020-06-04,51.63360595703125
2020-06-05,52.52241897583008
2020-06-08,53.20548629760742
2020-06-09,52.514190673828125
2020-06-10,52.39896774291992
2020-06-11,49.592613220214844
2020-06-12,50.448516845703125
2020-06-15,50.655513763427734
2020-06-16,51.2815055847168
2020-06-17,51.473480224609375
2020-06-18,51.19804763793945
2020-06-19,50.9476432800293
2020-06-22,51.556949615478516
2020-06-23,51.840736389160156
2020-06-24,50.51362228393555
2020-06-25,51.23143005371094
2020-06-26,50.488582611083984
2020-06-29,50.897560119628906
2020-06-30,50.80575180053711
2020-07-01,50.99771499633789
2020-07-02,51.556949615478516
2020-07-06,52.39994812011719
2020-07-07,51.6320686340332
2020-07-08,52.06608963012695
2020-07-09,51.473480224609375
2020-07-10,52.024356842041016
2020-07-13,51.69049072265625
2020-07-14,52.45003128051758
2020-07-15,53.04263687133789
2020-07-16,52.7004280090332
2020-07-17,53.00925064086914
2020-07-20,53.268001556396484
2020-07-21,53.376502990722656
2020-07-22,53.51839828491211
2020-07-23,53.09271240234375
2020-07-24,52.80058670043945
2020-07-27,53.49335861206055
2020-07-28,53.151153564453125
2020-07-29,53.71036911010742
2020-07-30,52.91743850708008
2020-07-31,51.7906494140625
2020-08-03,52.80058670043945
2020-08-04,53.09271240234375
2020-08-05,53.268001556396484
2020-08-06,53.32642364501953
2020-08-07,53.109413146972656
2020-08-10,53.28469467163086
2020-08-11,53.476661682128906
2020-08-12,54.6618766784668
2020-08-13,54.41982650756836
2020-08-14,54.085968017578125
2020-08-17,54.49495315551758
2020-08-18,54.4615592956543
2020-08-19,54.219512939453125
2020-08-20,54.04422378540039
2020-08-21,53.768795013427734
2020-08-24,54.47825622558594
2020-08-25,54.51164245605469
2020-08-26,54.82881546020508
2020-08-27,54.269588470458984
2020-08-28,54.653541564941406
2020-08-31,54.23621368408203
2020-09-01,54.29463195800781
2020-09-02,55.02078628540039
2020-09-03,53.77714157104492
2020-09-04,53.85226058959961
2020-09-08,53.192874908447266
2020-09-09,54.186126708984375
2020-09-10,53.55178451538086
2020-09-11,54.085968017578125
2020-09-14,54.37809753417969
2020-09-15,54.7286491394043
2020-09-16,54.7286491394043
2020-09-17,54.803775787353516
2020-09-18,54.36139678955078
2020-09-21,52.98421859741211
2020-09-22,52.96752166748047
2020-09-23,52.52515411376953
2020-09-24,52.47507095336914
2020-09-25,52.650352478027344
2020-09-28,53.443275451660156
2020-09-29,53.384849548339844
2020-09-30,53.12610626220703
2020-10-01,53.4349250793457
2020-10-02,53.32642364501953
2020-10-05,54.13603973388672
2020-10-06,53.56013107299805
2020-10-07,54.019195556640625
2020-10-08,54.39479064941406
2020-10-09,54.820465087890625
2020-10-12,55.137630462646484
2020-10-13,54.51999282836914
2020-10-14,54.42817687988281
2020-10-15,53.785484313964844
2020-10-16,54.035888671875
2020-10-19,53.835567474365234
2020-10-20,54.102657318115234
2020-10-21,53.84391403198242
2020-10-22,53.885643005371094
2020-10-23,54.23621368408203
2020-10-26,53.259647369384766
2020-10-27,52.842323303222656
2020-10-28,51.26481246948242
2020-10-29,51.50686264038086
2020-10-30,51.23977279663086
2020-11-02,51.907493591308594
2020-11-03,53.268001556396484
2020-11-04,53.85226058959961
2020-11-05,55.145973205566406
2020-11-06,55.26283264160156
2020-11-09,56.87372970581055
2020-11-10,57.382877349853516
2020-11-11,57.866973876953125
2020-11-12,57.02397537231445
2020-11-13,57.900360107421875
2020-11-16,58.501312255859375
2020-11-17,58.4428825378418
2020-11-18,58.13406753540039
2020-11-19,58.54304504394531
2020-11-20,58.718326568603516
2020-11-23,58.643211364746094
2020-11-24,59.519596099853516
2020-11-25,59.44449234008789
2020-11-27,59.85346221923828
2020-11-30,58.5513916015625
2020-12-01,59.9285774230957
2020-12-02,59.93692398071289
2020-12-03,60.037086486816406
2020-12-04,60.546226501464844
2020-12-07,60.05378723144531
2020-12-08,60.262447357177734
2020-12-09,60.34591293334961
2020-12-10,60.429378509521484
2020-12-11,60.245758056640625
2020-12-14,60.2828254699707
2020-12-15,60.898048400878906
2020-12-16,61.13401794433594
2020-12-17,61.563838958740234
2020-12-18,61.24358367919922
2020-12-21,60.45982360839844
2020-12-22,60.3081169128418
2020-12-23,60.95704650878906
2020-12-24,60.98232650756836
2020-12-28,61.47955322265625
2020-12-29,61.87564468383789
2020-12-30,61.959938049316406
2020-12-31,61.48798370361328
2021-01-04,61.8082389831543
2021-01-05,62.44873046875
2021-01-06,63.16507339477539
2021-01-07,63.23250198364258
2021-01-08,63.822444915771484
2021-01-11,62.98811340332031
2021-01-12,63.274654388427734
2021-01-13,63.190372467041016
2021-01-14,63.696022033691406
2021-01-15,62.70156478881836
2021-01-19,63.15665817260742
2021-01-20,63.586456298828125
2021-01-21,63.63703155517578
2021-01-22,63.3336296081543
2021-01-25,63.25778579711914
2021-01-26,63.35050582885742
2021-01-27,61.90093994140625
2021-01-28,62.29703140258789
2021-01-29,61.00761795043945
2021-02-01,61.73238754272461
2021-02-02,62.35602951049805
2021-02-03,62.507728576660156
2021-02-04,62.57514953613281
2021-02-05,62.96281051635742
2021-02-08,63.40106201171875
2021-02-09,63.7465934753418
2021-02-10,63.5274658203125
2021-02-11,63.95726776123047
2021-02-12,64.31123352050781
2021-02-16,64.7747573852539
2021-02-17,64.3955307006836
2021-02-18,64.07527160644531
2021-02-19,64.26067352294922
2021-02-22,64.10054016113281
2021-02-23,64.15953826904297
2021-02-24,64.36180114746094
2021-02-25,63.26622009277344
2021-02-26,62.37288284301758
2021-03-01,63.54432678222656
2021-03-02,63.476898193359375
2021-03-03,63.089229583740234
2021-03-04,62.49087142944336
2021-03-05,62.89540100097656
2021-03-08,62.67628479003906
2021-03-09,63.51904296875
2021-03-10,63.78873062133789
2021-03-11,64.12581634521484
2021-03-12,64.28595733642578
2021-03-15,64.33651733398438
2021-03-16,64.44609069824219
2021-03-17,64.82532501220703
2021-03-18,64.23540496826172
2021-03-19,64.4123764038086
2021-03-22,64.47136688232422
2021-03-23,63.578041076660156
2021-03-24,63.25778579711914
2021-03-25,63.729736328125
2021-03-26,64.55564880371094
2021-03-29,64.30282592773438
2021-03-30,64.2185287475586
2021-03-31,63.940425872802734
2021-04-01,64.7747573852539
2021-04-05,65.71865844726562
2021-04-06,65.01917266845703
2021-04-07,65.15401458740234
2021-04-08,65.52481842041016
2021-04-09,65.7270736694336
2021-04-12,65.36467742919922
2021-04-13,65.74394989013672
2021-04-14,65.79450225830078
2021-04-15,66.34230041503906
2021-04-16,66.82267761230469
2021-04-19,66.70468139648438
2021-04-20,65.50796508789062
2021-04-21,66.18218994140625
2021-04-22,65.96305084228516
2021-04-23,66.63727569580078
2021-04-26,66.68783569335938
2021-04-27,66.46871948242188
2021-04-28,66.63727569580078
2021-04-29,66.66253662109375
2021-04-30,65.82821655273438
2021-05-03,66.55299377441406
2021-05-04,65.56696319580078
2021-05-05,66.46029663085938
2021-05-06,67.0080795288086
2021-05-07,67.76658630371094
2021-05-10,67.40419006347656
2021-05-11,66.519287109375
2021-05-12,65.45740509033203
2021-05-13,65.94620513916016
2021-05-14,67.05021667480469
2021-05-17,66.9238052368164
2021-05-18,67.06707000732422
2021-05-19,66.47714233398438
2021-05-20,67.35360717773438
2021-05-21,67.44631958007812
2021-05-24,67.85926055908203
2021-05-25,67.87612915039062
2021-05-26,67.83399200439453
2021-05-27,67.96041107177734
2021-05-28,68.12052917480469
2021-06-01,68.36492919921875
2021-06-02,68.59247589111328
2021-06-03,68.25536346435547
2021-06-04,68.83686828613281
2021-06-07,69.06441497802734
2021-06-08,69.03072357177734
2021-06-09,68.8453140258789
2021-06-10,69.03495025634766
2021-06-11,69.19727325439453
2021-06-14,69.31688690185547
2021-06-15,69.40230560302734
2021-06-16,68.97515106201172
2021-06-17,68.49676513671875
2021-06-18,67.07862854003906
2021-06-21,67.95856475830078
2021-06-22,67.96709442138672
2021-06-23,67.53141784667969
2021-06-24,68.18065643310547
2021-06-25,68.3259048461914
2021-06-28,67.89021301269531
2021-06-29,67.90730285644531
2021-06-30,67.38618469238281
2021-07-01,67.54849243164062
2021-07-02,67.7791519165039
2021-07-06,67.33491516113281
2021-07-07,67.70227813720703
2021-07-08,66.83088684082031
2021-07-09,67.96709442138672
2021-07-12,68.25755310058594
2021-07-13,67.89875793457031
2021-07-14,68.05252838134766
2021-07-15,67.40326690673828
2021-07-16,66.90777587890625
2021-07-19,65.69470977783203
2021-07-20,66.17310333251953
2021-07-21,67.18116760253906
2021-07-22,67.206787109375
2021-07-23,67.67664337158203
2021-07-26,67.77059936523438
2021-07-27,67.49725341796875
2021-07-28,67.78768920898438
2021-07-29,68.25755310058594
2021-07-30,67.90730285644531
2021-08-02,68.24901580810547
2021-08-03,68.7359619140625
2021-08-04,68.53092193603516
2021-08-05,68.86409759521484
2021-08-06,68.6078109741211
2021-08-09,68.57363891601562
2021-08-10,68.72740936279297
2021-08-11,69.19727325439453
2021-08-12,69.1374740600586
2021-08-13,69.55607604980469
2021-08-16,69.19727325439453
2021-08-17,68.54801940917969
2021-08-18,68.2831802368164
2021-08-19,67.60830688476562
2021-08-20,67.87312316894531
2021-08-23,68.50531005859375
2021-08-24,68.6505355834961
2021-08-25,68.6761474609375
2021-08-26,68.31736755371094
2021-08-27,68.94098663330078
2021-08-30,68.92390441894531
2021-08-31,68.88972473144531
2021-09-01,69.51335906982422
2021-09-02,69.79528045654297
2021-09-03,70.11136627197266
2021-09-07,70.16261291503906
2021-09-08,69.60733795166016
2021-09-09,69.48773956298828
2021-09-10,69.3339614868164
2021-09-13,69.88069152832031
2021-09-14,69.59024047851562
2021-09-15,69.79528045654297
2021-09-16,69.6842041015625
2021-09-17,68.7701416015625
2021-09-20,67.49725341796875
2021-09-21,68.16358184814453
2021-09-22,68.50531005859375
2021-09-23,69.24851989746094
2021-09-24,68.59928131103516
2021-09-27,68.55654907226562
2021-09-28,67.0615463256836
2021-09-29,66.90777587890625
2021-09-30,66.64295196533203
2021-10-01,66.8052749633789
2021-10-04,66.10475158691406
2021-10-05,66.55752563476562
2021-10-06,66.11329650878906
2021-10-07,66.62586975097656
2021-10-08,66.61732482910156
2021-10-11,66.40376281738281
2021-10-12,66.43792724609375
2021-10-13,67.09573364257812
2021-10-14,67.7620620727539
2021-10-15,68.3259048461914
2021-10-18,68.03543090820312
2021-10-19,68.44549560546875
2021-10-20,68.6847152709961
2021-10-21,68.36006927490234
2021-10-22,68.7701416015625
2021-10-25,68.6334457397461
2021-10-26,68.7701416015625
2021-10-27,68.49676513671875
2021-10-28,69.16310119628906
2021-10-29,68.76158142089844
2021-11-01,69.42792510986328
2021-11-02,69.28269958496094
2021-11-03,69.84652709960938
2021-11-04,69.80381774902344
2021-11-05,69.90633392333984
2021-11-08,69.89778900146484
2021-11-09,69.7440185546875
2021-11-10,68.89827728271484
2021-11-11,69.1460189819336
2021-11-12,69.52190399169922
2021-11-15,69.39376068115234
2021-11-16,69.23998260498047
2021-11-17,69.15455627441406
2021-11-18,69.22289276123047
2021-11-19,68.6334457397461
2021-11-22,68.23192596435547
2021-11-23,68.16358184814453
2021-11-24,67.71080780029297
2021-11-26,65.89116668701172
2021-11-29,66.22435760498047
2021-11-30,65.64344024658203
2021-12-01,65.2675552368164
2021-12-02,66.07913208007812
2021-12-03,65.80574798583984
2021-12-06,66.43792724609375
2021-12-07,67.8389663696289
2021-12-08,67.96709442138672
2021-12-09,67.40326690673828
2021-12-10,67.54849243164062
2021-12-13,66.91575622558594
2021-12-14,66.55941772460938
2021-12-15,67.46331787109375
2021-12-16,67.47200775146484
2021-12-17,66.6202392578125
2021-12-20,66.47249603271484
2021-12-21,67.21126556396484
2021-12-22,67.83705139160156
2021-12-23,68.23687744140625
2021-12-27,68.76704406738281
2021-12-28,68.79312896728516
2021-12-29,68.76704406738281
2021-12-30,68.58676147460938
2021-12-31,68.52581024169922
2022-01-03,68.96998596191406
2022-01-04,69.36190032958984
2022-01-05,68.75224304199219
2022-01-06,68.40386962890625
2022-01-07,68.60417175292969
2022-01-10,67.96839904785156
2022-01-11,68.70870208740234
2022-01-12,69.37931823730469
2022-01-13,68.87416076660156
2022-01-14,68.80448150634766
2022-01-18,67.79420471191406
2022-01-19,67.73323822021484
2022-01-20,67.40227508544922
2022-01-21,66.48779296875
2022-01-24,65.82586669921875
2022-01-25,65.42523956298828
2022-01-26,65.17266845703125
2022-01-27,64.86782836914062
2022-01-28,65.08557891845703
2022-01-31,66.03490447998047
2022-02-01,66.66197967529297
2022-02-02,67.15840148925781
2022-02-03,66.0958480834961
2022-02-04,66.25264739990234
2022-02-07,66.36585235595703
2022-02-08,66.70553588867188
2022-02-09,67.78550720214844
2022-02-10,66.92324829101562
2022-02-11,65.9129638671875
2022-02-14,65.48619842529297
2022-02-15,66.68809509277344
2022-02-16,66.940673828125
2022-02-17,65.86070251464844
2022-02-18,65.5820083618164
2022-02-22,64.81556701660156
2022-02-23,64.28430938720703
2022-02-24,63.42206954956055
2022-02-25,65.00718688964844
2022-02-28,63.770442962646484
2022-03-01,62.3769416809082
2022-03-02,63.16078567504883
2022-03-03,61.91533279418945
2022-03-04,60.12120056152344
2022-03-07,58.213829040527344
2022-03-08,58.71897506713867
2022-03-09,61.17503356933594
2022-03-10,60.44344711303711
2022-03-11,59.79022979736328
2022-03-14,60.33894348144531
2022-03-15,60.91374969482422
2022-03-16,63.09980773925781
2022-03-17,63.6310920715332
2022-03-18,64.24946594238281
2022-03-21,63.84882354736328
2022-03-22,64.44977569580078
2022-03-23,63.61369323730469
2022-03-24,64.20592498779297
2022-03-25,64.24076843261719
2022-03-28,64.03173065185547
2022-03-29,65.45136260986328
2022-03-30,65.18136596679688
2022-03-31,64.10140228271484
2022-04-01,64.70235443115234
2022-04-04,64.96363830566406
2022-04-05,64.083984375
2022-04-06,63.31754684448242
2022-04-07,63.4569091796875
2022-04-08,63.4830322265625
2022-04-11,62.812408447265625
2022-04-12,62.342098236083984
2022-04-13,63.012718200683594
2022-04-14,62.72531509399414
2022-04-18,62.35952377319336
2022-04-19,62.655643463134766
2022-04-20,63.07369613647461
2022-04-21,62.394351959228516
2022-04-22,61.3753547668457
2022-04-25,61.07923126220703
2022-04-26,59.3721809387207
2022-04-27,59.64217758178711
2022-04-28,60.48698425292969
2022-04-29,59.78152847290039
2022-05-02,59.63346862792969
2022-05-03,60.07764434814453
2022-05-04,61.131492614746094
2022-05-05,59.16315841674805
2022-05-06,58.58833312988281
2022-05-09,56.82032012939453
2022-05-10,57.24708557128906
2022-05-11,56.907413482666016
2022-05-12,56.76806640625
2022-05-13,58.3444709777832
2022-05-16,58.396724700927734
2022-05-17,59.485416412353516
2022-05-18,58.06577682495117
2022-05-19,58.623172760009766
2022-05-20,59.023799896240234
2022-05-23,60.02538299560547
2022-05-24,59.929595947265625
2022-05-25,59.94701385498047
2022-05-26,60.60892105102539
2022-05-27,61.34051513671875
2022-05-31,60.9747200012207
2022-06-01,60.33021545410156
2022-06-02,61.5843620300293
2022-06-03,60.70472717285156
2022-06-06,60.94858932495117
2022-06-07,61.131492614746094
2022-06-08,60.27796173095703
2022-06-09,59.0120849609375
2022-06-10,57.58775329589844
2022-06-13,55.68269729614258
2022-06-14,55.157474517822266
2022-06-15,56.19011688232422
2022-06-16,54.95272445678711
2022-06-17,54.73017120361328
2022-06-21,55.55806350708008
2022-06-22,55.18418502807617
2022-06-23,55.121864318847656
2022-06-24,56.76875305175781
2022-06-27,56.52839279174805
2022-06-28,56.14561080932617
2022-06-29,55.93196105957031
2022-06-30,55.62929153442383
2022-07-01,55.762813568115234
2022-07-05,54.56992721557617
2022-07-06,54.61444854736328
2022-07-07,55.44233703613281
2022-07-08,55.50465774536133
2022-07-11,54.60554122924805
2022-07-12,54.59663772583008
2022-07-13,54.56992721557617
2022-07-14,53.804344177246094
2022-07-15,54.65895462036133
2022-07-18,54.88151168823242
2022-07-19,56.37706756591797
2022-07-20,56.00316619873047
2022-07-21,56.58181381225586
2022-07-22,56.43938064575195
2022-07-25,56.87558364868164
2022-07-26,56.08329391479492
2022-07-27,57.409706115722656
2022-07-28,57.70347595214844
2022-07-29,58.504661560058594
2022-08-01,58.584781646728516
2022-08-02,57.65006637573242
2022-08-03,57.98833465576172
2022-08-04,58.2821159362793
2022-08-05,57.872615814208984
2022-08-08,58.00614929199219
2022-08-09,57.69457244873047
2022-08-10,58.99427795410156
2022-08-11,58.97647476196289
2022-08-12,59.430484771728516
2022-08-15,59.07440948486328
2022-08-16,59.05659866333008
2022-08-17,58.584781646728516
2022-08-18,58.38894271850586
2022-08-19,57.58775329589844
2022-08-22,56.6085205078125
2022-08-23,56.63522720336914
2022-08-24,56.706443786621094
2022-08-25,57.329586029052734
2022-08-26,55.82512664794922
2022-08-29,55.700504302978516
2022-08-30,55.29990768432617
2022-08-31,54.92601776123047
2022-09-01,54.1871452331543
2022-09-02,53.831058502197266
2022-09-06,53.69752502441406
2022-09-07,54.16933822631836
2022-09-08,54.20494842529297
2022-09-09,55.584774017333984
2022-09-12,56.35926055908203
2022-09-13,54.40079116821289
2022-09-14,54.578834533691406
2022-09-15,54.098121643066406
2022-09-16,53.76874542236328
2022-09-19,53.9556884765625
2022-09-20,53.03877639770508
2022-09-21,52.344398498535156
2022-09-22,52.19307327270508
2022-09-23,50.52836990356445
2022-09-26,49.78059768676758
2022-09-27,49.442317962646484
2022-09-28,50.63520050048828
2022-09-29,50.03875732421875
2022-09-30,49.8607177734375
2022-10-03,50.848846435546875
2022-10-04,52.88743591308594
2022-10-05,52.326602935791016
2022-10-06,51.40968704223633
2022-10-07,50.59069061279297
2022-10-10,50.30582046508789
2022-10-11,49.75388717651367
2022-10-12,49.593650817871094
2022-10-13,50.61739730834961
2022-10-14,49.8607177734375
2022-10-17,51.08919906616211
2022-10-18,51.45419692993164
2022-10-19,50.8221435546875
2022-10-20,50.7064208984375
2022-10-21,51.623329162597656
2022-10-24,51.632232666015625
2022-10-25,52.771705627441406
2022-10-26,53.27022171020508
2022-10-27,52.771705627441406
2022-10-28,53.29693603515625
2022-10-31,52.79841232299805
2022-11-01,53.21681594848633
2022-11-02,52.44233322143555
2022-11-03,51.99722671508789
2022-11-04,54.080318450927734
2022-11-07,54.249454498291016
2022-11-08,54.863704681396484
2022-11-09,54.098121643066406
2022-11-10,57.13374710083008
2022-11-11,58.27320861816406
2022-11-14,57.658966064453125
2022-11-15,58.0417594909668
2022-11-16,57.90822982788086
2022-11-17,57.88151168823242
2022-11-18,57.99724578857422
2022-11-21,57.5610466003418
2022-11-22,58.36223220825195
2022-11-23,59.003173828125
2022-11-25,59.30585479736328
2022-11-28,58.540279388427734
2022-11-29,58.709407806396484
2022-11-30,59.7509651184082
2022-12-01,60.32958984375
2022-12-02,60.28508377075195
2022-12-05,59.49280548095703
2022-12-06,59.225730895996094
2022-12-07,59.225730895996094
2022-12-08,59.52841567993164
2022-12-09,59.56401824951172
2022-12-12,59.74205780029297
2022-12-13,60.58936309814453
2022-12-14,60.535736083984375
2022-12-15,58.98949432373047
2022-12-16,58.47110366821289
2022-12-19,58.328102111816406
2022-12-20,58.56047821044922
2022-12-21,59.168251037597656
2022-12-22,58.685611724853516
2022-12-23,58.89118194580078
2022-12-27,58.980552673339844
2022-12-28,58.354915618896484
2022-12-29,59.27550506591797
2022-12-30,58.6677360534668
2023-01-03,59.18612289428711
2023-01-04,59.972660064697266
2023-01-05,59.37382125854492
2023-01-06,60.893245697021484
2023-01-09,61.15243911743164
2023-01-10,61.33120346069336
2023-01-11,61.79597091674805
2023-01-12,62.70762634277344
2023-01-13,63.0383186340332
2023-01-17,63.234962463378906
2023-01-18,63.011512756347656
2023-01-19,62.913185119628906
2023-01-20,63.46735382080078
2023-01-23,63.72654724121094
2023-01-24,63.64608383178711
2023-01-25,64.06616973876953
2023-01-26,64.11979675292969
2023-01-27,63.994667053222656
2023-01-30,63.58353042602539
2023-01-31,63.949974060058594
2023-02-01,64.52200317382812
2023-02-02,64.4326171875
2023-02-03,63.83378219604492
2023-02-06,63.18132019042969
2023-02-07,63.717586517333984
2023-02-08,63.3243293762207
2023-02-09,63.440521240234375
2023-02-10,63.1634521484375
2023-02-13,63.798038482666016
2023-02-14,63.91423034667969
2023-02-15,63.62821578979492
2023-02-16,63.315391540527344
2023-02-17,63.47627639770508
2023-02-21,62.779117584228516
2023-02-22,62.43054962158203
2023-02-23,62.75231170654297
2023-02-24,61.70659255981445
2023-02-27,62.439491271972656
2023-02-28,61.98366165161133
2023-03-01,62.314361572265625
2023-03-02,62.439491271972656
2023-03-03,63.35114288330078
2023-03-06,63.19025802612305
2023-03-07,62.13560485839844
2023-03-08,62.47524642944336
2023-03-09,62.0194091796875
2023-03-10,61.35801315307617
2023-03-13,60.93793869018555
2023-03-14,61.75127410888672
2023-03-15,59.838584899902344
2023-03-16,60.76811981201172
2023-03-17,60.044158935546875
2023-03-20,60.982627868652344
2023-03-21,61.90321731567383
2023-03-22,61.6887092590332
2023-03-23,61.697654724121094
2023-03-24,61.50996017456055
2023-03-27,62.09091567993164
2023-03-28,62.11772155761719
2023-03-29,62.86850357055664
2023-03-30,63.60140609741211
2023-03-31,63.923160552978516
2023-04-03,64.4326171875
2023-04-04,64.4415512084961
2023-04-05,63.994667053222656
2023-04-06,64.29855346679688
2023-04-10,64.25386047363281
2023-04-11,64.46836853027344
2023-04-12,64.87950897216797
2023-04-13,65.71073150634766
2023-04-14,65.44258880615234
2023-04-17,65.32640075683594
2023-04-18,65.68390655517578
2023-04-19,65.47834014892578
2023-04-20,65.47834014892578
2023-04-21,65.80903625488281
2023-04-24,65.9788589477539
2023-04-25,65.05826568603516
2023-04-26,65.01358032226562
2023-04-27,65.8269271850586
2023-04-28,65.80010223388672
2023-05-01,65.7017822265625
2023-05-02,65.04039001464844
2023-05-03,65.21021270751953
2023-05-04,65.07613372802734
2023-05-05,66.03247833251953
2023-05-08,66.05035400390625
2023-05-09,65.7822265625
2023-05-10,65.64816284179688
2023-05-11,65.48728942871094
2023-05-12,65.37108612060547
2023-05-15,65.8716049194336
2023-05-16,65.24596405029297
2023-05-17,65.54983520507812
2023-05-18,65.45153045654297
2023-05-19,65.83585357666016
2023-05-22,65.85372924804688
2023-05-23,64.88843536376953
2023-05-24,63.941043853759766
2023-05-25,63.85165786743164
2023-05-26,64.47730255126953
2023-05-30,63.824851989746094
2023-05-31,63.1634521484375
2023-06-01,64.10192108154297
2023-06-02,64.93313598632812
2023-06-05,64.55775451660156
2023-06-06,65.0940170288086
2023-06-07,64.52152252197266
2023-06-08,65.20414733886719
2023-06-09,65.09492492675781
2023-06-12,65.37708282470703
2023-06-13,65.9959945678711
2023-06-14,66.24173736572266
2023-06-15,66.94255828857422
2023-06-16,66.79693603515625
2023-06-20,65.91407775878906
2023-06-21,66.01419830322266
2023-06-22,65.60462188720703
2023-06-23,64.58523559570312
2023-06-26,64.66716003417969
2023-06-27,65.23145294189453
2023-06-28,65.27696228027344
2023-06-29,65.18594360351562
2023-06-30,65.98690032958984
2023-07-03,65.91407775878906
2023-07-05,65.17684936523438
2023-07-06,64.0482406616211
2023-07-07,64.53062438964844
2023-07-10,64.71266174316406
2023-07-11,65.295166015625
2023-07-12,66.54208374023438
2023-07-13,67.60697937011719
2023-07-14,67.2247085571289
2023-07-17,67.14279174804688
2023-07-18,67.57968139648438
2023-07-19,67.54326629638672
2023-07-20,67.1974105834961
2023-07-21,67.33393859863281
2023-07-24,67.17009735107422
2023-07-25,67.24290466308594
2023-07-26,67.4249496459961
2023-07-27,67.27022552490234
2023-07-28,67.75260925292969
2023-07-31,67.77080535888672
2023-08-01,66.92435455322266
2023-08-02,65.67743682861328
2023-08-03,65.49539947509766
2023-08-04,65.67743682861328
2023-08-07,66.23263549804688
2023-08-08,65.83216094970703
2023-08-09,65.81394958496094
2023-08-10,66.09610748291016
2023-08-11,65.6501235961914
2023-08-14,65.35887145996094
2023-08-15,64.548828125
2023-08-16,64.02093505859375
2023-08-17,63.565853118896484
2023-08-18,63.565853118896484
2023-08-21,63.802494049072266
2023-08-22,63.68416976928711
2023-08-23,64.37590026855469
2023-08-24,63.493045806884766
2023-08-25,63.92081832885742
2023-08-28,64.59432983398438
2023-08-29,65.39527893066406
2023-08-30,65.35887145996094
2023-08-31,65.10401916503906
2023-09-01,65.06761932373047
2023-09-05,64.50332641601562
2023-09-06,64.3667984008789
2023-09-07,64.15745544433594
2023-09-08,64.06643676757812
2023-09-11,64.73086547851562
2023-09-12,64.4669189453125
2023-09-13,64.26667785644531
2023-09-14,65.1131362915039
2023-09-15,64.9675064086914
2023-09-18,64.73995971679688
2023-09-19,64.79457092285156
2023-09-20,64.63984680175781
2023-09-21,63.565853118896484
2023-09-22,63.62046813964844
2023-09-25,63.33831024169922
2023-09-26,62.51915740966797
2023-09-27,62.400840759277344
2023-09-28,62.91053771972656
2023-09-29,62.72849655151367
2023-10-02,61.80924606323242
2023-10-03,61.03560256958008
2023-10-04,61.14481735229492
2023-10-05,61.68180465698242
2023-10-06,62.36443328857422
2023-10-09,62.273414611816406
2023-10-10,63.12897872924805
2023-10-11,63.39292526245117
2023-10-12,62.86503219604492
2023-10-13,62.282527923583984
2023-10-16,62.73760223388672
2023-10-17,62.77401351928711
2023-10-18,61.68180465698242
2023-10-19,61.135711669921875
2023-10-20,60.58961486816406
2023-10-23,60.63512420654297
2023-10-24,60.980987548828125
2023-10-25,60.54410171508789
2023-10-26,60.10722732543945
2023-10-27,59.925193786621094
2023-10-30,60.68973922729492
2023-10-31,60.908172607421875
2023-11-01,61.4815788269043
2023-11-02,62.73760223388672
2023-11-03,63.40203094482422
2023-11-06,63.08346176147461
2023-11-07,62.701194763183594
2023-11-08,62.61928939819336
2023-11-09,62.61018753051758
2023-11-10,62.892330169677734
2023-11-13,63.05617141723633
2023-11-14,64.66716003417969
2023-11-15,64.56703186035156
2023-11-16,64.52152252197266
2023-11-17,65.39527893066406
2023-11-20,65.64102935791016
2023-11-21,65.38617706298828
2023-11-22,65.5409164428711
2023-11-24,66.04150390625
2023-11-27,65.81394958496094
2023-11-28,65.83216094970703
2023-11-29,65.96869659423828
2023-11-30,65.91407775878906
2023-12-01,66.60580444335938
2023-12-04,66.08700561523438
2023-12-05,65.85035705566406
2023-12-06,66.05059814453125
2023-12-07,66.36915588378906
2023-12-08,66.56938934326172
2023-12-11,66.73322296142578
2023-12-12,66.85154724121094
2023-12-13,67.8254165649414
2023-12-14,68.32601165771484
2023-12-15,67.66158294677734
2023-12-18,67.8254165649414
2023-12-19,68.39881896972656
2023-12-20,67.70854949951172
2023-12-21,68.80524444580078
2023-12-22,68.8697509765625
2023-12-26,69.1830825805664
2023-12-27,69.55172729492188
2023-12-28,69.36740112304688
2023-12-29,69.44112396240234
2024-01-02,68.66700744628906
2024-01-03,68.15091705322266
2024-01-04,68.30758666992188
2024-01-05,68.35365295410156
2024-01-08,69.08171081542969
2024-01-09,68.4642562866211
2024-01-10,68.90660858154297
2024-01-11,68.89740753173828
2024-01-12,69.1830825805664
2024-01-16,68.02189636230469
2024-01-17,67.37679290771484
2024-01-18,67.97581481933594
2024-01-19,68.13249206542969
2024-01-22,68.34444427490234
2024-01-23,68.15091705322266
2024-01-24,68.66700744628906
2024-01-25,68.86053466796875
2024-01-26,69.16466522216797
2024-01-29,69.57015228271484
2024-01-30,69.47798919677734
2024-01-31,69.12779998779297
2024-02-01,69.80976104736328
2024-02-02,69.25680541992188
2024-02-05,68.88817596435547
2024-02-06,69.3121109008789
2024-02-07,69.27523803710938
2024-02-08,69.15543365478516
2024-02-09,69.39505767822266
2024-02-12,69.51485443115234
2024-02-13,68.44581604003906
2024-02-14,69.21073150634766
2024-02-15,69.99407196044922
2024-02-16,70.10467529296875
2024-02-20,70.3903579711914
2024-02-21,70.4456558227539
2024-02-22,71.23820495605469
2024-02-23,71.33036804199219
2024-02-26,71.22899627685547
2024-02-27,71.42253112792969
2024-02-28,71.0078125
2024-02-29,71.192138671875
2024-03-01,71.88330841064453
2024-03-04,71.69900512695312
2024-03-05,71.56998443603516
2024-03-06,72.41783142089844
2024-03-07,73.27491760253906
2024-03-08,73.0353012084961
2024-03-11,72.62059020996094
2024-03-12,73.201171875
2024-03-13,73.21039581298828
2024-03-14,72.6758804321289
2024-03-15,72.70352172851562
2024-03-18,72.68508911132812
2024-03-19,72.81411743164062
2024-03-20,73.58824157714844
2024-03-21,73.55137634277344
2024-03-22,73.39470672607422
2024-03-25,73.238037109375
2024-03-26,73.32098388671875
2024-03-27,73.76334381103516
2024-03-28,73.59745788574219
2024-04-01,73.28411865234375
2024-04-02,72.7680435180664
2024-04-03,73.17353820800781
2024-04-04,72.54685974121094
2024-04-05,72.77725982666016
2024-04-08,73.13667297363281
2024-04-09,73.12744903564453
2024-04-10,72.15979766845703
2024-04-11,72.35333251953125
2024-04-12,71.18292236328125
2024-04-15,70.970947265625
2024-04-16,70.27055358886719
2024-04-17,70.31663513183594
2024-04-18,70.12310028076172
2024-04-19,70.15074920654297
2024-04-22,70.970947265625
2024-04-23,71.74507904052734
2024-04-24,71.60684204101562
2024-04-25,71.27507019042969
2024-04-26,71.84645080566406
2024-04-29,72.12293243408203
2024-04-30,71.21056365966797
2024-05-01,71.05389404296875
2024-05-02,72.01234436035156
2024-05-03,72.7311782836914
2024-05-06,73.22882080078125
2024-05-07,73.42236328125
2024-05-08,73.33942413330078
2024-05-09,73.90158081054688
2024-05-10,74.03981018066406
2024-05-13,74.03981018066406
2024-05-14,74.5927734375
2024-05-15,75.38533020019531
2024-05-16,74.9798355102539
2024-05-17,75.23788452148438
2024-05-20,75.29316711425781
2024-05-21,75.1733627319336
2024-05-22,74.4637451171875
2024-05-23,74.08589935302734
2024-05-24,74.69413757324219
2024-05-28,74.66649627685547
2024-05-29,73.48686981201172
2024-05-30,74.10433197021484
2024-05-31,74.8139419555664
2024-06-03,75.02591705322266
2024-06-04,74.93375396728516
2024-06-05,75.45903778076172
2024-06-06,75.71710205078125
2024-06-07,74.89689636230469
2024-06-10,74.84159088134766
2024-06-11,73.99114227294922
2024-06-12,74.8631591796875
2024-06-13,73.79422760009766
2024-06-14,72.97845458984375
2024-06-17,73.26912689208984
2024-06-18,73.55980682373047
2024-06-20,73.606689453125
2024-06-21,73.0909652709961
2024-06-24,73.67232513427734
2024-06-25,73.8504867553711
2024-06-26,73.306640625
2024-06-27,73.3628921508789
2024-06-28,73.44729614257812
2024-07-01,73.57856750488281
2024-07-02,73.75672149658203
2024-07-03,74.6006088256836
2024-07-05,75.09757232666016
2024-07-08,74.72251892089844
2024-07-09,74.42245483398438
2024-07-10,75.47264099121094
2024-07-11,75.68831634521484
2024-07-12,76.49470520019531
2024-07-15,75.819580078125
2024-07-16,76.18527221679688
2024-07-17,75.78207397460938
2024-07-18,75.03194427490234
2024-07-19,74.57247924804688
2024-07-22,75.36012268066406
2024-07-23,74.93817901611328
2024-07-24,73.99114227294922
2024-07-25,73.52230072021484
2024-07-26,74.45996856689453
2024-07-29,74.13179016113281
2024-07-30,74.3005599975586
2024-07-31,75.35074615478516
2024-08-01,73.35352325439453
2024-08-02,72.20018768310547
2024-08-05,70.62491607666016
2024-08-06,70.74681091308594
2024-08-07,71.0843734741211
2024-08-08,72.27521514892578
2024-08-09,72.5564956665039
2024-08-12,72.4908676147461
2024-08-13,73.73796081542969
2024-08-14,74.00988006591797
2024-08-15,74.91004943847656
2024-08-16,75.32261657714844
2024-08-19,76.24153137207031
2024-08-20,76.00711059570312
2024-08-21,76.71035766601562
2024-08-22,76.26028442382812
2024-08-23,77.65740203857422
2024-08-26,77.31047058105469
2024-08-27,77.66678619384766
2024-08-28,77.39485931396484
2024-08-29,77.68553161621094
2024-08-30,77.80743408203125
2024-09-03,76.57908630371094
2024-09-04,76.24153137207031
2024-09-05,76.26028442382812
2024-09-06,74.8256607055664
2024-09-09,75.5757827758789
2024-09-10,75.20071411132812
2024-09-11,75.65080261230469
2024-09-12,76.26964569091797
2024-09-13,76.44781494140625
2024-09-16,77.0666732788086
2024-09-17,76.63536071777344
2024-09-18,76.39155578613281
2024-09-19,77.90119934082031
2024-09-20,77.13231658935547
2024-09-23,77.42298889160156
2024-09-24,77.88243865966797
2024-09-25,77.46049499511719
2024-09-26,79.16704559326172
2024-09-27,78.68883514404297
2024-09-30,78.41690826416016
2024-10-01,77.83556365966797
2024-10-02,77.67615509033203
2024-10-03,76.95414733886719
2024-10-04,77.40422821044922
2024-10-07,76.97290802001953
2024-10-08,76.85100555419922
2024-10-09,76.86976623535156
2024-10-10,76.7760009765625
2024-10-11,77.1698226928711
2024-10-14,77.39485931396484
2024-10-15,76.11026000976562
2024-10-16,76.30715942382812
2024-10-17,76.31654357910156
2024-10-18,76.83226013183594
2024-10-21,75.92272186279297
2024-10-22,75.49140167236328
2024-10-23,74.73188781738281
2024-10-24,75.15383911132812
2024-10-25,74.90067291259766
2024-10-28,75.50077056884766
2024-10-29,75.22885131835938
2024-10-30,74.74126434326172
2024-10-31,74.28180694580078
2024-11-01,74.43183135986328
2024-11-04,74.48809814453125
2024-11-05,75.22885131835938
2024-11-06,74.14115905761719
2024-11-07,75.266357421875
2024-11-08,74.22555541992188
2024-11-11,74.24430847167969
2024-11-12,72.86593627929688
2024-11-13,72.43460845947266
2024-11-14,72.58463287353516
2024-11-15,72.32208251953125
2024-11-18,72.71591186523438
2024-11-19,72.62213897705078
2024-11-20,72.42523193359375
2024-11-21,72.44398498535156
2024-11-22,72.72528076171875
2024-11-25,73.10034942626953
2024-11-26,72.67840576171875
2024-11-27,73.07221984863281
2024-11-29,74.0473861694336
2024-12-02,74.2536849975586
2024-12-03,74.67562866210938
2024-12-04,74.73188781738281
2024-12-05,75.09757232666016
2024-12-06,75.08820343017578
2024-12-09,75.04132080078125
2024-12-10,74.36620330810547
2024-12-11,74.83502960205078
2024-12-12,74.17866516113281
2024-12-13,73.97238159179688
2024-12-16,73.72858428955078
2024-12-17,73.61167907714844
2024-12-18,71.80584716796875
2024-12-19,71.5777359008789
2024-12-20,71.3781509399414
2024-12-23,71.84385681152344
2024-12-24,72.10047912597656
2024-12-26,72.4426498413086
2024-12-27,72.33808898925781
2024-12-30,71.86287689208984
2024-12-31,71.86287689208984
2025-01-02,71.61576080322266
2025-01-03,71.92939758300781
2025-01-06,72.61371612548828
2025-01-07,72.55669403076172
2025-01-08,72.4426498413086
2025-01-10,71.34012603759766
2025-01-13,71.1405258178711
2025-01-14,71.39715576171875
2025-01-15,72.30958557128906
2025-01-16,72.68025207519531
2025-01-17,72.97489166259766
2025-01-21,74.44808197021484
2025-01-22,74.27699279785156
2025-01-23,74.88526916503906
2025-01-24,75.303466796875
2025-01-27,75.303466796875
2025-01-28,75.20841979980469
2025-01-29,75.19892120361328
2025-01-30,76.02580261230469
2025-01-31,75.3129653930664
2025-02-03,74.42906188964844
2025-02-04,75.2939682006836
2025-02-05,76.02580261230469
2025-02-06,76.38697814941406
2025-02-07,75.66463470458984
2025-02-10,76.1778793334961
2025-02-11,76.5390396118164
2025-02-12,76.82417297363281
2025-02-13,77.75560760498047
2025-02-14,77.86965942382812
2025-02-18,78.43041229248047
2025-02-19,77.62254333496094
2025-02-20,77.98371124267578
2025-02-21,77.49898529052734
2025-02-24,77.45146179199219
2025-02-25,78.15479278564453
2025-02-26,78.25933074951172
2025-02-27,77.37543487548828
2025-02-28,77.5370101928711
2025-03-03,78.39240264892578
2025-03-04,78.3733901977539
2025-03-05,80.24576568603516
2025-03-06,79.41887664794922
2025-03-07,80.24576568603516
2025-03-10,78.3543930053711
2025-03-11,78.08827209472656
2025-03-12,78.64901733398438
2025-03-13,78.12627410888672
2025-03-14,79.56144714355469
2025-03-17,80.45486450195312
2025-03-18,80.44535827636719
2025-03-19,80.6829605102539
2025-03-20,80.00814819335938
2025-03-21,79.51393127441406
2025-03-24,79.5044174194336
2025-03-25,79.9416275024414
2025-03-26,78.90563201904297
2025-03-27,79.07671356201172
2025-03-28,78.3733901977539
2025-03-31,77.67957305908203
2025-04-01,77.79362487792969
2025-04-02,77.97420501708984
2025-04-03,76.33944702148438
2025-04-04,71.30210876464844
2025-04-07,69.5818099975586
2025-04-08,69.34420776367188
2025-04-09,74.69518280029297
2025-04-10,73.22200775146484
2025-04-11,75.05635070800781
2025-04-14,75.86422729492188
2025-04-15,76.54854583740234
2025-04-16,76.25391387939453
2025-04-17,77.08079528808594
2025-04-21,76.66260528564453
2025-04-22,78.24983215332031
2025-04-23,78.56348419189453
2025-04-24,79.60897064208984
2025-04-25,79.95112609863281
2025-04-28,80.4833755493164
2025-04-29,80.64494323730469
2025-04-30,80.5499038696289
2025-05-01,80.29328918457031
2025-05-02,81.83300018310547
2025-05-05,81.97557067871094
2025-05-06,81.87100982666016
2025-05-07,81.59538269042969
2025-05-08,81.31026458740234
2025-05-09,81.70944213867188
2025-05-12,82.12763977050781
2025-05-13,82.23218536376953
2025-05-14,81.83300018310547
2025-05-15,82.7264175415039
2025-05-16,82.91650390625
2025-05-19,83.70537567138672
2025-05-20,84.10456085205078
2025-05-21,83.61032104492188
2025-05-22,83.56279754638672
2025-05-23,83.6768569946289
2025-05-27,84.89342498779297
2025-05-28,83.91446685791016
2025-05-29,84.28514099121094
2025-05-30,84.40869903564453
2025-06-02,85.3116226196289
2025-06-03,84.66532135009766
2025-06-04,85.04550170898438
2025-06-05,84.98845672607422
2025-06-06,85.2926025390625
2025-06-09,85.2831039428711
2025-06-10,85.39715576171875
2025-06-11,85.25458526611328
2025-06-12,85.91039276123047
2025-06-13,84.8078842163086
2025-06-16,85.1259994506836
2025-06-17,84.08174133300781
2025-06-18,84.22677612304688
2025-06-20,83.47259521484375
2025-06-23,84.10108184814453
2025-06-24,85.1259994506836
2025-06-25,84.66188049316406
2025-06-26,85.60944366455078
2025-06-27,86.3829574584961
2025-06-30,86.43130493164062
2025-07-01,86.2862777709961
2025-07-02,86.53767395019531
2025-07-03,86.5570068359375
2025-07-07,85.61911010742188
2025-07-08,86.24759674072266
2025-07-09,86.89542388916016
2025-07-10,86.83740997314453
2025-07-11,86.00587463378906
2025-07-14,86.00587463378906
2025-07-15,85.10665893554688
2025-07-16,85.45474243164062
2025-07-17,85.67713165283203
2025-07-18,85.4354019165039
2025-07-21,85.88984680175781
2025-07-22,86.3636245727539
2025-07-23,88.51014709472656
2025-07-24,87.8526611328125
2025-07-25,87.74629211425781
2025-07-28,86.3346176147461
2025-07-29,86.16057586669922
2025-07-30,85.54176330566406
2025-07-31,84.62320709228516
2025-08-01,84.40081787109375
2025-08-04,85.52242279052734
2025-08-05,85.51275634765625
2025-08-06,86.07355499267578
2025-08-07,86.84707641601562
2025-08-08,87.37887573242188
2025-08-11,87.01144409179688
2025-08-12,88.07503509521484
2025-08-13,88.6068344116211
2025-08-14,88.61650848388672
2025-08-15,89.13863372802734
2025-08-18,89.04193878173828
2025-08-19,89.0516128540039
2025-08-20,89.37068939208984
2025-08-21,88.80988311767578
2025-08-22,90.14421844482422
2025-08-25,88.95492553710938
2025-08-26,88.85823059082031
2025-08-27,88.6455078125
2025-08-28,88.97425842285156
2025-08-29,88.45214080810547
2025-09-02,87.58192443847656
2025-09-03,87.71729278564453
2025-09-04,88.35543823242188
2025-09-05,88.75187683105469
2025-09-08,89.64141845703125
2025-09-09,89.34168243408203
2025-09-10,89.32234191894531
2025-09-11,90.26990509033203
2025-09-12,89.91215515136719
2025-09-15,90.51163482666016
2025-09-16,90.26023864746094
2025-09-17,89.92182159423828
2025-09-18,90.26990509033203
2025-09-19,89.92182159423828
2025-09-22,90.21189880371094
2025-09-23,90.03785705566406
2025-09-24,89.51573181152344
2025-09-25,88.8775634765625
2025-09-26,89.56407165527344
2025-09-29,89.91215515136719
2025-09-30,90.27957916259766
2025-10-01,91.02409362792969
2025-10-02,91.16912841796875
2025-10-03,91.93297576904297
2025-10-06,92.14569854736328
2025-10-07,91.34317016601562
2025-10-08,91.61389923095703
2025-10-09,90.85972595214844
2025-10-10,89.18697357177734
2025-10-13,89.9024887084961
2025-10-14,90.30859375
2025-10-15,90.74369049072266
2025-10-16,91.21746826171875
2025-10-17,91.38184356689453
2025-10-20,92.13602447509766
2025-10-21,91.45919799804688
2025-10-22,91.3238296508789
2025-10-23,91.749267578125
2025-10-24,91.89430236816406
2025-10-27,92.53245544433594
2025-10-28,92.49378204345703
2025-10-29,91.97166442871094
2025-10-30,91.5655517578125
2025-10-31,91.36250305175781
2025-11-03,91.40118408203125
2025-11-04,90.46328735351562
2025-11-05,91.0434341430664
2025-11-06,90.84037780761719
2025-11-07,91.17880249023438
2025-11-10,92.13602447509766
2025-11-11,92.81285858154297
2025-11-12,93.3639907836914
2025-11-13,92.36808013916016
2025-11-14,92.10702514648438
2025-11-17,90.90806579589844
2025-11-18,89.72844696044922
2025-11-19,89.45770263671875
2025-11-20,88.22007751464844
2025-11-21,89.58341217041016
2025-11-24,89.6607666015625
2025-11-25,90.73401641845703
2025-11-26,91.72993469238281
2025-11-28,92.03934478759766
2025-12-01,91.58489227294922
2025-12-02,91.89430236816406
2025-12-03,92.3874282836914
2025-12-04,92.6388168334961
2025-12-05,92.6388168334961
2025-12-08,92.34874725341797
2025-12-09,92.22305297851562
2025-12-10,93.24796295166016
2025-12-11,93.7990951538086
2025-12-12,93.30597686767578
2025-12-15,93.87644958496094
2025-12-16,93.44133758544922
2025-12-17,92.68333435058594
2025-12-18,93.3428955078125
2025-12-19,93.9729232788086
2025-12-22,94.20918273925781
2025-12-23,94.79000091552734
2025-12-24,94.90813446044922
2025-12-26,95.06563568115234
2025-12-29,94.7801513671875
2025-12-30,94.93766021728516
2025-12-31,94.53404235839844
2026-01-02,95.52831268310547
2026-01-05,96.62102508544922
2026-01-06,96.76869201660156
2026-01-07,96.40444946289062
2026-01-08,96.41429901123047
2026-01-09,97.27073669433594
2026-01-12,97.86139678955078
2026-01-13,97.3002700805664
2026-01-14,97.75311279296875
2026-01-15,97.71372985839844
2026-01-16,97.97952270507812
2026-01-20,96.4930419921875
2026-01-21,97.48731231689453
2026-01-22,97.8712387084961
2026-01-23,98.41267395019531
2026-01-26,98.9048843383789
2026-01-27,100.49964141845703
2026-01-28,99.43647003173828
2026-01-29,100.10588073730469
2026-01-30,99.17066955566406
2026-02-02,99.82039642333984
2026-02-03,99.86961364746094
2026-02-04,100.19447326660156
2026-02-05,98.7670669555664
2026-02-06,101.01154327392578
2026-02-09,102.37004089355469
2026-02-10,102.61614990234375
2026-02-11,103.30525207519531
2026-02-12,102.52755737304688
2026-02-13,102.61614990234375
2026-02-17,102.59646606445312
2026-02-18,102.71459197998047
2026-02-19,102.42911529541016
2026-02-20,103.265869140625
2026-02-23,102.84256744384766
2026-02-24,103.02960968017578
2026-02-25,104.0140380859375
2026-02-26,103.92543029785156
2026-02-27,103.73838806152344
2026-03-02,101.6907958984375
2026-03-03,98.53079986572266
2026-03-04,99.80070495605469
2026-03-05,97.61529541015625
2026-03-06,96.74899291992188
2026-03-09,97.44793701171875
2026-03-10,97.67435455322266
2026-03-11,97.4676284790039
2026-03-12,95.9417724609375
2026-03-13,94.79984283447266
2026-03-16,96.5718002319336
2026-03-17,96.83760070800781
2026-03-18,95.18376922607422
2026-03-19,95.01641082763672
2026-03-20,92.1320571899414
2026-03-23,94.34700012207031
2026-03-24,93.78588104248047
2026-03-25,95.15423583984375
2026-03-26,93.18539428710938
2026-03-27,92.33879089355469
2026-03-30,92.60457611083984
2026-03-31,95.61690521240234
2026-04-01,97.07386016845703
2026-04-02,96.47335815429688
2026-04-06,96.95572662353516
2026-04-07,96.81790161132812
2026-04-08,100.59809112548828
2026-04-09,100.36182403564453
2026-04-10,100.58824157714844
2026-04-13,101.20842742919922
2026-04-14,102.02549743652344
2026-04-15,101.70063781738281
2026-04-16,101.40531158447266
2026-04-17,102.69490814208984
2026-04-20,102.29129791259766
2026-04-21,100.04680633544922
2026-04-22,100.38151550292969
2026-04-23,99.66288757324219
2026-04-24,100.18462371826172
2026-04-27,99.80070495605469
2026-04-28,99.38724517822266
2026-04-29,98.373291015625
2026-04-30,100.72605895996094
2026-05-01,100.50949096679688
2026-05-04,99.13129425048828
2026-05-05,100.45042419433594
2026-05-06,103.1772689819336
2026-05-07,101.28718566894531
2026-05-08,102.34051513671875
2026-05-11,102.12393951416016
2026-05-12,101.53328704833984
2026-05-13,102.21253967285156
2026-05-14,101.84830474853516
2026-05-15,100.13540649414062
2026-05-18,101.0607681274414
2026-05-19,100.33229064941406
2026-05-20,102.00581359863281
2026-05-21,102.56693267822266
2026-05-22,102.3602066040039
2026-05-26,103.4922866821289
2026-05-27,103.13789367675781
2026-05-28,103.05914306640625
2026-05-29,103.16743469238281
2026-06-01,102.81304168701172
2026-06-02,103.38399505615234
2026-06-03,102.4980239868164
2026-06-04,103.3150863647461
2026-06-05,100.66699981689453
2026-06-08,101.27733612060547
2026-06-09,101.29702758789062
2026-06-10,99.98774719238281
2026-06-11,103.09852600097656
2026-06-12,103.38399505615234
2026-06-15,104.08000183105469
2026-06-16,104.30999755859375
2026-06-17,103.77999877929688
2026-06-18,104.41000366210938
2026-06-22,104.58000183105469
2026-06-23,102.45999908447266
2026-06-24,102.26000213623047
2026-06-25,103.1500015258789
2026-06-26,102.54000091552734
2026-06-29,103.44999694824219
2026-06-30,103.87999725341797
2026-07-01,103.0199966430664
2026-07-02,104.37000274658203
2026-07-06,105.45999908447266
2026-07-07,104.16000366210938
2026-07-08,103.36000061035156
