date,adj_close
2007-04-11,31.708066940307617
2007-04-12,31.729358673095703
2007-04-13,31.671619415283203
2007-04-16,31.659473419189453
2007-04-17,31.644262313842773
2007-04-18,31.653396606445312
2007-04-19,31.762784957885742
2007-04-20,31.744539260864258
2007-04-23,31.762784957885742
2007-04-24,31.981565475463867
2007-04-25,32.030189514160156
2007-04-26,32.08789825439453
2007-04-27,32.08789825439453
2007-04-30,32.09093475341797
2007-05-01,32.094913482666016
2007-05-02,32.08271408081055
2007-05-03,32.08576965332031
2007-05-04,32.1253776550293
2007-05-07,32.12234115600586
2007-05-08,32.146705627441406
2007-05-09,32.061405181884766
2007-05-10,32.17716979980469
2007-05-11,32.195457458496094
2007-05-14,32.192413330078125
2007-05-15,32.16804885864258
2007-05-16,32.253379821777344
2007-05-17,32.244232177734375
2007-05-18,32.253379821777344
2007-05-21,32.28384017944336
2007-05-22,32.286865234375
2007-05-23,32.262481689453125
2007-05-24,32.27162551879883
2007-05-25,32.31734848022461
2007-05-29,32.189353942871094
2007-05-30,32.262481689453125
2007-05-31,32.210697174072266
2007-06-01,32.20639419555664
2007-06-04,32.23400115966797
2007-06-05,32.18804168701172
2007-06-06,32.148193359375
2007-06-07,31.99806022644043
2007-06-08,31.91225814819336
2007-06-11,31.844850540161133
2007-06-12,31.682435989379883
2007-06-13,31.737598419189453
2007-06-14,31.762123107910156
2007-06-15,31.755996704101562
2007-06-18,31.774364471435547
2007-06-19,31.814212799072266
2007-06-20,31.532312393188477
2007-06-21,31.590532302856445
2007-06-22,31.651823043823242
2007-06-25,31.467988967895508
2007-06-26,31.55990219116211
2007-06-27,31.449565887451172
2007-06-28,31.284128189086914
2007-06-29,31.195270538330078
2007-07-02,31.439697265625
2007-07-03,31.381126403808594
2007-07-05,31.267066955566406
2007-07-06,31.300996780395508
2007-07-09,31.39655113220215
2007-07-10,31.313312530517578
2007-07-11,31.079063415527344
2007-07-12,31.171550750732422
2007-07-13,31.300996780395508
2007-07-16,31.313312530517578
2007-07-17,31.350296020507812
2007-07-18,31.11605453491211
2007-07-19,31.149948120117188
2007-07-20,31.06985092163086
2007-07-23,31.001991271972656
2007-07-24,30.823205947875977
2007-07-25,30.530391693115234
2007-07-26,30.098894119262695
2007-07-27,29.596437454223633
2007-07-30,29.88313102722168
2007-07-31,29.9848575592041
2007-08-01,29.92277717590332
2007-08-02,30.093448638916016
2007-08-03,30.093448638916016
2007-08-06,30.028261184692383
2007-08-07,30.242338180541992
2007-08-08,30.599098205566406
2007-08-09,30.568098068237305
2007-08-10,30.506059646606445
2007-08-13,30.729413986206055
2007-08-14,30.490528106689453
2007-08-15,30.66115951538086
2007-08-16,30.620807647705078
2007-08-17,30.931093215942383
2007-08-20,30.636348724365234
2007-08-21,30.478124618530273
2007-08-22,30.71392059326172
2007-08-23,30.900066375732422
2007-08-24,30.977602005004883
2007-08-27,31.179269790649414
2007-08-28,31.07069969177246
2007-08-29,31.194766998291016
2007-08-30,31.259944915771484
2007-08-31,31.542266845703125
2007-09-04,31.76169204711914
2007-09-05,31.774194717407227
2007-09-06,31.75544548034668
2007-09-07,31.393356323242188
2007-09-10,31.52756118774414
2007-09-11,31.786672592163086
2007-09-12,31.930280685424805
2007-09-13,31.81788444519043
2007-09-14,32.1175422668457
2007-09-17,32.26427459716797
2007-09-18,32.4952507019043
2007-09-19,33.1164436340332
2007-09-20,32.30484390258789
2007-09-21,32.385990142822266
2007-09-24,32.6045036315918
2007-09-25,32.68256378173828
2007-09-26,32.563941955566406
2007-09-27,32.46405792236328
2007-09-28,32.46405792236328
2007-10-01,32.58811569213867
2007-10-02,32.65090560913086
2007-10-03,32.47816848754883
2007-10-04,32.616371154785156
2007-10-05,32.63520812988281
2007-10-08,32.74517822265625
2007-10-09,32.770294189453125
2007-10-10,32.742042541503906
2007-10-11,32.78913879394531
2007-10-12,32.82370376586914
2007-10-15,32.98073196411133
2007-10-16,32.85509490966797
2007-10-17,32.44991683959961
2007-10-18,32.434207916259766
2007-10-19,32.28972244262695
2007-10-22,31.9913272857666
2007-10-23,32.25830078125
2007-10-24,32.25830078125
2007-10-25,32.3054313659668
2007-10-26,32.38080596923828
2007-10-29,32.47816848754883
2007-10-30,32.415348052978516
2007-10-31,32.6195182800293
2007-11-01,32.40768051147461
2007-11-02,32.32866287231445
2007-11-05,32.312835693359375
2007-11-06,32.48041534423828
2007-11-07,32.43931198120117
2007-11-08,32.02828598022461
2007-11-09,32.1705436706543
2007-11-12,32.297019958496094
2007-11-13,32.1705436706543
2007-11-14,32.249603271484375
2007-11-15,32.240116119384766
2007-11-16,32.249603271484375
2007-11-19,32.249603271484375
2007-11-20,31.933425903320312
2007-11-21,31.332693099975586
2007-11-23,31.272626876831055
2007-11-26,31.61726188659668
2007-11-27,31.664684295654297
2007-11-28,31.96504020690918
2007-11-29,32.12312316894531
2007-11-30,32.252769470214844
2007-12-03,32.57794189453125
2007-12-04,32.453853607177734
2007-12-05,32.072059631347656
2007-12-06,32.3583869934082
2007-12-07,32.342498779296875
2007-12-10,32.29475021362305
2007-12-11,32.26293182373047
2007-12-12,32.437957763671875
2007-12-13,32.42203140258789
2007-12-14,32.469757080078125
2007-12-17,32.29475021362305
2007-12-18,32.32656478881836
2007-12-19,32.48568344116211
2007-12-20,32.415687561035156
2007-12-21,32.51747512817383
2007-12-24,32.402950286865234
2007-12-26,32.25977325439453
2007-12-27,32.47251510620117
2007-12-28,32.15577697753906
2007-12-31,32.226173400878906
2008-01-02,31.83582878112793
2008-01-03,31.775035858154297
2008-01-04,31.739839553833008
2008-01-07,31.551048278808594
2008-01-08,31.368690490722656
2008-01-09,31.026344299316406
2008-01-10,31.25670051574707
2008-01-11,31.32390594482422
2008-01-14,31.2150821685791
2008-01-15,31.29507827758789
2008-01-16,31.25989532470703
2008-01-17,31.039104461669922
2008-01-18,31.282283782958984
2008-01-22,31.064727783203125
2008-01-23,31.125505447387695
2008-01-24,31.515840530395508
2008-01-25,31.56386375427246
2008-01-28,31.419885635375977
2008-01-29,31.45184898376465
2008-01-30,31.573463439941406
2008-01-31,31.637460708618164
2008-02-01,31.654855728149414
2008-02-04,31.661273956298828
2008-02-05,31.406822204589844
2008-02-06,31.342363357543945
2008-02-07,31.21031379699707
2008-02-08,30.975175857543945
2008-02-11,30.730350494384766
2008-02-12,30.84630584716797
2008-02-13,30.76579475402832
2008-02-14,30.91718864440918
2008-02-15,30.83985710144043
2008-02-19,30.682031631469727
2008-02-20,30.762569427490234
2008-02-21,30.868858337402344
2008-02-22,30.923625946044922
2008-02-25,31.01704978942871
2008-02-26,31.216764450073242
2008-02-27,31.21031379699707
2008-02-28,31.165224075317383
2008-02-29,31.0460262298584
2008-03-03,31.054454803466797
2008-03-04,31.018815994262695
2008-03-05,31.106338500976562
2008-03-06,31.025270462036133
2008-03-07,30.96045684814453
2008-03-10,30.889118194580078
2008-03-11,30.966920852661133
2008-03-12,30.96045684814453
2008-03-13,30.743253707885742
2008-03-14,30.558456420898438
2008-03-17,30.41581153869629
2008-03-18,30.863182067871094
2008-03-19,30.895605087280273
2008-03-20,31.04150390625
2008-03-24,31.278154373168945
2008-03-25,31.359220504760742
2008-03-26,31.28465461730957
2008-03-27,31.184141159057617
2008-03-28,31.200347900390625
2008-03-31,31.33974266052246
2008-04-01,31.47745704650879
2008-04-02,31.493793487548828
2008-04-03,31.438337326049805
2008-04-04,31.559101104736328
2008-04-07,31.810354232788086
2008-04-08,31.918067932128906
2008-04-09,31.64063835144043
2008-04-10,31.7548770904541
2008-04-11,31.500308990478516
2008-04-14,31.611270904541016
2008-04-15,31.6080265045166
2008-04-16,31.745080947875977
2008-04-17,31.777729034423828
2008-04-18,31.993127822875977
2008-04-21,31.940889358520508
2008-04-22,31.98332405090332
2008-04-23,32.1139030456543
2008-04-24,32.12367248535156
2008-04-25,32.27703857421875
2008-04-28,32.46635818481445
2008-04-29,32.371707916259766
2008-04-30,32.40434265136719
2008-05-01,33.09294891357422
2008-05-02,32.7581787109375
2008-05-05,32.70568084716797
2008-05-06,32.472625732421875
2008-05-07,32.49558639526367
2008-05-08,32.4266471862793
2008-05-09,32.49558639526367
2008-05-12,32.452919006347656
2008-05-13,32.44308853149414
2008-05-14,32.397098541259766
2008-05-15,32.48247146606445
2008-05-16,32.528404235839844
2008-05-19,32.65641403198242
2008-05-20,32.59405517578125
2008-05-21,32.53498077392578
2008-05-22,32.48576354980469
2008-05-23,32.29208755493164
2008-05-27,32.111568450927734
2008-05-28,32.26911163330078
2008-05-29,32.23627853393555
2008-05-30,32.23955154418945
2008-06-02,31.973297119140625
2008-06-03,31.99640655517578
2008-06-04,31.963346481323242
2008-06-05,32.10212326049805
2008-06-06,32.012916564941406
2008-06-09,32.1153450012207
2008-06-10,32.12855911254883
2008-06-11,32.1219596862793
2008-06-12,32.06907272338867
2008-06-13,32.21116638183594
2008-06-16,31.765146255493164
2008-06-17,31.821304321289062
2008-06-18,31.89069175720215
2008-06-19,31.68918800354004
2008-06-20,31.563663482666016
2008-06-23,31.44800567626953
2008-06-24,31.31584930419922
2008-06-25,31.42156219482422
2008-06-26,31.17379379272461
2008-06-27,31.087881088256836
2008-06-30,31.054841995239258
2008-07-01,31.02192497253418
2008-07-02,30.998619079589844
2008-07-03,30.98534393310547
2008-07-07,31.011930465698242
2008-07-08,30.92877197265625
2008-07-09,30.822324752807617
2008-07-10,30.86223030090332
2008-07-11,30.822324752807617
2008-07-14,30.74913787841797
2008-07-15,30.27338409423828
2008-07-16,30.37322235107422
2008-07-17,30.463024139404297
2008-07-18,30.95203971862793
2008-07-21,31.105072021484375
2008-07-22,31.211565017700195
2008-07-23,31.12839698791504
2008-07-24,31.201574325561523
2008-07-25,31.268095016479492
2008-07-28,31.161653518676758
2008-07-29,31.168302536010742
2008-07-30,31.174951553344727
2008-07-31,31.2381534576416
2008-08-01,31.09845733642578
2008-08-04,30.884033203125
2008-08-05,31.10177993774414
2008-08-06,30.894088745117188
2008-08-07,30.857221603393555
2008-08-08,30.910831451416016
2008-08-11,30.82370376586914
2008-08-12,30.94432258605957
2008-08-13,30.9912166595459
2008-08-14,30.9912166595459
2008-08-15,31.06157684326172
2008-08-18,30.9912166595459
2008-08-19,31.051544189453125
2008-08-20,31.044845581054688
2008-08-21,31.001300811767578
2008-08-22,30.82370376586914
2008-08-25,30.9912166595459
2008-08-26,30.82370376586914
2008-08-27,30.857221603393555
2008-08-28,30.90078353881836
2008-08-29,30.95773696899414
2008-09-02,30.964487075805664
2008-09-03,31.065643310546875
2008-09-04,31.20057487487793
2008-09-05,31.1735897064209
2008-09-08,31.13649559020996
2008-09-09,31.203960418701172
2008-09-10,31.03192710876465
2008-09-11,31.03192710876465
2008-09-12,31.03192710876465
2008-09-15,29.891847610473633
2008-09-16,29.203744888305664
2008-09-17,27.44977569580078
2008-09-18,29.615262985229492
2008-09-19,29.993053436279297
2008-09-22,29.9660587310791
2008-09-23,29.67259407043457
2008-09-24,29.93906593322754
2008-09-25,29.176769256591797
2008-09-26,29.075576782226562
2008-09-29,26.721189498901367
2008-09-30,27.658878326416016
2008-10-01,28.863082885742188
2008-10-02,28.111331939697266
2008-10-03,28.00924301147461
2008-10-06,26.992176055908203
2008-10-07,26.536334991455078
2008-10-08,25.42740249633789
2008-10-09,24.83551597595215
2008-10-10,23.178913116455078
2008-10-13,26.02269744873047
2008-10-14,26.192785263061523
2008-10-15,25.049808502197266
2008-10-16,24.100767135620117
2008-10-17,23.811630249023438
2008-10-20,24.287851333618164
2008-10-21,24.148380279541016
2008-10-22,23.94768714904785
2008-10-23,24.35248565673828
2008-10-24,23.743589401245117
2008-10-27,22.53600311279297
2008-10-28,22.791126251220703
2008-10-29,23.82862663269043
2008-10-30,24.481748580932617
2008-10-31,24.4919490814209
2008-11-03,24.69114875793457
2008-11-04,24.969341278076172
2008-11-05,24.763277053833008
2008-11-06,24.763277053833008
2008-11-07,25.020872116088867
2008-11-10,25.024290084838867
2008-11-11,24.979660034179688
2008-11-12,24.625890731811523
2008-11-13,24.49538803100586
2008-11-14,24.19657325744629
2008-11-17,23.822219848632812
2008-11-18,23.320749282836914
2008-11-19,22.523935317993164
2008-11-20,21.775203704833984
2008-11-21,21.991579055786133
2008-11-24,22.091176986694336
2008-11-25,22.321300506591797
2008-11-26,22.83993148803711
2008-11-28,22.754056930541992
2008-12-01,22.28474235534668
2008-12-02,22.52425765991211
2008-12-03,22.52775001525879
2008-12-04,22.39582633972168
2008-12-05,22.4062557220459
2008-12-08,22.666584014892578
2008-12-09,22.496490478515625
2008-12-10,22.47914695739746
2008-12-11,22.305587768554688
2008-12-12,22.6145076751709
2008-12-15,22.496490478515625
2008-12-16,22.913036346435547
2008-12-17,23.499666213989258
2008-12-18,24.863819122314453
2008-12-19,24.697187423706055
2008-12-22,25.686494827270508
2008-12-23,26.06134796142578
2008-12-24,25.651769638061523
2008-12-26,26.141199111938477
2008-12-29,26.317378997802734
2008-12-30,26.397781372070312
2008-12-31,26.569047927856445
2009-01-02,26.485157012939453
2009-01-05,27.764507293701172
2009-01-06,27.998680114746094
2009-01-07,27.491857528686523
2009-01-08,27.09337615966797
2009-01-09,27.491857528686523
2009-01-12,26.894107818603516
2009-01-13,26.796245574951172
2009-01-14,26.453693389892578
2009-01-15,26.348827362060547
2009-01-16,26.562049865722656
2009-01-20,26.107635498046875
2009-01-21,26.111133575439453
2009-01-22,26.041231155395508
2009-01-23,25.625272750854492
2009-01-26,25.691694259643555
2009-01-27,25.929380416870117
2009-01-28,26.84866714477539
2009-01-29,26.181041717529297
2009-01-30,26.29990005493164
2009-02-02,25.739559173583984
2009-02-03,25.78544807434082
2009-02-04,25.764266967773438
2009-02-05,25.552440643310547
2009-02-06,26.067913055419922
2009-02-09,26.269182205200195
2009-02-10,26.09619140625
2009-02-11,26.036130905151367
2009-02-12,25.95492935180664
2009-02-13,26.05730438232422
2009-02-17,25.393531799316406
2009-02-18,25.241727828979492
2009-02-19,25.368804931640625
2009-02-20,24.998085021972656
2009-02-23,24.369606018066406
2009-02-24,24.715620040893555
2009-02-25,24.59555435180664
2009-02-26,24.108308792114258
2009-02-27,23.744665145874023
2009-03-02,23.251787185668945
2009-03-03,23.344562530517578
2009-03-04,23.34099578857422
2009-03-05,22.234622955322266
2009-03-06,22.12755584716797
2009-03-09,21.99905776977539
2009-03-10,23.087615966796875
2009-03-11,23.455211639404297
2009-03-12,23.844226837158203
2009-03-13,23.897762298583984
2009-03-16,24.033370971679688
2009-03-17,23.897762298583984
2009-03-18,24.44736671447754
2009-03-19,24.233243942260742
2009-03-20,24.186838150024414
2009-03-23,24.686508178710938
2009-03-24,24.732894897460938
2009-03-25,24.864946365356445
2009-03-26,25.250394821166992
2009-03-27,24.993425369262695
2009-03-30,23.822811126708984
2009-03-31,24.197547912597656
2009-04-01,24.23584747314453
2009-04-02,25.117149353027344
2009-04-03,25.471107482910156
2009-04-06,25.388032913208008
2009-04-07,25.09546661376953
2009-04-08,25.391651153564453
2009-04-09,26.114038467407227
2009-04-13,26.095958709716797
2009-04-14,25.962324142456055
2009-04-15,26.18265724182129
2009-04-16,26.598020553588867
2009-04-17,27.179548263549805
2009-04-20,26.18626594543457
2009-04-21,26.48244285583496
2009-04-22,26.608850479125977
2009-04-23,26.579973220825195
2009-04-24,26.99172019958496
2009-04-27,26.778629302978516
2009-04-28,26.836400985717773
2009-04-29,27.334840774536133
2009-04-30,27.547964096069336
2009-05-01,27.504627227783203
2009-05-04,27.439105987548828
2009-05-05,27.675731658935547
2009-05-06,27.905048370361328
2009-05-07,27.446380615234375
2009-05-08,27.937807083129883
2009-05-11,27.792203903198242
2009-05-12,27.901399612426758
2009-05-13,27.537405014038086
2009-05-14,27.24620246887207
2009-05-15,26.863990783691406
2009-05-18,27.435483932495117
2009-05-19,27.617488861083984
2009-05-20,28.02517318725586
2009-05-21,27.66480255126953
2009-05-22,28.047021865844727
2009-05-26,27.974212646484375
2009-05-27,28.02517318725586
2009-05-28,28.123443603515625
2009-05-29,28.33458137512207
2009-06-01,29.00505256652832
2009-06-02,28.920547485351562
2009-06-03,28.75520896911621
2009-06-04,28.84339714050293
2009-06-05,28.93526268005371
2009-06-08,28.986696243286133
2009-06-09,29.041784286499023
2009-06-10,29.07854461669922
2009-06-11,29.144651412963867
2009-06-12,29.295289993286133
2009-06-15,28.86176109313965
2009-06-16,28.586217880249023
2009-06-17,28.420915603637695
2009-06-18,28.692766189575195
2009-06-19,28.72218894958496
2009-06-22,28.332725524902344
2009-06-23,28.380504608154297
2009-06-24,28.523792266845703
2009-06-25,28.795656204223633
2009-06-26,28.78830909729004
2009-06-29,29.148330688476562
2009-06-30,29.28426170349121
2009-07-01,29.35655403137207
2009-07-02,28.84493064880371
2009-07-06,28.41482162475586
2009-07-07,28.018138885498047
2009-07-08,28.18869400024414
2009-07-09,28.592788696289062
2009-07-10,28.374073028564453
2009-07-13,28.437068939208984
2009-07-14,28.548328399658203
2009-07-15,29.178611755371094
2009-07-16,29.267589569091797
2009-07-17,29.293540954589844
2009-07-20,29.70136070251465
2009-07-21,29.845979690551758
2009-07-22,29.88304901123047
2009-07-23,30.187061309814453
2009-07-24,30.365015029907227
2009-07-27,30.420652389526367
2009-07-28,30.453998565673828
2009-07-29,30.55781364440918
2009-07-30,30.809926986694336
2009-07-31,31.310449600219727
2009-08-03,31.369916915893555
2009-08-04,31.302623748779297
2009-08-05,31.20164680480957
2009-08-06,30.95486068725586
2009-08-07,31.171749114990234
2009-08-10,31.31380844116211
2009-08-11,31.239038467407227
2009-08-12,31.16051483154297
2009-08-13,30.764204025268555
2009-08-14,30.61089324951172
2009-08-17,29.86309051513672
2009-08-18,30.379106521606445
2009-08-19,30.502464294433594
2009-08-20,30.408973693847656
2009-08-21,30.824018478393555
2009-08-24,30.663236618041992
2009-08-25,30.659496307373047
2009-08-26,30.779151916503906
2009-08-27,30.622135162353516
2009-08-28,30.775405883789062
2009-08-31,30.779151916503906
2009-09-01,30.48990821838379
2009-09-02,30.327728271484375
2009-09-03,30.52384376525879
2009-09-04,30.757673263549805
2009-09-08,31.195119857788086
2009-09-09,30.90097999572754
2009-09-10,31.379915237426758
2009-09-11,31.677845001220703
2009-09-14,31.715534210205078
2009-09-15,31.94179344177246
2009-09-16,32.35286331176758
2009-09-17,32.409427642822266
2009-09-18,32.318904876708984
2009-09-21,32.337764739990234
2009-09-22,32.30006790161133
2009-09-23,32.39811706542969
2009-09-24,32.458465576171875
2009-09-25,32.35286331176758
2009-09-28,32.609291076660156
2009-09-29,32.57158660888672
2009-09-30,32.564056396484375
2009-10-01,31.706666946411133
2009-10-02,31.718042373657227
2009-10-05,32.14387893676758
2009-10-06,32.03364562988281
2009-10-07,32.269378662109375
2009-10-08,32.47467803955078
2009-10-09,32.600154876708984
2009-10-12,32.59255599975586
2009-10-13,32.5849609375
2009-10-14,32.714229583740234
2009-10-15,32.70662307739258
2009-10-16,32.70283126831055
2009-10-19,32.71043014526367
2009-10-20,32.77128601074219
2009-10-21,32.82830810546875
2009-10-22,33.079246520996094
2009-10-23,33.02220916748047
2009-10-26,33.04122543334961
2009-10-27,32.78266906738281
2009-10-28,32.242759704589844
2009-10-29,32.695228576660156
2009-10-30,32.38724899291992
2009-11-02,32.64140319824219
2009-11-03,32.71427917480469
2009-11-04,32.76408767700195
2009-11-05,32.790950775146484
2009-11-06,32.82160186767578
2009-11-09,32.95196533203125
2009-11-10,32.94047927856445
2009-11-11,32.959632873535156
2009-11-12,32.99796676635742
2009-11-13,32.932796478271484
2009-11-16,33.08615493774414
2009-11-17,33.078495025634766
2009-11-18,32.99412536621094
2009-11-19,33.06314468383789
2009-11-20,33.055477142333984
2009-11-23,33.0209846496582
2009-11-24,33.040130615234375
2009-11-25,33.055477142333984
2009-11-27,32.8254280090332
2009-11-30,32.932796478271484
2009-12-01,33.095760345458984
2009-12-02,33.130516052246094
2009-12-03,33.17299270629883
2009-12-04,33.30815887451172
2009-12-07,33.35065841674805
2009-12-08,33.389286041259766
2009-12-09,33.389286041259766
2009-12-10,33.55530548095703
2009-12-11,33.574615478515625
2009-12-14,33.84495162963867
2009-12-15,33.81020736694336
2009-12-16,33.88744354248047
2009-12-17,33.868125915527344
2009-12-18,33.84879684448242
2009-12-21,33.94924545288086
2009-12-22,34.02260971069336
2009-12-23,34.10371017456055
2009-12-24,34.231136322021484
2009-12-28,34.130767822265625
2009-12-29,33.948028564453125
2009-12-30,34.09185028076172
2009-12-31,34.14628982543945
2010-01-04,34.41450881958008
2010-01-05,34.57777404785156
2010-01-06,34.66720199584961
2010-01-07,34.80713653564453
2010-01-08,34.861549377441406
2010-01-11,34.83045196533203
2010-01-12,34.6516227722168
2010-01-13,34.7293815612793
2010-01-14,34.76826858520508
2010-01-15,34.628326416015625
2010-01-19,34.643882751464844
2010-01-20,34.59333801269531
2010-01-21,34.052974700927734
2010-01-22,33.73033905029297
2010-01-25,33.78087615966797
2010-01-26,33.82364273071289
2010-01-27,33.83530807495117
2010-01-28,33.69145584106445
2010-01-29,33.52043151855469
2010-02-01,33.68223571777344
2010-02-02,33.78407669067383
2010-02-03,33.956451416015625
2010-02-04,33.4745979309082
2010-02-05,33.27871322631836
2010-02-08,33.133766174316406
2010-02-09,33.20037078857422
2010-02-10,32.753787994384766
2010-02-11,32.88698196411133
2010-02-12,32.86739730834961
2010-02-16,33.192527770996094
2010-02-17,33.44717788696289
2010-02-18,33.76450729370117
2010-02-19,33.99168014526367
2010-02-22,34.03480529785156
2010-02-23,33.787967681884766
2010-02-24,33.91728973388672
2010-02-25,33.92119216918945
2010-02-26,34.14839172363281
2010-03-01,34.1744384765625
2010-03-02,34.395469665527344
2010-03-03,34.43098449707031
2010-03-04,34.458587646484375
2010-03-05,34.6638298034668
2010-03-08,34.67173767089844
2010-03-09,34.82172393798828
2010-03-10,34.83354568481445
2010-03-11,34.80195999145508
2010-03-12,34.80985641479492
2010-03-15,34.770416259765625
2010-03-16,34.888797760009766
2010-03-17,34.888797760009766
2010-03-18,34.940101623535156
2010-03-19,34.766441345214844
2010-03-22,34.93223190307617
2010-03-23,34.92827606201172
2010-03-24,34.90850067138672
2010-03-25,34.99140930175781
2010-03-26,34.979576110839844
2010-03-29,35.022979736328125
2010-03-30,34.98743438720703
2010-03-31,34.87693405151367
2010-04-01,34.792667388916016
2010-04-05,34.77674102783203
2010-04-06,35.003414154052734
2010-04-07,35.055110931396484
2010-04-08,35.114742279052734
2010-04-09,35.166419982910156
2010-04-12,35.17438888549805
2010-04-13,35.26980209350586
2010-04-14,35.36524963378906
2010-04-15,35.46068572998047
2010-04-16,35.17438888549805
2010-04-19,35.10675048828125
2010-04-20,35.48454284667969
2010-04-21,35.488502502441406
2010-04-22,35.3851203918457
2010-04-23,35.615753173828125
2010-04-26,35.615753173828125
2010-04-27,35.166419982910156
2010-04-28,35.1902961730957
2010-04-29,35.43285369873047
2010-04-30,35.54816436767578
2010-05-03,35.54414749145508
2010-05-04,35.179710388183594
2010-05-05,34.699119567871094
2010-05-06,33.83800506591797
2010-05-07,33.834007263183594
2010-05-10,34.46681594848633
2010-05-11,34.426761627197266
2010-05-12,34.84727478027344
2010-05-13,34.63099670410156
2010-05-14,34.43075180053711
2010-05-17,34.38670349121094
2010-05-18,34.31462860107422
2010-05-19,34.11436080932617
2010-05-20,33.09708786010742
2010-05-21,33.76193618774414
2010-05-24,33.81398010253906
2010-05-25,33.77394104003906
2010-05-26,33.36943054199219
2010-05-27,33.83004379272461
2010-05-28,33.88606643676758
2010-06-01,33.72584533691406
2010-06-02,33.89942932128906
2010-06-03,33.91149139404297
2010-06-04,33.72185516357422
2010-06-07,33.48776626586914
2010-06-08,33.54022979736328
2010-06-09,33.61288833618164
2010-06-10,33.9559326171875
2010-06-11,34.004329681396484
2010-06-14,34.048728942871094
2010-06-15,34.379642486572266
2010-06-16,34.407901763916016
2010-06-17,34.66618347167969
2010-06-18,34.81549835205078
2010-06-21,34.94059753417969
2010-06-22,34.69039535522461
2010-06-23,34.66618347167969
2010-06-24,34.428070068359375
2010-06-25,34.58546829223633
2010-06-28,34.662147521972656
2010-06-29,34.315059661865234
2010-06-30,34.26263427734375
2010-07-01,34.42646026611328
2010-07-02,34.43458557128906
2010-07-06,34.70698928833008
2010-07-07,35.12571334838867
2010-07-08,35.288326263427734
2010-07-09,35.207061767578125
2010-07-12,35.178585052490234
2010-07-13,35.45093536376953
2010-07-14,35.41843032836914
2010-07-15,35.47127914428711
2010-07-16,35.25583267211914
2010-07-19,35.37370681762695
2010-07-20,35.65829086303711
2010-07-21,35.64202117919922
2010-07-22,35.959136962890625
2010-07-23,36.121761322021484
2010-07-26,36.13801574707031
2010-07-27,36.0892219543457
2010-07-28,36.01201248168945
2010-07-29,36.121761322021484
2010-07-30,36.028263092041016
2010-08-02,36.216121673583984
2010-08-03,36.216121673583984
2010-08-04,36.1956672668457
2010-08-05,36.17929458618164
2010-08-06,36.17110824584961
2010-08-09,36.1056022644043
2010-08-10,36.09333419799805
2010-08-11,35.622615814208984
2010-08-12,35.499820709228516
2010-08-13,35.65538024902344
2010-08-16,35.70039367675781
2010-08-17,35.835479736328125
2010-08-18,35.8968505859375
2010-08-19,35.82318115234375
2010-08-20,35.90913772583008
2010-08-23,35.90913772583008
2010-08-24,35.72085189819336
2010-08-25,35.67173385620117
2010-08-26,35.622615814208984
2010-08-27,35.6185302734375
2010-08-30,35.68403244018555
2010-08-31,35.67173385620117
2010-09-01,36.05720520019531
2010-09-02,36.11491775512695
2010-09-03,36.22212600708008
2010-09-07,36.168521881103516
2010-09-08,36.17677688598633
2010-09-09,36.321083068847656
2010-09-10,36.41587829589844
2010-09-13,36.605552673339844
2010-09-14,36.59727096557617
2010-09-15,36.56432342529297
2010-09-16,36.62614059448242
2010-09-17,36.69211196899414
2010-09-20,36.74982833862305
2010-09-21,36.68797302246094
2010-09-22,36.53956985473633
2010-09-23,36.44472122192383
2010-09-24,36.589046478271484
2010-09-27,36.65087890625
2010-09-28,36.704490661621094
2010-09-29,36.791072845458984
2010-09-30,36.97655487060547
2010-10-01,37.02511215209961
2010-10-04,36.89646911621094
2010-10-05,37.02931594848633
2010-10-06,36.99607467651367
2010-10-07,37.070777893066406
2010-10-08,37.19527816772461
2010-10-11,37.274112701416016
2010-10-12,37.24090576171875
2010-10-13,37.365394592285156
2010-10-14,37.18697738647461
2010-10-15,37.28242111206055
2010-10-18,37.23260498046875
2010-10-19,37.228477478027344
2010-10-20,37.34465789794922
2010-10-21,37.28654861450195
2010-10-22,37.45675277709961
2010-10-25,37.60196304321289
2010-10-26,37.66006088256836
2010-10-27,37.61857223510742
2010-10-28,37.639305114746094
2010-10-29,37.65591049194336
2010-11-01,37.585296630859375
2010-11-02,37.769142150878906
2010-11-03,37.89446258544922
2010-11-04,38.387393951416016
2010-11-05,38.345619201660156
2010-11-08,38.23283386230469
2010-11-09,38.12421417236328
2010-11-10,37.81089401245117
2010-11-11,37.660491943359375
2010-11-12,37.522640228271484
2010-11-15,37.45161819458008
2010-11-16,37.038063049316406
2010-11-17,37.226036071777344
2010-11-18,37.698081970214844
2010-11-19,37.68556594848633
2010-11-22,37.4223747253418
2010-11-23,36.90855026245117
2010-11-24,37.12996292114258
2010-11-26,36.99626541137695
2010-11-29,37.09236526489258
2010-11-30,37.175907135009766
2010-12-01,37.519901275634766
2010-12-02,37.540950775146484
2010-12-03,37.6040153503418
2010-12-06,37.58297348022461
2010-12-07,37.77644729614258
2010-12-08,37.65447235107422
2010-12-09,37.57460403442383
2010-12-10,37.591392517089844
2010-12-13,37.40216064453125
2010-12-14,37.587181091308594
2010-12-15,37.440006256103516
2010-12-16,37.57878494262695
2010-12-17,37.63346862792969
2010-12-20,37.70074462890625
2010-12-21,37.780635833740234
2010-12-22,37.88575744628906
2010-12-23,37.92362976074219
2010-12-27,37.953067779541016
2010-12-28,37.97716522216797
2010-12-29,38.104148864746094
2010-12-30,38.146461486816406
2010-12-31,38.2142219543457
2011-01-03,38.24382400512695
2011-01-04,38.417335510253906
2011-01-05,38.514678955078125
2011-01-06,38.56122970581055
2011-01-07,38.413116455078125
2011-01-10,38.38350296020508
2011-01-11,38.5316162109375
2011-01-12,38.61203384399414
2011-01-13,38.60358428955078
2011-01-14,38.66705322265625
2011-01-18,38.66281509399414
2011-01-19,38.544342041015625
2011-01-20,38.4681282043457
2011-01-21,38.62474060058594
2011-01-24,38.679752349853516
2011-01-25,38.73899459838867
2011-01-26,38.819419860839844
2011-01-27,38.87022018432617
2011-01-28,38.637428283691406
2011-01-31,38.844825744628906
2011-02-01,38.921051025390625
2011-02-02,38.963653564453125
2011-02-03,38.963653564453125
2011-02-04,39.134037017822266
2011-02-07,39.20645523071289
2011-02-08,39.24907302856445
2011-02-09,39.027557373046875
2011-02-10,39.070159912109375
2011-02-11,39.16813278198242
2011-02-14,39.19791030883789
2011-02-15,39.12125778198242
2011-02-16,39.134037017822266
2011-02-17,39.22349548339844
2011-02-18,39.34278106689453
2011-02-22,39.01903533935547
2011-02-23,39.05738830566406
2011-02-24,39.087158203125
2011-02-25,39.20645523071289
2011-02-28,39.40241622924805
2011-03-01,39.34197235107422
2011-03-02,39.376258850097656
2011-03-03,39.51773452758789
2011-03-04,39.436283111572266
2011-03-07,39.44483184814453
2011-03-08,39.41053771972656
2011-03-09,39.299110412597656
2011-03-10,39.093353271484375
2011-03-11,39.08480453491211
2011-03-14,38.926185607910156
2011-03-15,38.7247200012207
2011-03-16,38.484676361083984
2011-03-17,38.90045928955078
2011-03-18,39.08480453491211
2011-03-21,39.32482147216797
2011-03-22,39.34626770019531
2011-03-23,39.299110412597656
2011-03-24,39.3333625793457
2011-03-25,39.34626770019531
2011-03-28,39.3591423034668
2011-03-29,39.380550384521484
2011-03-30,39.440555572509766
2011-03-31,39.41914367675781
2011-04-01,39.37168884277344
2011-04-04,39.613224029541016
2011-04-05,39.57011413574219
2011-04-06,39.656349182128906
2011-04-07,39.695186614990234
2011-04-08,39.695186614990234
2011-04-11,39.656349182128906
2011-04-12,39.53126525878906
2011-04-13,39.7210578918457
2011-04-14,39.5615119934082
2011-04-15,39.613224029541016
2011-04-18,39.47521209716797
2011-04-19,39.613224029541016
2011-04-20,39.764183044433594
2011-04-21,39.859100341796875
2011-04-25,39.81593322753906
2011-04-26,39.90653991699219
2011-04-27,39.93242263793945
2011-04-28,39.95399856567383
2011-04-29,40.048866271972656
2011-05-02,40.028480529785156
2011-05-03,40.03716278076172
2011-05-04,40.02413558959961
2011-05-05,39.859214782714844
2011-05-06,40.06319808959961
2011-05-09,40.115264892578125
2011-05-10,40.202083587646484
2011-05-11,40.14129638671875
2011-05-12,40.18038558959961
2011-05-13,40.015480041503906
2011-05-16,40.09355926513672
2011-05-17,40.163002014160156
2011-05-18,40.210750579833984
2011-05-19,40.193397521972656
2011-05-20,40.163002014160156
2011-05-23,39.97203826904297
2011-05-24,39.906944274902344
2011-05-25,39.906944274902344
2011-05-26,39.87223434448242
2011-05-27,39.99374008178711
2011-05-31,40.10224914550781
2011-06-01,39.86907196044922
2011-06-02,39.842864990234375
2011-06-03,39.685665130615234
2011-06-06,39.5895881652832
2011-06-07,39.558990478515625
2011-06-08,39.37126541137695
2011-06-09,39.3974609375
2011-06-10,39.13981246948242
2011-06-13,38.99134826660156
2011-06-14,39.23586654663086
2011-06-15,39.06995391845703
2011-06-16,38.3756103515625
2011-06-17,38.7992057800293
2011-06-20,39.06995391845703
2011-06-21,39.33195877075195
2011-06-22,39.04812240600586
2011-06-23,39.25773239135742
2011-06-24,39.06995391845703
2011-06-27,39.06120681762695
2011-06-28,39.2183837890625
2011-06-29,39.6070556640625
2011-06-30,39.87344741821289
2011-07-01,40.08527374267578
2011-07-05,40.13800811767578
2011-07-06,40.15557861328125
2011-07-07,40.31380081176758
2011-07-08,40.20392990112305
2011-07-11,39.808387756347656
2011-07-12,39.69853210449219
2011-07-13,40.006141662597656
2011-07-14,39.98418426513672
2011-07-15,39.97101974487305
2011-07-18,39.90068817138672
2011-07-19,40.080867767333984
2011-07-20,40.11604690551758
2011-07-21,40.30941390991211
2011-07-22,40.36213684082031
2011-07-25,40.14680099487305
2011-07-26,40.23027420043945
2011-07-27,39.91386032104492
2011-07-28,39.97539520263672
2011-07-29,40.014949798583984
2011-08-01,40.103816986083984
2011-08-02,39.60860824584961
2011-08-03,39.58647155761719
2011-08-04,38.445716857910156
2011-08-05,38.405948638916016
2011-08-08,36.76995086669922
2011-08-09,37.893009185791016
2011-08-10,37.25187683105469
2011-08-11,37.92841339111328
2011-08-12,37.75154495239258
2011-08-15,38.36613082885742
2011-08-16,38.12294006347656
2011-08-17,38.542999267578125
2011-08-18,38.07429885864258
2011-08-19,37.7426872253418
2011-08-22,37.78691864013672
2011-08-23,38.069881439208984
2011-08-24,37.89744567871094
2011-08-25,37.59235763549805
2011-08-26,37.97260665893555
2011-08-29,38.3572998046875
2011-08-30,38.428016662597656
2011-08-31,38.92327117919922
2011-09-01,38.897884368896484
2011-09-02,38.7154426574707
2011-09-06,38.25708770751953
2011-09-07,38.4439811706543
2011-09-08,38.564151763916016
2011-09-09,38.21701431274414
2011-09-12,37.8877067565918
2011-09-13,38.17695236206055
2011-09-14,38.43064498901367
2011-09-15,38.688724517822266
2011-09-16,38.666465759277344
2011-09-19,38.60865783691406
2011-09-20,38.67095947265625
2011-09-21,38.337188720703125
2011-09-22,37.81652069091797
2011-09-23,37.91890335083008
2011-09-26,38.061279296875
2011-09-27,38.105796813964844
2011-09-28,37.67860794067383
2011-09-29,37.607383728027344
2011-09-30,36.859764099121094
2011-10-03,36.415443420410156
2011-10-04,36.30348205566406
2011-10-05,36.74689483642578
2011-10-06,37.315711975097656
2011-10-07,37.347103118896484
2011-10-10,38.14885711669922
2011-10-11,37.727840423583984
2011-10-12,38.605751037597656
2011-10-13,38.44449996948242
2011-10-14,38.713253021240234
2011-10-17,38.48928451538086
2011-10-18,38.695316314697266
2011-10-19,38.56989288330078
2011-10-20,38.910335540771484
2011-10-21,39.38062286376953
2011-10-24,40.44667434692383
2011-10-25,39.729984283447266
2011-10-26,39.90020751953125
2011-10-27,40.48698425292969
2011-10-28,40.36603546142578
2011-10-31,39.989803314208984
2011-11-01,39.27607727050781
2011-11-02,39.650047302246094
2011-11-03,40.04207229614258
2011-11-04,40.00150680541992
2011-11-07,39.866355895996094
2011-11-08,39.956451416015625
2011-11-09,39.10939407348633
2011-11-10,39.14991760253906
2011-11-11,39.66807174682617
2011-11-14,39.40224838256836
2011-11-15,39.298641204833984
2011-11-16,38.91565704345703
2011-11-17,38.72637939453125
2011-11-18,38.6993408203125
2011-11-21,38.26232147216797
2011-11-22,37.96944046020508
2011-11-23,37.28459548950195
2011-11-25,37.28459548950195
2011-11-28,38.11813735961914
2011-11-29,38.365966796875
2011-11-30,39.019264221191406
2011-12-01,39.191139221191406
2011-12-02,39.4133186340332
2011-12-05,39.63547897338867
2011-12-06,39.81233596801758
2011-12-07,39.685367584228516
2011-12-08,39.42689895629883
2011-12-09,39.76697540283203
2011-12-12,39.55385971069336
2011-12-13,39.404258728027344
2011-12-14,39.33622741699219
2011-12-15,39.47676467895508
2011-12-16,39.66271209716797
2011-12-19,39.61282730102539
2011-12-20,40.10707092285156
2011-12-21,40.22044372558594
2011-12-22,40.3746223449707
2011-12-23,40.56052780151367
2011-12-27,40.72245407104492
2011-12-28,40.53089141845703
2011-12-29,40.772640228271484
2011-12-30,40.79545974731445
2012-01-03,40.9277458190918
2012-01-04,40.859336853027344
2012-01-05,40.681392669677734
2012-01-06,40.553680419921875
2012-01-09,40.60842514038086
2012-01-10,40.74984359741211
2012-01-11,40.70878219604492
2012-01-12,40.65403366088867
2012-01-13,40.60842514038086
2012-01-17,40.69050979614258
2012-01-18,40.804569244384766
2012-01-19,40.863853454589844
2012-01-20,40.863853454589844
2012-01-23,41.00530242919922
2012-01-24,41.11021423339844
2012-01-25,41.47058868408203
2012-01-26,41.5709342956543
2012-01-27,41.420413970947266
2012-01-30,41.28810501098633
2012-01-31,41.39303207397461
2012-02-01,41.469635009765625
2012-02-02,41.49714660644531
2012-02-03,41.61642074584961
2012-02-06,41.6256217956543
2012-02-07,41.70819854736328
2012-02-08,41.744869232177734
2012-02-09,41.76323318481445
2012-02-10,41.40085220336914
2012-02-13,41.52012252807617
2012-02-14,41.52012252807617
2012-02-15,41.38709259033203
2012-02-16,41.561397552490234
2012-02-17,41.54763412475586
2012-02-21,41.703590393066406
2012-02-22,41.83662414550781
2012-02-23,41.98801803588867
2012-02-24,42.116477966308594
2012-02-27,42.12562942504883
2012-02-28,42.208213806152344
2012-02-29,42.26322937011719
2012-03-01,42.335693359375
2012-03-02,42.16035461425781
2012-03-05,41.9250373840332
2012-03-06,41.366703033447266
2012-03-07,41.48207092285156
2012-03-08,41.8050651550293
2012-03-09,41.85121536254883
2012-03-12,41.85121536254883
2012-03-13,42.15575408935547
2012-03-14,42.04962921142578
2012-03-15,41.90655517578125
2012-03-16,41.754295349121094
2012-03-19,41.91117858886719
2012-03-20,41.87888717651367
2012-03-21,41.745094299316406
2012-03-22,41.846580505371094
2012-03-23,41.75890350341797
2012-03-26,42.012725830078125
2012-03-27,42.08654022216797
2012-03-28,41.94810104370117
2012-03-29,41.943477630615234
2012-03-30,41.86041259765625
2012-04-02,41.93239974975586
2012-04-03,41.89525604248047
2012-04-04,41.74205017089844
2012-04-05,41.639923095703125
2012-04-09,41.42638397216797
2012-04-10,41.222129821777344
2012-04-11,41.47282409667969
2012-04-12,41.84419250488281
2012-04-13,41.70957946777344
2012-04-16,41.77455520629883
2012-04-17,41.95558166503906
2012-04-18,41.9416618347168
2012-04-19,41.86277389526367
2012-04-20,41.9277458190918
2012-04-23,41.83952713012695
2012-04-24,41.937049865722656
2012-04-25,42.243408203125
2012-04-26,42.27125930786133
2012-04-27,42.25267791748047
2012-04-30,42.336246490478516
2012-05-01,42.368446350097656
2012-05-02,42.531883239746094
2012-05-03,42.50385284423828
2012-05-04,42.41981887817383
2012-05-07,42.48982620239258
2012-05-08,42.48048400878906
2012-05-09,42.33110427856445
2012-05-10,42.284427642822266
2012-05-11,42.39179611206055
2012-05-14,42.07903289794922
2012-05-15,41.873634338378906
2012-05-16,41.46281051635742
2012-05-17,40.88865280151367
2012-05-18,40.88865280151367
2012-05-21,41.3134651184082
2012-05-22,41.308780670166016
2012-05-23,41.266746520996094
2012-05-24,41.27611541748047
2012-05-25,41.14539337158203
2012-05-29,41.59821701049805
2012-05-30,41.41148376464844
2012-05-31,40.972652435302734
2012-06-01,40.61661911010742
2012-06-04,40.64950180053711
2012-06-05,40.9078369140625
2012-06-06,41.344688415527344
2012-06-07,41.49971008300781
2012-06-08,41.65940475463867
2012-06-11,41.386940002441406
2012-06-12,41.67818069458008
2012-06-13,41.55607223510742
2012-06-14,41.8660888671875
2012-06-15,41.94121551513672
2012-06-18,41.955326080322266
2012-06-19,42.2512321472168
2012-06-20,42.415653228759766
2012-06-21,42.06805419921875
2012-06-22,42.354583740234375
2012-06-25,42.288822174072266
2012-06-26,42.22776412963867
2012-06-27,42.48139953613281
2012-06-28,42.47671890258789
2012-06-29,42.88066482543945
2012-07-02,42.926963806152344
2012-07-03,43.082847595214844
2012-07-05,43.08756637573242
2012-07-06,43.03089904785156
2012-07-09,43.04506301879883
2012-07-10,42.85611343383789
2012-07-11,42.99310302734375
2012-07-12,42.898624420166016
2012-07-13,43.03089904785156
2012-07-16,42.86556625366211
2012-07-17,43.06869125366211
2012-07-18,43.24822235107422
2012-07-19,43.356849670410156
2012-07-20,43.153709411621094
2012-07-23,43.082847595214844
2012-07-24,42.818336486816406
2012-07-25,42.728572845458984
2012-07-26,43.16790771484375
2012-07-27,43.42295455932617
2012-07-30,43.42295455932617
2012-07-31,43.31907272338867
2012-08-01,43.55422592163086
2012-08-02,43.37843704223633
2012-08-03,43.5589714050293
2012-08-06,43.53047180175781
2012-08-07,43.44493865966797
2012-08-08,43.47343444824219
2012-08-09,43.47819519042969
2012-08-10,43.44017791748047
2012-08-13,43.46392059326172
2012-08-14,43.53047180175781
2012-08-15,43.32143783569336
2012-08-16,43.482933044433594
2012-08-17,43.482933044433594
2012-08-20,43.53520202636719
2012-08-21,43.63020706176758
2012-08-22,43.58743667602539
2012-08-23,43.57793426513672
2012-08-24,43.772701263427734
2012-08-27,43.73945236206055
2012-08-28,43.701416015625
2012-08-29,43.763206481933594
2012-08-30,43.74418258666992
2012-08-31,43.85820388793945
2012-09-04,43.85724639892578
2012-09-05,43.86202621459961
2012-09-06,44.11997604370117
2012-09-07,44.19635009765625
2012-09-10,44.124725341796875
2012-09-11,44.425636291503906
2012-09-12,44.55940246582031
2012-09-13,44.845943450927734
2012-09-14,44.84119415283203
2012-09-17,44.80298614501953
2012-09-18,44.822086334228516
2012-09-19,44.7647590637207
2012-09-20,44.55460739135742
2012-09-21,44.49253463745117
2012-09-24,44.435176849365234
2012-09-25,44.03877258300781
2012-09-26,43.819034576416016
2012-09-27,44.296695709228516
2012-09-28,44.08652114868164
2012-10-01,44.01210021972656
2012-10-02,44.122535705566406
2012-10-03,44.232975006103516
2012-10-04,44.42025375366211
2012-10-05,44.39619445800781
2012-10-08,44.33380889892578
2012-10-09,44.20896530151367
2012-10-10,44.10333251953125
2012-10-11,44.34341812133789
2012-10-12,44.42025375366211
2012-10-15,44.62192153930664
2012-10-16,44.78515625
2012-10-17,44.8859977722168
2012-10-18,44.861968994140625
2012-10-19,44.636295318603516
2012-10-22,44.64591979980469
2012-10-23,44.477848052978516
2012-10-24,44.439453125
2012-10-25,44.51145553588867
2012-10-26,44.40584182739258
2012-10-31,44.458641052246094
2012-11-01,44.434608459472656
2012-11-02,44.37221145629883
2012-11-05,44.30018997192383
2012-11-06,44.36743927001953
2012-11-07,44.10333251953125
2012-11-08,43.95929718017578
2012-11-09,43.882450103759766
2012-11-12,43.896846771240234
2012-11-13,43.79602813720703
2012-11-14,43.55595016479492
2012-11-15,43.5367317199707
2012-11-16,43.66156768798828
2012-11-19,44.213748931884766
2012-11-20,44.218544006347656
2012-11-21,44.20414352416992
2012-11-23,44.35302734375
2012-11-26,44.36260986328125
2012-11-27,44.40584182739258
2012-11-28,44.41542053222656
2012-11-29,44.61231994628906
2012-11-30,44.67951583862305
2012-12-03,44.9058952331543
2012-12-04,44.9058952331543
2012-12-05,44.97829055786133
2012-12-06,45.06036376953125
2012-12-07,44.992801666259766
2012-12-10,45.03143310546875
2012-12-11,45.07485580444336
2012-12-12,45.21001434326172
2012-12-13,45.050743103027344
2012-12-14,45.016944885253906
2012-12-17,45.19068908691406
2012-12-18,45.21485900878906
2012-12-19,45.166561126708984
2012-12-20,45.32584762573242
2012-12-21,45.19552230834961
2012-12-24,45.03143310546875
2012-12-26,45.140602111816406
2012-12-27,45.232810974121094
2012-12-28,45.11152648925781
2012-12-31,45.305625915527344
2013-01-02,45.732704162597656
2013-01-03,45.59199523925781
2013-01-04,45.6210823059082
2013-01-07,45.659915924072266
2013-01-08,45.62593078613281
2013-01-09,45.71330642700195
2013-01-10,45.790950775146484
2013-01-11,45.873443603515625
2013-01-14,45.810401916503906
2013-01-15,45.820072174072266
2013-01-16,45.742435455322266
2013-01-17,45.907440185546875
2013-01-18,45.970516204833984
2013-01-22,45.99964141845703
2013-01-23,45.946258544921875
2013-01-24,46.04819869995117
2013-01-25,46.033626556396484
2013-01-28,46.00931930541992
2013-01-29,45.93170166015625
2013-01-30,45.601707458496094
2013-01-31,45.4609375
2013-02-01,45.6116828918457
2013-02-04,45.42143249511719
2013-02-05,45.52388381958008
2013-02-06,45.455562591552734
2013-02-07,45.36774826049805
2013-02-08,45.37751770019531
2013-02-11,45.37262725830078
2013-02-12,45.52876663208008
2013-02-13,45.597049713134766
2013-02-14,45.57755661010742
2013-02-15,45.58242416381836
2013-02-19,45.62632751464844
2013-02-20,45.58242416381836
2013-02-21,45.63121032714844
2013-02-22,45.74348449707031
2013-02-25,45.601959228515625
2013-02-26,45.82638168334961
2013-02-27,45.90445327758789
2013-02-28,45.884979248046875
2013-03-01,45.97618865966797
2013-03-04,45.9810905456543
2013-03-05,46.074283599853516
2013-03-06,46.04486083984375
2013-03-07,46.11353302001953
2013-03-08,46.16752243041992
2013-03-11,46.13808059692383
2013-03-12,46.11848068237305
2013-03-13,46.12826919555664
2013-03-14,46.30487060546875
2013-03-15,46.299983978271484
2013-03-18,46.30976486206055
2013-03-19,46.23128890991211
2013-03-20,46.38336944580078
2013-03-21,46.299983978271484
2013-03-22,46.26561737060547
2013-03-25,46.19696807861328
2013-03-26,46.28034591674805
2013-03-27,46.20186233520508
2013-03-28,46.285255432128906
2013-04-01,46.36809539794922
2013-04-02,46.333553314208984
2013-04-03,46.333553314208984
2013-04-04,46.31877899169922
2013-04-05,46.3631477355957
2013-04-08,46.4124870300293
2013-04-09,46.5604248046875
2013-04-10,46.708343505859375
2013-04-11,46.708343505859375
2013-04-12,46.72315216064453
2013-04-15,46.427268981933594
2013-04-16,46.74781036376953
2013-04-17,46.67384338378906
2013-04-18,46.5998649597168
2013-04-19,46.57521057128906
2013-04-22,46.68369674682617
2013-04-23,46.866153717041016
2013-04-24,46.94999694824219
2013-04-25,47.07819366455078
2013-04-26,47.02888488769531
2013-04-29,47.117637634277344
2013-04-30,47.26559066772461
2013-05-01,47.175392150878906
2013-05-02,47.477657318115234
2013-05-03,47.552005767822266
2013-05-06,47.58171463012695
2013-05-07,47.547027587890625
2013-05-08,47.71552658081055
2013-05-09,47.576759338378906
2013-05-10,47.32898712158203
2013-05-13,47.13574981689453
2013-05-14,47.18528747558594
2013-05-15,47.190250396728516
2013-05-16,47.304222106933594
2013-05-17,47.304222106933594
2013-05-20,47.353782653808594
2013-05-21,47.44295883178711
2013-05-22,47.15061569213867
2013-05-23,47.02175521850586
2013-05-24,46.93254470825195
2013-05-28,46.75913619995117
2013-05-29,46.570804595947266
2013-05-30,46.665000915527344
2013-05-31,46.045562744140625
2013-06-03,46.005210876464844
2013-06-04,46.005210876464844
2013-06-05,45.606693267822266
2013-06-06,45.96535873413086
2013-06-07,45.995269775390625
2013-06-10,45.90060806274414
2013-06-11,45.61669158935547
2013-06-12,45.65155029296875
2013-06-13,46.17457580566406
2013-06-14,46.22932052612305
2013-06-17,46.224369049072266
2013-06-18,46.338958740234375
2013-06-19,45.646568298339844
2013-06-20,45.198272705078125
2013-06-21,44.90440368652344
2013-06-24,44.35148239135742
2013-06-25,44.98408126831055
2013-06-26,45.3576774597168
2013-06-27,45.57682418823242
2013-06-28,45.26799011230469
2013-07-01,45.51340103149414
2013-07-02,45.373172760009766
2013-07-03,45.478336334228516
2013-07-05,44.992576599121094
2013-07-08,45.613502502441406
2013-07-09,45.638572692871094
2013-07-10,45.81882095336914
2013-07-11,46.39470291137695
2013-07-12,46.34962844848633
2013-07-15,46.544921875
2013-07-16,46.42975997924805
2013-07-17,46.77027893066406
2013-07-18,47.05071258544922
2013-07-19,47.02063751220703
2013-07-22,47.05569839477539
2013-07-23,46.94051742553711
2013-07-24,46.544921875
2013-07-25,46.439754486083984
2013-07-26,46.45979690551758
2013-07-29,46.35963439941406
2013-07-30,46.424739837646484
2013-07-31,46.55997085571289
2013-08-01,46.11863327026367
2013-08-02,46.400455474853516
2013-08-05,46.16393280029297
2013-08-06,46.11863327026367
2013-08-07,45.97270965576172
2013-08-08,46.07332992553711
2013-08-09,46.07841110229492
2013-08-12,46.038124084472656
2013-08-13,46.038124084472656
2013-08-14,45.94752883911133
2013-08-15,45.711021423339844
2013-08-16,45.55504608154297
2013-08-19,45.25313186645508
2013-08-20,45.67079544067383
2013-08-21,45.50471496582031
2013-08-22,45.75129699707031
2013-08-23,45.9425048828125
2013-08-26,45.94752883911133
2013-08-27,45.65064239501953
2013-08-28,45.82175827026367
2013-08-29,46.00794982910156
2013-08-30,45.96768569946289
2013-09-03,45.72486877441406
2013-09-04,45.8968620300293
2013-09-05,45.66416549682617
2013-09-06,45.81589126586914
2013-09-09,45.93226623535156
2013-09-10,46.09413146972656
2013-09-11,46.154842376708984
2013-09-12,46.099220275878906
2013-09-13,46.06379699707031
2013-09-16,46.31672286987305
2013-09-17,46.468482971191406
2013-09-18,46.91365051269531
2013-09-19,46.777061462402344
2013-09-20,46.72142791748047
2013-09-23,46.71637725830078
2013-09-24,46.61520767211914
2013-09-25,46.534263610839844
2013-09-26,46.50894546508789
2013-09-27,46.4583625793457
2013-09-30,46.32685089111328
2013-10-01,46.52764892578125
2013-10-02,46.547977447509766
2013-10-03,46.57847213745117
2013-10-04,46.65983200073242
2013-10-07,46.53779220581055
2013-10-08,46.517452239990234
2013-10-09,46.558128356933594
2013-10-10,46.77164077758789
2013-10-11,46.85802459716797
2013-10-14,46.9292106628418
2013-10-15,46.91395568847656
2013-10-16,47.16307067871094
2013-10-17,47.39179611206055
2013-10-18,47.48836135864258
2013-10-21,47.381649017333984
2013-10-22,47.52397918701172
2013-10-23,47.56464385986328
2013-10-24,47.579872131347656
2013-10-25,47.595130920410156
2013-10-28,47.584957122802734
2013-10-29,47.66122055053711
2013-10-30,47.468048095703125
2013-10-31,47.49347686767578
2013-11-01,47.41172790527344
2013-11-04,47.49345397949219
2013-11-05,47.365760803222656
2013-11-06,47.50368118286133
2013-11-07,47.534332275390625
2013-11-08,47.45260238647461
2013-11-11,47.27381134033203
2013-11-12,47.207401275634766
2013-11-13,47.386192321777344
2013-11-14,47.52409362792969
2013-11-15,47.59563064575195
2013-11-18,47.45769119262695
2013-11-19,47.43727493286133
2013-11-20,47.391319274902344
2013-11-21,47.554779052734375
2013-11-22,47.590511322021484
2013-11-25,47.66203689575195
2013-11-26,47.69778823852539
2013-11-27,47.66709518432617
2013-11-29,47.71819305419922
2013-12-02,47.733619689941406
2013-12-03,47.68739700317383
2013-12-04,47.56424331665039
2013-12-05,47.52831268310547
2013-12-06,47.66178894042969
2013-12-09,47.83626174926758
2013-12-10,47.83626174926758
2013-12-11,47.69253158569336
2013-12-12,47.60528564453125
2013-12-13,47.68228530883789
2013-12-16,47.723331451416016
2013-12-17,47.728485107421875
2013-12-18,47.81061553955078
2013-12-19,47.75925827026367
2013-12-20,47.79003143310547
2013-12-23,47.82600402832031
2013-12-24,47.800315856933594
2013-12-26,47.84520721435547
2013-12-27,47.840065002441406
2013-12-30,47.881309509277344
2013-12-31,47.912261962890625
2014-01-02,47.99480056762695
2014-01-03,47.97934341430664
2014-01-06,48.08251953125
2014-01-07,48.08251953125
2014-01-08,48.05155563354492
2014-01-09,48.12377166748047
2014-01-10,48.268218994140625
2014-01-13,48.21664047241211
2014-01-14,48.288822174072266
2014-01-15,48.386871337890625
2014-01-16,48.36621856689453
2014-01-17,48.376529693603516
2014-01-21,48.438446044921875
2014-01-22,48.36621856689453
2014-01-23,48.304325103759766
2014-01-24,47.984493255615234
2014-01-27,47.969024658203125
2014-01-28,48.18052291870117
2014-01-29,48.03605651855469
2014-01-30,48.11859893798828
2014-01-31,48.1031379699707
2014-02-03,47.959014892578125
2014-02-04,48.01604461669922
2014-02-05,48.01604461669922
2014-02-06,48.18711471557617
2014-02-07,48.43075180053711
2014-02-10,48.46188735961914
2014-02-11,48.544830322265625
2014-02-12,48.46708679199219
2014-02-13,48.6070442199707
2014-02-14,48.68484115600586
2014-02-18,48.75221633911133
2014-02-19,48.627784729003906
2014-02-20,48.77812957763672
2014-02-21,48.819576263427734
2014-02-24,48.92847442626953
2014-02-25,48.98548889160156
2014-02-26,49.068443298339844
2014-02-27,49.1617317199707
2014-02-28,49.21358871459961
2014-03-03,49.16828155517578
2014-03-04,49.34541702270508
2014-03-05,49.2568473815918
2014-03-06,49.183902740478516
2014-03-07,48.99635696411133
2014-03-10,49.001564025878906
2014-03-11,48.949462890625
2014-03-12,49.03280258178711
2014-03-13,48.90259552001953
2014-03-14,48.86611557006836
2014-03-17,48.933837890625
2014-03-18,49.079708099365234
2014-03-19,48.829647064208984
2014-03-20,48.99635696411133
2014-03-21,48.96508026123047
2014-03-24,48.980735778808594
2014-03-25,49.079708099365234
2014-03-26,49.090110778808594
2014-03-27,49.0172004699707
2014-03-28,49.10053634643555
2014-03-31,49.173439025878906
2014-04-01,49.26506423950195
2014-04-02,49.212745666503906
2014-04-03,49.23367691040039
2014-04-04,49.348819732666016
2014-04-07,49.2441520690918
2014-04-08,49.35930633544922
2014-04-09,49.43778610229492
2014-04-10,49.29645919799805
2014-04-11,49.08709716796875
2014-04-14,49.2441520690918
2014-04-15,49.29645919799805
2014-04-16,49.32262420654297
2014-04-17,49.26506423950195
2014-04-21,49.26506423950195
2014-04-22,49.317420959472656
2014-04-23,49.3331298828125
2014-04-24,49.34357833862305
2014-04-25,49.327877044677734
2014-04-28,49.317420959472656
2014-04-29,49.39069366455078
2014-04-30,49.3802604675293
2014-05-01,49.329219818115234
2014-05-02,49.44490432739258
2014-05-05,49.423885345458984
2014-05-06,49.43440628051758
2014-05-07,49.50798797607422
2014-05-08,49.49747085571289
2014-05-09,49.54477310180664
2014-05-12,49.59738540649414
2014-05-13,49.67624282836914
2014-05-14,49.70253372192383
2014-05-15,49.655208587646484
2014-05-16,49.755096435546875
2014-05-19,49.828739166259766
2014-05-20,49.765628814697266
2014-05-21,49.76035690307617
2014-05-22,49.797183990478516
2014-05-23,49.81294250488281
2014-05-27,49.860252380371094
2014-05-28,49.87605285644531
2014-05-29,49.92334747314453
2014-05-30,49.97593307495117
2014-06-02,49.81695556640625
2014-06-03,49.82223129272461
2014-06-04,49.82223129272461
2014-06-05,49.9437255859375
2014-06-06,50.086326599121094
2014-06-09,50.14443588256836
2014-06-10,50.118011474609375
2014-06-11,50.123287200927734
2014-06-12,50.09158706665039
2014-06-13,50.149715423583984
2014-06-16,50.123287200927734
2014-06-17,50.086326599121094
2014-06-18,50.31344223022461
2014-06-19,50.302879333496094
2014-06-20,50.35040283203125
2014-06-23,50.34514617919922
2014-06-24,50.302879333496094
2014-06-25,50.37682342529297
2014-06-26,50.32400131225586
2014-06-27,50.32400131225586
2014-06-30,50.28176498413086
2014-07-01,50.29499435424805
2014-07-02,50.32685852050781
2014-07-03,50.252586364746094
2014-07-07,50.215457916259766
2014-07-08,50.22608947753906
2014-07-09,50.18894958496094
2014-07-10,50.03510665893555
2014-07-11,50.119991302490234
2014-07-14,50.10405349731445
2014-07-15,50.02448272705078
2014-07-16,49.944915771484375
2014-07-17,49.59477233886719
2014-07-18,49.80168914794922
2014-07-21,49.71677780151367
2014-07-22,49.78573226928711
2014-07-23,49.881221771240234
2014-07-24,49.97142791748047
2014-07-25,49.88652801513672
2014-07-28,49.73801803588867
2014-07-29,49.669044494628906
2014-07-30,49.46214294433594
2014-07-31,49.05897903442383
2014-08-01,49.05419921875
2014-08-04,49.35266876220703
2014-08-05,49.2567253112793
2014-08-06,49.37398147583008
2014-08-07,49.40595245361328
2014-08-08,49.56051254272461
2014-08-11,49.7950325012207
2014-08-12,49.78435516357422
2014-08-13,49.928279876708984
2014-08-14,50.024192810058594
2014-08-15,50.125457763671875
2014-08-18,50.269344329833984
2014-08-19,50.253360748291016
2014-08-20,50.29069519042969
2014-08-21,50.29069519042969
2014-08-22,50.16810607910156
2014-08-25,50.27468490600586
2014-08-26,50.31199645996094
2014-08-27,50.26401901245117
2014-08-28,50.189430236816406
2014-08-29,50.2266960144043
2014-09-02,50.285614013671875
2014-09-03,50.15713119506836
2014-09-04,49.991127014160156
2014-09-05,49.932247161865234
2014-09-08,49.88405990600586
2014-09-09,49.65382766723633
2014-09-10,49.675262451171875
2014-09-11,49.675262451171875
2014-09-12,49.61636734008789
2014-09-15,49.52532196044922
2014-09-16,49.6270866394043
2014-09-17,49.787654876708984
2014-09-18,49.80373764038086
2014-09-19,49.87871170043945
2014-09-22,49.787654876708984
2014-09-23,49.536041259765625
2014-09-24,49.3861198425293
2014-09-25,49.04880905151367
2014-09-26,49.0167236328125
2014-09-29,48.914981842041016
2014-09-30,49.23085403442383
2014-10-01,49.2851676940918
2014-10-02,49.38193893432617
2014-10-03,49.54863357543945
2014-10-06,49.60240936279297
2014-10-07,49.41422653198242
2014-10-08,49.65081024169922
2014-10-09,49.123870849609375
2014-10-10,48.72596740722656
2014-10-13,48.484031677246094
2014-10-14,48.645286560058594
2014-10-15,48.65605163574219
2014-10-16,48.930328369140625
2014-10-17,49.344303131103516
2014-10-20,49.699214935302734
2014-10-21,50.102481842041016
2014-10-22,49.77446746826172
2014-10-23,49.752967834472656
2014-10-24,49.89275360107422
2014-10-27,49.68842697143555
2014-10-28,49.76909255981445
2014-10-29,49.731449127197266
2014-10-30,49.70994567871094
2014-10-31,49.752967834472656
2014-11-03,49.85775375366211
2014-11-04,49.70112228393555
2014-11-05,49.69032287597656
2014-11-06,49.819915771484375
2014-11-07,49.86850357055664
2014-11-10,49.89015579223633
2014-11-11,50.0035514831543
2014-11-12,49.841548919677734
2014-11-13,49.636314392089844
2014-11-14,49.387882232666016
2014-11-17,49.382511138916016
2014-11-18,49.2852897644043
2014-11-19,49.274478912353516
2014-11-20,49.279869079589844
2014-11-21,49.5499153137207
2014-11-24,49.54449462890625
2014-11-25,49.62553024291992
2014-11-26,49.69032287597656
2014-11-28,49.215084075927734
2014-12-01,48.719749450683594
2014-12-02,48.985595703125
2014-12-03,49.06697463989258
2014-12-04,49.0344352722168
2014-12-05,48.996437072753906
2014-12-08,48.74687957763672
2014-12-09,48.719749450683594
2014-12-10,48.160945892333984
2014-12-11,47.98731231689453
2014-12-12,47.33626174926758
2014-12-15,47.309146881103516
2014-12-16,47.140933990478516
2014-12-17,48.101253509521484
2014-12-18,48.48645782470703
2014-12-19,48.95302963256836
2014-12-22,48.833683013916016
2014-12-23,49.00727462768555
2014-12-24,49.17402267456055
2014-12-26,49.02141189575195
2014-12-29,49.04868698120117
2014-12-30,48.950618743896484
2014-12-31,48.81985092163086
2015-01-02,48.81985092163086
2015-01-05,48.367618560791016
2015-01-06,48.182342529296875
2015-01-07,48.482017517089844
2015-01-08,48.84709930419922
2015-01-09,49.0922737121582
2015-01-12,49.032352447509766
2015-01-13,49.032352447509766
2015-01-14,48.91790771484375
2015-01-15,48.61823272705078
2015-01-16,48.803497314453125
2015-01-20,48.716339111328125
2015-01-21,48.9778938293457
2015-01-22,49.04323959350586
2015-01-23,49.04323959350586
2015-01-26,49.26664352416992
2015-01-27,49.228511810302734
2015-01-28,49.124961853027344
2015-01-29,49.29932403564453
2015-01-30,49.16310501098633
2015-02-02,49.35186767578125
2015-02-03,49.63087844848633
2015-02-04,49.42299270629883
2015-02-05,49.71294021606445
2015-02-06,49.751182556152344
2015-02-09,49.63087844848633
2015-02-10,49.800453186035156
2015-02-11,49.784034729003906
2015-02-12,49.77857971191406
2015-02-13,49.849708557128906
2015-02-17,49.81686782836914
2015-02-18,49.98648452758789
2015-02-19,49.87156295776367
2015-02-20,50.008365631103516
2015-02-23,50.04664611816406
2015-02-24,50.095848083496094
2015-02-25,50.26001739501953
2015-02-26,50.24905014038086
2015-02-27,50.26001739501953
2015-03-02,50.250640869140625
2015-03-03,50.1077880859375
2015-03-04,50.014404296875
2015-03-05,50.1077880859375
2015-03-06,49.78916931152344
2015-03-09,49.68476486206055
2015-03-10,49.49247360229492
2015-03-11,49.629783630371094
2015-03-12,49.72871398925781
2015-03-13,49.55837631225586
2015-03-16,49.50893783569336
2015-03-17,49.26169967651367
2015-03-18,49.70125198364258
2015-03-19,49.30564498901367
2015-03-20,49.69023895263672
2015-03-23,49.72871398925781
2015-03-24,49.80561065673828
2015-03-25,49.673770904541016
2015-03-26,49.66828918457031
2015-03-27,49.706729888916016
2015-03-30,49.84410858154297
2015-03-31,49.78365707397461
2015-04-01,49.886314392089844
2015-04-02,49.92494583129883
2015-04-06,50.05186080932617
2015-04-07,50.31679153442383
2015-04-08,50.30574035644531
2015-04-09,50.256065368652344
2015-04-10,50.37199020385742
2015-04-13,50.27812957763672
2015-04-14,50.30018615722656
2015-04-15,50.498931884765625
2015-04-16,50.39401626586914
2015-04-17,50.2395133972168
2015-04-20,50.34989547729492
2015-04-21,50.38301086425781
2015-04-22,50.33331298828125
2015-04-23,50.31679153442383
2015-04-24,50.39959716796875
2015-04-27,50.4161262512207
2015-04-28,50.33888626098633
2015-04-29,50.245033264160156
2015-04-30,50.21745681762695
2015-05-01,50.32941436767578
2015-05-04,50.318321228027344
2015-05-05,50.251792907714844
2015-05-06,50.10211944580078
2015-05-07,50.09659957885742
2015-05-08,50.49016189575195
2015-05-11,50.1742057800293
2015-05-12,50.16864776611328
2015-05-13,50.09659957885742
2015-05-14,50.34050750732422
2015-05-15,50.451385498046875
2015-05-18,50.368221282958984
2015-05-19,50.2906379699707
2015-05-20,50.22964859008789
2015-05-21,50.30168533325195
2015-05-22,50.34050750732422
2015-05-26,50.23519515991211
2015-05-27,50.34605407714844
2015-05-28,50.32388687133789
2015-05-29,50.395931243896484
2015-06-01,50.48057556152344
2015-06-02,50.38591766357422
2015-06-03,50.11308288574219
2015-06-04,49.951595306396484
2015-06-05,49.8012580871582
2015-06-08,49.8012580871582
2015-06-09,49.71773147583008
2015-06-10,49.78455352783203
2015-06-11,49.88479232788086
2015-06-12,49.70102310180664
2015-06-15,49.46715545654297
2015-06-16,49.745574951171875
2015-06-17,49.70102310180664
2015-06-18,49.88479232788086
2015-06-19,49.91262435913086
2015-06-22,50.012855529785156
2015-06-23,49.97944641113281
2015-06-24,49.84579086303711
2015-06-25,49.69548797607422
2015-06-26,49.55068588256836
2015-06-29,49.211029052734375
2015-06-30,49.444915771484375
2015-07-01,49.45329284667969
2015-07-02,49.63787841796875
2015-07-06,49.475650787353516
2015-07-07,49.51482009887695
2015-07-08,49.26870346069336
2015-07-09,49.380592346191406
2015-07-10,49.665836334228516
2015-07-13,49.71056365966797
2015-07-14,49.660240173339844
2015-07-15,49.660240173339844
2015-07-16,49.738548278808594
2015-07-17,49.60430145263672
2015-07-20,49.375
2015-07-21,49.2855224609375
2015-07-22,48.96669006347656
2015-07-23,48.938724517822266
2015-07-24,48.79889678955078
2015-07-27,48.59197235107422
2015-07-28,48.85480880737305
2015-07-29,49.14008331298828
2015-07-30,49.2855224609375
2015-07-31,49.20159149169922
2015-08-03,49.10946273803711
2015-08-04,49.13758850097656
2015-08-05,49.07014846801758
2015-08-06,48.867862701416016
2015-08-07,48.716190338134766
2015-08-10,48.856651306152344
2015-08-11,48.63193130493164
2015-08-12,48.56448745727539
2015-08-13,48.502689361572266
2015-08-14,48.53078842163086
2015-08-17,48.53078842163086
2015-08-18,48.4690055847168
2015-08-19,48.42401885986328
2015-08-20,48.18808364868164
2015-08-21,48.013893127441406
2015-08-24,47.620601654052734
2015-08-25,47.71615219116211
2015-08-26,48.11502456665039
2015-08-27,48.47462844848633
2015-08-28,48.5195426940918
2015-08-31,48.45212173461914
2015-09-01,48.29579544067383
2015-09-02,48.49332809448242
2015-09-03,48.561058044433594
2015-09-04,48.51027297973633
2015-09-08,48.77550506591797
2015-09-09,48.71337127685547
2015-09-10,48.83189010620117
2015-09-11,48.815006256103516
2015-09-14,48.730350494384766
2015-09-15,48.719058990478516
2015-09-16,48.544097900390625
2015-09-17,48.583621978759766
2015-09-18,48.448184967041016
2015-09-21,48.357879638671875
2015-09-22,48.007991790771484
2015-09-23,47.9233283996582
2015-09-24,47.686309814453125
2015-09-25,47.44366455078125
2015-09-28,46.71565628051758
2015-09-29,46.710025787353516
2015-09-30,47.00349426269531
2015-10-01,46.701805114746094
2015-10-02,46.74717330932617
2015-10-05,47.308563232421875
2015-10-06,47.56940841674805
2015-10-07,48.057044982910156
2015-10-08,48.25551223754883
2015-10-09,48.26121520996094
2015-10-12,48.170448303222656
2015-10-13,48.057044982910156
2015-10-14,48.02300262451172
2015-10-15,48.13644027709961
2015-10-16,48.35758590698242
2015-10-19,48.488014221191406
2015-10-20,48.53337478637695
2015-10-21,48.48234558105469
2015-10-22,48.49934768676758
2015-10-23,48.669464111328125
2015-10-26,48.61842346191406
2015-10-27,48.45964050292969
2015-10-28,48.590049743652344
2015-10-29,48.46531677246094
2015-10-30,48.522029876708984
2015-11-02,48.67243194580078
2015-11-03,48.72368240356445
2015-11-04,48.58124542236328
2015-11-05,48.3932991027832
2015-11-06,48.159698486328125
2015-11-09,47.96031188964844
2015-11-10,47.85210418701172
2015-11-11,47.7381477355957
2015-11-12,47.41914367675781
2015-11-13,47.28242111206055
2015-11-16,47.504608154296875
2015-11-17,47.538780212402344
2015-11-18,47.62992477416992
2015-11-19,47.20268249511719
2015-11-20,47.19129180908203
2015-11-23,47.15142059326172
2015-11-24,47.21406555175781
2015-11-25,47.26533126831055
2015-11-27,47.33940124511719
2015-11-30,47.3109245300293
2015-12-01,47.647499084472656
2015-12-02,47.55017852783203
2015-12-03,47.42422103881836
2015-12-04,47.31549072265625
2015-12-07,46.98348617553711
2015-12-08,46.399627685546875
2015-12-09,46.640071868896484
2015-12-10,46.445438385009766
2015-12-11,45.518104553222656
2015-12-14,45.1231575012207
2015-12-15,45.861568450927734
2015-12-16,46.21072769165039
2015-12-17,45.695556640625
2015-12-18,45.52383041381836
2015-12-21,45.3807487487793
2015-12-22,45.93025588989258
2015-12-23,46.22218704223633
2015-12-24,46.3165397644043
2015-12-28,46.04036331176758
2015-12-29,46.3050537109375
2015-12-30,46.339569091796875
2015-12-31,46.36833572387695
2016-01-04,46.09212875366211
2016-01-05,46.178443908691406
2016-01-06,46.178443908691406
2016-01-07,45.879215240478516
2016-01-08,45.75838088989258
2016-01-11,45.68935775756836
2016-01-12,45.73538589477539
2016-01-13,45.229000091552734
2016-01-14,45.43037796020508
2016-01-15,44.83195114135742
2016-01-19,44.676578521728516
2016-01-20,44.37734603881836
2016-01-21,44.676578521728516
2016-01-22,45.36132049560547
2016-01-25,44.91249465942383
2016-01-26,45.315311431884766
2016-01-27,45.246219635009766
2016-01-28,45.47643280029297
2016-01-29,45.626041412353516
2016-02-01,45.35483169555664
2016-02-02,45.03099822998047
2016-02-03,45.2507209777832
2016-02-04,45.106136322021484
2016-02-05,44.759185791015625
2016-02-08,44.238739013671875
2016-02-09,44.07102584838867
2016-02-10,44.00743103027344
2016-02-11,43.71249771118164
2016-02-12,44.36595916748047
2016-02-16,44.40642547607422
2016-02-17,44.77074432373047
2016-02-18,44.81123733520508
2016-02-19,44.89797592163086
2016-02-22,45.285438537597656
2016-02-23,45.19287872314453
2016-02-24,45.2680778503418
2016-02-25,45.51095962524414
2016-02-26,45.81745910644531
2016-02-29,46.3089714050293
2016-03-01,47.04087448120117
2016-03-02,46.72113800048828
2016-03-03,46.87809753417969
2016-03-04,47.01182174682617
2016-03-07,47.06995391845703
2016-03-08,46.73858642578125
2016-03-09,46.8548583984375
2016-03-10,47.180416107177734
2016-03-11,47.75008010864258
2016-03-14,47.61640167236328
2016-03-15,47.174591064453125
2016-03-16,47.48850631713867
2016-03-17,47.79079818725586
2016-03-18,47.9012451171875
2016-03-21,47.84893035888672
2016-03-22,47.721046447753906
2016-03-23,47.5001220703125
2016-03-24,47.29084777832031
2016-03-28,47.075767517089844
2016-03-29,47.25598907470703
2016-03-30,47.424564361572266
2016-03-31,47.48850631713867
2016-04-01,47.52294921875
2016-04-04,47.40614318847656
2016-04-05,47.230953216552734
2016-04-06,47.628089904785156
2016-04-07,47.394474029541016
2016-04-08,47.61056137084961
2016-04-11,47.6748046875
2016-04-12,47.95515060424805
2016-04-13,48.2705078125
2016-04-14,48.253013610839844
2016-04-15,48.17705154418945
2016-04-18,48.45158767700195
2016-04-19,48.65598678588867
2016-04-20,48.749420166015625
2016-04-21,48.597591400146484
2016-04-22,48.70854187011719
2016-04-25,48.52166748046875
2016-04-26,48.685184478759766
2016-04-27,48.97136688232422
2016-04-28,48.88961410522461
2016-04-29,48.97136688232422
2016-05-02,48.99016189575195
2016-05-03,48.67334747314453
2016-05-04,48.491432189941406
2016-05-05,48.45037841796875
2016-05-06,48.4210205078125
2016-05-09,48.33302307128906
2016-05-10,48.74372482299805
2016-05-11,48.70852279663086
2016-05-12,48.7847900390625
2016-05-13,48.567718505859375
2016-05-16,48.83758544921875
2016-05-17,48.73785400390625
2016-05-18,48.74372482299805
2016-05-19,48.60881042480469
2016-05-20,48.77894592285156
2016-05-23,48.79068374633789
2016-05-24,49.084049224853516
2016-05-25,49.16028594970703
2016-05-26,49.01948165893555
2016-05-27,49.10163116455078
2016-05-31,49.05469512939453
2016-06-01,49.13248825073242
2016-06-02,49.144283294677734
2016-06-03,49.23271942138672
2016-06-06,49.450843811035156
2016-06-07,49.66899108886719
2016-06-08,49.85763931274414
2016-06-09,49.6630859375
2016-06-10,49.421390533447266
2016-06-13,49.09122085571289
2016-06-14,48.92612838745117
2016-06-15,48.94974136352539
2016-06-16,48.97919464111328
2016-06-17,49.00870132446289
2016-06-20,49.29756164550781
2016-06-21,49.4862060546875
2016-06-22,49.53340148925781
2016-06-23,49.8989143371582
2016-06-24,49.07944869995117
2016-06-27,48.37197494506836
2016-06-28,48.97919464111328
2016-06-29,49.59824752807617
2016-06-30,49.93429946899414
2016-07-01,50.033199310302734
2016-07-05,49.74885559082031
2016-07-06,49.968021392822266
2016-07-07,50.033199310302734
2016-07-08,50.69659423828125
2016-07-11,50.72618865966797
2016-07-12,50.86835479736328
2016-07-13,50.72028732299805
2016-07-14,50.82097244262695
2016-07-15,50.72028732299805
2016-07-18,50.89204025268555
2016-07-19,50.75584411621094
2016-07-20,50.88612747192383
2016-07-21,50.815025329589844
2016-07-22,51.04014205932617
2016-07-25,50.797264099121094
2016-07-26,50.60182571411133
2016-07-27,50.75584411621094
2016-07-28,50.542572021484375
2016-07-29,50.589969635009766
2016-08-01,50.30615997314453
2016-08-02,50.234764099121094
2016-08-03,50.46084976196289
2016-08-04,50.78213119506836
2016-08-05,50.89518356323242
2016-08-08,51.10346221923828
2016-08-09,51.28194808959961
2016-08-10,51.18675231933594
2016-08-11,51.311683654785156
2016-08-12,51.353336334228516
2016-08-15,51.50802993774414
2016-08-16,51.40093994140625
2016-08-17,51.47235870361328
2016-08-18,51.67462158203125
2016-08-19,51.519954681396484
2016-08-22,51.436649322509766
2016-08-23,51.60916519165039
2016-08-24,51.46636962890625
2016-08-25,51.56159973144531
2016-08-26,51.50209426879883
2016-08-29,51.7579345703125
2016-08-30,51.78770065307617
2016-08-31,51.585357666015625
2016-09-01,51.68753433227539
2016-09-02,51.92658615112305
2016-09-06,51.98634719848633
2016-09-07,51.84293746948242
2016-09-08,51.74728775024414
2016-09-09,51.251319885253906
2016-09-12,51.430606842041016
2016-09-13,51.036231994628906
2016-09-14,51.0242805480957
2016-09-15,51.323055267333984
2016-09-16,51.33502197265625
2016-09-19,51.364871978759766
2016-09-20,51.30512237548828
2016-09-21,51.72936248779297
2016-09-22,51.902679443359375
2016-09-23,51.84293746948242
2016-09-26,51.61587905883789
2016-09-27,51.7652473449707
2016-09-28,52.11180877685547
2016-09-29,51.91462326049805
2016-09-30,52.14170455932617
2016-10-03,52.109291076660156
2016-10-04,52.019264221191406
2016-10-05,52.15731430053711
2016-10-06,52.18730926513672
2016-10-07,52.30736541748047
2016-10-10,52.457393646240234
2016-10-11,52.163326263427734
2016-10-12,52.14531326293945
2016-10-13,52.01327133178711
2016-10-14,52.13330841064453
2016-10-17,52.0612678527832
2016-10-18,52.27134704589844
2016-10-19,52.421390533447266
2016-10-20,52.427391052246094
2016-10-21,52.43937301635742
2016-10-24,52.46943283081055
2016-10-25,52.43937301635742
2016-10-26,52.22932052612305
2016-10-27,52.0372428894043
2016-10-28,51.785179138183594
2016-10-31,51.629127502441406
2016-11-01,51.42776870727539
2016-11-02,51.19866943359375
2016-11-03,51.21072006225586
2016-11-04,51.23484420776367
2016-11-07,51.952274322509766
2016-11-08,51.83772277832031
2016-11-09,51.475990295410156
2016-11-10,50.800758361816406
2016-11-11,50.32444763183594
2016-11-14,50.6982421875
2016-11-15,51.36748123168945
2016-11-16,51.16250991821289
2016-11-17,51.02381896972656
2016-11-18,51.02381896972656
2016-11-21,51.433773040771484
2016-11-22,51.8136100769043
2016-11-23,51.62067794799805
2016-11-25,51.687015533447266
2016-11-28,51.680999755859375
2016-11-29,51.614646911621094
2016-11-30,51.63874435424805
2016-12-01,51.39717483520508
2016-12-02,51.70600509643555
2016-12-05,51.8392333984375
2016-12-06,52.09965133666992
2016-12-07,52.36005401611328
2016-12-08,52.35399627685547
2016-12-09,52.37822341918945
2016-12-12,52.3055534362793
2016-12-13,52.432708740234375
2016-12-14,52.039066314697266
2016-12-15,52.06325912475586
2016-12-16,52.11174774169922
2016-12-19,52.244991302490234
2016-12-20,52.31764221191406
2016-12-21,52.40850067138672
2016-12-22,52.521507263183594
2016-12-23,52.61870193481445
2016-12-27,52.57011795043945
2016-12-28,52.49720001220703
2016-12-29,52.57011795043945
2016-12-30,52.588375091552734
2017-01-03,52.80710220336914
2017-01-04,53.092628479003906
2017-01-05,53.01367950439453
2017-01-06,53.00151824951172
2017-01-09,52.98933410644531
2017-01-10,52.99544143676758
2017-01-11,53.025814056396484
2017-01-12,53.03795623779297
2017-01-13,53.05619812011719
2017-01-17,53.00151824951172
2017-01-18,53.05011749267578
2017-01-19,52.87998580932617
2017-01-20,52.98328399658203
2017-01-23,52.98328399658203
2017-01-24,53.01971435546875
2017-01-25,53.20810317993164
2017-01-26,53.18381118774414
2017-01-27,53.2324104309082
2017-01-30,53.12302017211914
2017-01-31,53.06835174560547
2017-02-01,53.264862060546875
2017-02-02,53.29540252685547
2017-02-03,53.386932373046875
2017-02-06,53.350318908691406
2017-02-07,53.27094650268555
2017-02-08,53.307579040527344
2017-02-09,53.380794525146484
2017-02-10,53.41744613647461
2017-02-13,53.49678039550781
2017-02-14,53.533382415771484
2017-02-15,53.55167770385742
2017-02-16,53.508975982666016
2017-02-17,53.56388473510742
2017-02-21,53.7408561706543
2017-02-22,53.76530456542969
2017-02-23,53.81413269042969
2017-02-24,53.856842041015625
2017-02-27,53.92399978637695
2017-02-28,53.8812370300293
2017-03-01,54.07981491088867
2017-03-02,53.908203125
2017-03-03,53.93274688720703
2017-03-06,53.76108932495117
2017-03-07,53.411720275878906
2017-03-08,53.05621337890625
2017-03-09,52.915252685546875
2017-03-10,52.89684295654297
2017-03-13,52.93977737426758
2017-03-14,52.780399322509766
2017-03-15,53.509788513183594
2017-03-16,53.35658264160156
2017-03-17,53.374942779541016
2017-03-20,53.2707633972168
2017-03-21,52.890708923339844
2017-03-22,53.019412994384766
2017-03-23,53.03783416748047
2017-03-24,53.22169494628906
2017-03-27,53.166534423828125
2017-03-28,53.46077346801758
2017-03-29,53.57109069824219
2017-03-30,53.8223991394043
2017-03-31,53.80403518676758
2017-04-03,53.77507781982422
2017-04-04,53.79352569580078
2017-04-05,53.75043869018555
2017-04-06,53.81817626953125
2017-04-07,53.79352569580078
2017-04-10,53.867431640625
2017-04-11,53.76274871826172
2017-04-12,53.79971694946289
2017-04-13,53.68887710571289
2017-04-17,53.848941802978516
2017-04-18,53.83666229248047
2017-04-19,53.78738784790039
2017-04-20,53.96588897705078
2017-04-21,53.92280960083008
2017-04-24,54.17518615722656
2017-04-25,54.2736930847168
2017-04-26,54.22442626953125
2017-04-27,54.26136016845703
2017-04-28,54.24291229248047
2017-05-01,54.27072525024414
2017-05-02,54.289276123046875
2017-05-03,54.3387451171875
2017-05-04,54.04818344116211
2017-05-05,54.140892028808594
2017-05-08,54.20271682739258
2017-05-09,54.16560745239258
2017-05-10,54.40055847167969
2017-05-11,54.40671920776367
2017-05-12,54.388179779052734
2017-05-15,54.51179122924805
2017-05-16,54.592185974121094
2017-05-17,54.35107421875
2017-05-18,54.41290283203125
2017-05-19,54.51179122924805
2017-05-22,54.678707122802734
2017-05-23,54.672550201416016
2017-05-24,54.765262603759766
2017-05-25,54.72199630737305
2017-05-26,54.75291061401367
2017-05-30,54.80854415893555
2017-05-31,54.80237579345703
2017-06-01,54.96193313598633
2017-06-02,54.99295425415039
2017-06-05,54.943321228027344
2017-06-06,54.85639190673828
2017-06-07,54.74461364746094
2017-06-08,54.7880973815918
2017-06-09,54.83152389526367
2017-06-12,54.9246826171875
2017-06-13,55.02399826049805
2017-06-14,55.03019714355469
2017-06-15,54.81913375854492
2017-06-16,54.72599411010742
2017-06-19,54.89363098144531
2017-06-20,54.701194763183594
2017-06-21,54.38454055786133
2017-06-22,54.533531188964844
2017-06-23,54.75706481933594
2017-06-26,54.83152389526367
2017-06-27,54.6577033996582
2017-06-28,54.88121795654297
2017-06-29,54.74461364746094
2017-06-30,54.8749885559082
2017-07-03,54.848175048828125
2017-07-05,54.804561614990234
2017-07-06,54.6673698425293
2017-07-07,54.61749267578125
2017-07-10,54.6798210144043
2017-07-11,54.64242172241211
2017-07-12,54.9978141784668
2017-07-13,55.041481018066406
2017-07-14,55.197357177734375
2017-07-17,55.21607971191406
2017-07-18,55.240989685058594
2017-07-19,55.334537506103516
2017-07-20,55.36567306518555
2017-07-21,55.32204818725586
2017-07-24,55.36567306518555
2017-07-25,55.3906135559082
2017-07-26,55.47165298461914
2017-07-27,55.428035736083984
2017-07-28,55.43425369262695
2017-07-31,55.43425369262695
2017-08-01,55.4893798828125
2017-08-02,55.50185775756836
2017-08-03,55.395450592041016
2017-08-04,55.40797424316406
2017-08-07,55.382930755615234
2017-08-08,55.14502716064453
2017-08-09,54.93210983276367
2017-08-10,54.58154296875
2017-08-11,54.67549133300781
2017-08-14,54.963470458984375
2017-08-15,54.98223114013672
2017-08-16,54.98850631713867
2017-08-17,54.681697845458984
2017-08-18,54.76311492919922
2017-08-21,54.819461822509766
2017-08-22,55.04482650756836
2017-08-23,55.051109313964844
2017-08-24,55.132503509521484
2017-08-25,55.2326545715332
2017-08-28,55.238948822021484
2017-08-29,55.17005920410156
2017-08-30,55.3203125
2017-08-31,55.470577239990234
2017-09-01,55.52715301513672
2017-09-05,55.401432037353516
2017-09-06,55.36372375488281
2017-09-07,55.36998748779297
2017-09-08,55.1939697265625
2017-09-11,55.36998748779297
2017-09-12,55.439144134521484
2017-09-13,55.45798873901367
2017-09-14,55.533451080322266
2017-09-15,55.58376693725586
2017-09-18,55.5586051940918
2017-09-19,55.61516571044922
2017-09-20,55.60888671875
2017-09-21,55.53973388671875
2017-09-22,55.596343994140625
2017-09-25,55.62775802612305
2017-09-26,55.696922302246094
2017-09-27,55.7220573425293
2017-09-28,55.7220573425293
2017-09-29,55.80381393432617
2017-10-02,55.7754020690918
2017-10-03,55.87639617919922
2017-10-04,55.81955337524414
2017-10-05,55.889015197753906
2017-10-06,55.80694580078125
2017-10-09,55.81326675415039
2017-10-10,55.85745620727539
2017-10-11,55.80064392089844
2017-10-12,55.73748779296875
2017-10-13,55.76276779174805
2017-10-16,55.794307708740234
2017-10-17,55.87639617919922
2017-10-18,55.93320083618164
2017-10-19,55.93949508666992
2017-10-20,55.99003601074219
2017-10-23,55.92686462402344
2017-10-24,55.92686462402344
2017-10-25,55.76908493041992
2017-10-26,55.69963455200195
2017-10-27,55.85112380981445
2017-10-30,55.83848190307617
2017-10-31,55.85112380981445
2017-11-01,55.79790496826172
2017-11-02,55.76619338989258
2017-11-03,55.77253341674805
2017-11-06,55.778873443603516
2017-11-07,55.62037658691406
2017-11-08,55.373104095458984
2017-11-09,55.1005859375
2017-11-10,55.22102355957031
2017-11-13,55.18297576904297
2017-11-14,54.94843673706055
2017-11-15,54.94843673706055
2017-11-16,55.487266540527344
2017-11-17,55.44923782348633
2017-11-20,55.46190643310547
2017-11-21,55.576026916503906
2017-11-22,55.664756774902344
2017-11-24,55.702789306640625
2017-11-27,55.531620025634766
2017-11-28,55.702789306640625
2017-11-29,55.633087158203125
2017-11-30,55.645751953125
2017-12-01,55.6279182434082
2017-12-04,55.60881805419922
2017-12-05,55.57698059082031
2017-12-06,55.52605056762695
2017-12-07,55.551513671875
2017-12-08,55.60881805419922
2017-12-11,55.62154006958008
2017-12-12,55.596099853515625
2017-12-13,55.6279182434082
2017-12-14,55.5133056640625
2017-12-15,55.519710540771484
2017-12-18,55.57698059082031
2017-12-19,55.46240234375
2017-12-20,55.506988525390625
2017-12-21,55.56513214111328
2017-12-22,55.61629104614258
2017-12-26,55.699363708496094
2017-12-27,55.724937438964844
2017-12-28,55.699363708496094
2017-12-29,55.78247833251953
2018-01-02,55.8336181640625
2018-01-03,56.10211944580078
2018-01-04,56.197994232177734
2018-01-05,56.23638153076172
2018-01-08,56.19163131713867
2018-01-09,56.0190315246582
2018-01-10,55.89756774902344
2018-01-11,56.08293914794922
2018-01-12,55.98704147338867
2018-01-16,55.955081939697266
2018-01-17,55.96148681640625
2018-01-18,55.903953552246094
2018-01-19,55.96148681640625
2018-01-22,56.012638092041016
2018-01-23,56.17882537841797
2018-01-24,56.09574890136719
2018-01-25,56.057373046875
2018-01-26,56.10211944580078
2018-01-29,55.903953552246094
2018-01-30,55.7121696472168
2018-01-31,55.808048248291016
2018-02-01,55.7027702331543
2018-02-02,55.349708557128906
2018-02-05,55.04155349731445
2018-02-06,55.37538528442383
2018-02-07,55.169952392578125
2018-02-08,54.68849563598633
2018-02-09,54.5344352722168
2018-02-12,54.90674591064453
2018-02-13,54.733436584472656
2018-02-14,54.82971954345703
2018-02-15,55.27265930175781
2018-02-16,55.497371673583984
2018-02-20,55.30476760864258
2018-02-21,55.05438995361328
2018-02-22,55.09294128417969
2018-02-23,55.458831787109375
2018-02-26,55.555145263671875
2018-02-27,55.40748596191406
2018-02-28,55.324039459228516
2018-03-01,54.957298278808594
2018-03-02,55.266658782958984
2018-03-05,55.266658782958984
2018-03-06,55.343997955322266
2018-03-07,55.208683013916016
2018-03-08,55.273109436035156
2018-03-09,55.472896575927734
2018-03-12,55.382667541503906
2018-03-13,55.208683013916016
2018-03-14,55.144229888916016
2018-03-15,55.182857513427734
2018-03-16,55.29891586303711
2018-03-19,55.07331085205078
2018-03-20,55.182857513427734
2018-03-21,55.202213287353516
2018-03-22,54.87351608276367
2018-03-23,54.73170471191406
2018-03-26,55.086181640625
2018-03-27,55.03465270996094
2018-03-28,55.00885009765625
2018-03-29,55.19578552246094
2018-04-02,54.981563568115234
2018-04-03,55.13685607910156
2018-04-04,55.25983428955078
2018-04-05,55.305118560791016
2018-04-06,55.182159423828125
2018-04-09,55.38924789428711
2018-04-10,55.589866638183594
2018-04-11,55.60928726196289
2018-04-12,55.80988693237305
2018-04-13,55.84226608276367
2018-04-16,55.9263916015625
2018-04-17,55.95228958129883
2018-04-18,55.89402389526367
2018-04-19,55.71929931640625
2018-04-20,55.58341598510742
2018-04-23,55.43458938598633
2018-04-24,55.32453918457031
2018-04-25,55.33100891113281
2018-04-26,55.52519607543945
2018-04-27,55.49927520751953
2018-04-30,55.46043395996094
2018-05-01,55.50138854980469
2018-05-02,55.481910705566406
2018-05-03,55.47536087036133
2018-05-04,55.5143928527832
2018-05-07,55.5663948059082
2018-05-08,55.481910705566406
2018-05-09,55.5728759765625
2018-05-10,55.7353630065918
2018-05-11,55.715858459472656
2018-05-14,55.72885513305664
2018-05-15,55.45586395263672
2018-05-16,55.52738571166992
2018-05-17,55.559879302978516
2018-05-18,55.50138854980469
2018-05-21,55.579383850097656
2018-05-22,55.61839294433594
2018-05-23,55.663856506347656
2018-05-24,55.69636917114258
2018-05-25,55.60536575317383
2018-05-29,55.37138748168945
2018-05-30,55.540374755859375
2018-05-31,55.48841094970703
2018-06-01,55.615047454833984
2018-06-04,55.7325553894043
2018-06-05,55.79782485961914
2018-06-06,55.9349479675293
2018-06-07,55.95451354980469
2018-06-08,55.921875
2018-06-11,56.026329040527344
2018-06-12,56.0720100402832
2018-06-13,56.091609954833984
2018-06-14,56.25481033325195
2018-06-15,56.2221794128418
2018-06-18,56.21564483642578
2018-06-19,56.13732147216797
2018-06-20,56.19607925415039
2018-06-21,56.07855987548828
2018-06-22,56.08506393432617
2018-06-25,55.95451354980469
2018-06-26,55.947975158691406
2018-06-27,55.830474853515625
2018-06-28,55.67378616333008
2018-06-29,55.54322814941406
2018-07-02,55.59632873535156
2018-07-03,55.602909088134766
2018-07-05,55.812747955322266
2018-07-06,55.95701217651367
2018-07-09,56.042274475097656
2018-07-10,56.04882049560547
2018-07-11,55.96355056762695
2018-07-12,56.14064407348633
2018-07-13,56.14064407348633
2018-07-16,56.10132598876953
2018-07-17,56.12096405029297
2018-07-18,56.14717102050781
2018-07-19,56.12096405029297
2018-07-20,56.14717102050781
2018-07-23,56.12749481201172
2018-07-24,56.24554443359375
2018-07-25,56.350502014160156
2018-07-26,56.3570556640625
2018-07-27,56.33735275268555
2018-07-30,56.3570556640625
2018-07-31,56.47508239746094
2018-08-01,56.52578353881836
2018-08-02,56.55870056152344
2018-08-03,56.60480880737305
2018-08-06,56.71018981933594
2018-08-07,56.736549377441406
2018-08-08,56.70361328125
2018-08-09,56.66407012939453
2018-08-10,56.5653190612793
2018-08-13,56.52578353881836
2018-08-14,56.62456512451172
2018-08-15,56.52578353881836
2018-08-16,56.59823989868164
2018-08-17,56.66407012939453
2018-08-20,56.69044876098633
2018-08-21,56.776058197021484
2018-08-22,56.795780181884766
2018-08-23,56.78921890258789
2018-08-24,56.88804244995117
2018-08-27,56.907752990722656
2018-08-28,56.88143539428711
2018-08-29,56.84850311279297
2018-08-30,56.80241394042969
2018-08-31,56.87484359741211
2018-09-04,56.756431579589844
2018-09-05,56.69691848754883
2018-09-06,56.743202209472656
2018-09-07,56.68367004394531
2018-09-10,56.796138763427734
2018-09-11,56.809329986572266
2018-09-12,56.941646575927734
2018-09-13,57.047447204589844
2018-09-14,57.1003532409668
2018-09-17,57.06068801879883
2018-09-18,57.05409622192383
2018-09-19,56.94826889038086
2018-09-20,57.027618408203125
2018-09-21,57.040836334228516
2018-09-24,57.014400482177734
2018-09-25,56.96810531616211
2018-09-26,57.027618408203125
2018-09-27,57.13343048095703
2018-09-28,57.17316818237305
2018-10-01,57.33857345581055
2018-10-02,57.29207229614258
2018-10-03,57.139286041259766
2018-10-04,56.926639556884766
2018-10-05,56.67417526245117
2018-10-08,56.547908782958984
2018-10-09,56.63430404663086
2018-10-10,56.22900390625
2018-10-11,56.27550506591797
2018-10-12,56.57448959350586
2018-10-15,56.53466033935547
2018-10-16,56.72731399536133
2018-10-17,56.6143798828125
2018-10-18,56.37518310546875
2018-10-19,56.40840148925781
2018-10-22,56.43498229980469
2018-10-23,56.3818244934082
2018-10-24,56.10276794433594
2018-10-25,56.215728759765625
2018-10-26,55.963253021240234
2018-10-29,55.91008758544922
2018-10-30,56.042964935302734
2018-10-31,56.042964935302734
2018-11-01,56.30002212524414
2018-11-02,56.266639709472656
2018-11-05,56.31340789794922
2018-11-06,56.460269927978516
2018-11-07,56.787445068359375
2018-11-08,56.64722442626953
2018-11-09,56.326778411865234
2018-11-12,55.97954559326172
2018-11-13,55.8860969543457
2018-11-14,55.77926254272461
2018-11-15,55.765899658203125
2018-11-16,55.598941802978516
2018-11-19,55.42537307739258
2018-11-20,55.251739501953125
2018-11-21,55.532203674316406
2018-11-23,55.22506332397461
2018-11-26,55.485443115234375
2018-11-27,55.45875549316406
2018-11-28,55.91946792602539
2018-11-29,55.93280029296875
2018-11-30,55.819313049316406
2018-12-03,56.20561981201172
2018-12-04,55.85688018798828
2018-12-06,55.66232681274414
2018-12-07,55.55502700805664
2018-12-10,55.59528350830078
2018-12-11,55.695892333984375
2018-12-12,55.87700271606445
2018-12-13,56.011112213134766
2018-12-14,55.776390075683594
2018-12-17,55.41416931152344
2018-12-18,55.313758850097656
2018-12-19,54.81507873535156
2018-12-20,54.33662414550781
2018-12-21,54.067039489746094
2018-12-24,53.66269302368164
2018-12-26,54.56574249267578
2018-12-27,54.53203582763672
2018-12-28,54.61290740966797
2018-12-31,54.65335464477539
2019-01-02,54.5792121887207
2019-01-03,54.60616683959961
2019-01-04,55.52268600463867
2019-01-07,56.061805725097656
2019-01-08,56.425724029541016
2019-01-09,56.493125915527344
2019-01-10,56.715476989746094
2019-01-11,56.533531188964844
2019-01-14,56.3515625
2019-01-15,56.540279388427734
2019-01-16,56.62788009643555
2019-01-17,56.782901763916016
2019-01-18,56.94464874267578
2019-01-22,56.56721496582031
2019-01-23,56.681800842285156
2019-01-24,56.74244689941406
2019-01-25,56.883949279785156
2019-01-28,56.796356201171875
2019-01-29,56.76268005371094
2019-01-30,57.214168548583984
2019-01-31,57.355690002441406
2019-02-01,57.32792282104492
2019-02-04,57.463321685791016
2019-02-05,57.66646194458008
2019-02-06,57.61229705810547
2019-02-07,57.415958404541016
2019-02-08,57.40241241455078
2019-02-11,57.42949295043945
2019-02-12,57.707035064697266
2019-02-13,57.62582778930664
2019-02-14,57.63258361816406
2019-02-15,57.815364837646484
2019-02-19,57.835670471191406
2019-02-20,57.88307571411133
2019-02-21,57.82893371582031
2019-02-22,57.9439811706543
2019-02-25,57.99138259887695
2019-02-26,58.065826416015625
2019-02-27,58.086185455322266
2019-02-28,58.05232238769531
2019-03-01,58.21687316894531
2019-03-04,58.12849807739258
2019-03-05,58.10129165649414
2019-03-06,58.0060920715332
2019-03-07,57.96525955200195
2019-03-08,57.870079040527344
2019-03-11,58.06046676635742
2019-03-12,58.16249084472656
2019-03-13,58.31890869140625
2019-03-14,58.27809143066406
2019-03-15,58.33248519897461
2019-03-18,58.31208801269531
2019-03-19,58.34611129760742
2019-03-20,58.597679138183594
2019-03-21,58.584102630615234
2019-03-22,58.373294830322266
2019-03-25,58.35291290283203
2019-03-26,58.49570083618164
2019-03-27,58.53654098510742
2019-03-28,58.65209197998047
2019-03-29,58.801719665527344
2019-04-01,58.787330627441406
2019-04-02,58.8146858215332
2019-04-03,58.83515548706055
2019-04-04,58.92398452758789
2019-04-05,59.03323745727539
2019-04-08,58.99907684326172
2019-04-09,58.95808410644531
2019-04-10,59.217655181884766
2019-04-11,59.30650329589844
2019-04-12,59.39524459838867
2019-04-15,59.35426712036133
2019-04-16,59.32012939453125
2019-04-17,59.17668533325195
2019-04-18,59.204002380371094
2019-04-22,59.10154724121094
2019-04-23,59.30650329589844
2019-04-24,59.22449493408203
2019-04-25,59.25181579589844
2019-04-26,59.40207290649414
2019-04-29,59.374759674072266
2019-04-30,59.38158416748047
2019-05-01,59.18681335449219
2019-05-02,59.22795486450195
2019-05-03,59.37885284423828
2019-05-06,59.40629577636719
2019-05-07,59.049591064453125
2019-05-08,59.0701904296875
2019-05-09,58.98102569580078
2019-05-10,59.14561462402344
2019-05-13,58.60377502441406
2019-05-14,58.7341194152832
2019-05-15,58.78894805908203
2019-05-16,58.96728515625
2019-05-17,58.946720123291016
2019-05-20,58.89183044433594
2019-05-21,59.077056884765625
2019-05-22,59.12504577636719
2019-05-23,58.83009338378906
2019-05-24,58.74781036376953
2019-05-28,58.69294357299805
2019-05-29,58.53519058227539
2019-05-30,58.658668518066406
2019-05-31,58.2333869934082
2019-06-03,58.327083587646484
2019-06-04,58.912776947021484
2019-06-05,59.05058288574219
2019-06-06,59.174591064453125
2019-06-07,59.32623291015625
2019-06-10,59.415767669677734
2019-06-11,59.49846649169922
2019-06-12,59.360679626464844
2019-06-13,59.49846649169922
2019-06-14,59.4571418762207
2019-06-17,59.367530822753906
2019-06-18,59.78097915649414
2019-06-19,60.06348419189453
2019-06-20,60.36662673950195
2019-06-21,60.17371368408203
2019-06-24,60.166839599609375
2019-06-25,59.91189193725586
2019-06-26,59.88433074951172
2019-06-27,60.04971694946289
2019-06-28,60.07035827636719
2019-07-01,60.088348388671875
2019-07-02,60.2198486328125
2019-07-03,60.44825744628906
2019-07-05,60.20599365234375
2019-07-08,60.088348388671875
2019-07-09,60.01911926269531
2019-07-10,60.18524169921875
2019-07-11,60.067588806152344
2019-07-12,60.164485931396484
2019-07-15,60.20599365234375
2019-07-16,60.08143615722656
2019-07-17,60.005279541015625
2019-07-18,60.03300476074219
2019-07-19,59.929161071777344
2019-07-22,60.129886627197266
2019-07-23,60.23371124267578
2019-07-24,60.282127380371094
2019-07-25,60.199058532714844
2019-07-26,60.33060073852539
2019-07-29,60.24064636230469
2019-07-30,60.26828384399414
2019-07-31,60.164485931396484
2019-08-01,60.13462829589844
2019-08-02,60.04425811767578
2019-08-05,59.41872024536133
2019-08-06,59.80094909667969
2019-08-07,59.79405975341797
2019-08-08,60.03030776977539
2019-08-09,59.94691467285156
2019-08-12,59.738426208496094
2019-08-13,60.00254440307617
2019-08-14,59.467369079589844
2019-08-15,59.641109466552734
2019-08-16,59.84271240234375
2019-08-19,60.01642990112305
2019-08-20,60.06508255004883
2019-08-21,60.32225799560547
2019-08-22,60.433441162109375
2019-08-23,60.15543746948242
2019-08-26,60.454288482666016
2019-08-27,60.42652130126953
2019-08-28,60.57244110107422
2019-08-29,60.635009765625
2019-08-30,60.579402923583984
2019-09-03,60.40557861328125
2019-09-04,60.53126907348633
2019-09-05,60.76856231689453
2019-09-06,60.82444763183594
2019-09-09,60.887264251708984
2019-09-10,60.92213439941406
2019-09-11,60.91520309448242
2019-09-12,60.950096130371094
2019-09-13,60.838409423828125
2019-09-16,61.0547981262207
2019-09-17,61.08964920043945
2019-09-18,61.0547981262207
2019-09-19,60.98495864868164
2019-09-20,61.061737060546875
2019-09-23,61.03384017944336
2019-09-24,60.950096130371094
2019-09-25,60.887264251708984
2019-09-26,60.84536361694336
2019-09-27,60.775577545166016
2019-09-30,60.84536361694336
2019-10-01,60.70519256591797
2019-10-02,60.347774505615234
2019-10-03,60.38279342651367
2019-10-04,60.57204055786133
2019-10-07,60.52296829223633
2019-10-08,60.29871368408203
2019-10-09,60.480926513671875
2019-10-10,60.55803298950195
2019-10-11,60.810298919677734
2019-10-14,60.85236740112305
2019-10-15,60.98555374145508
2019-10-16,60.93645477294922
2019-10-17,61.02054977416992
2019-10-18,61.034576416015625
2019-10-21,61.05562973022461
2019-10-22,61.06965255737305
2019-10-23,61.12566375732422
2019-10-24,61.195777893066406
2019-10-25,61.244834899902344
2019-10-28,61.23782730102539
2019-10-29,61.12566375732422
2019-10-30,61.048614501953125
2019-10-31,60.8383674621582
2019-11-01,61.09944152832031
2019-11-04,61.22613525390625
2019-11-05,61.162811279296875
2019-11-06,61.0923957824707
2019-11-07,61.064247131347656
2019-11-08,61.12053680419922
2019-11-11,61.08536911010742
2019-11-12,61.09944152832031
2019-11-13,61.0361328125
2019-11-14,61.00093078613281
2019-11-15,61.18389129638672
2019-11-18,61.10647201538086
2019-11-19,60.88833236694336
2019-11-20,60.76163864135742
2019-11-21,60.775726318359375
2019-11-22,61.007972717285156
2019-11-25,61.169822692871094
2019-11-26,61.240230560302734
2019-11-27,61.3176155090332
2019-11-29,61.18389129638672
2019-12-02,61.14222717285156
2019-12-03,61.05742645263672
2019-12-04,61.24113082885742
2019-12-05,61.33295822143555
2019-12-06,61.417762756347656
2019-12-09,61.417762756347656
2019-12-10,61.56612014770508
2019-12-11,61.69328689575195
2019-12-12,61.83457565307617
2019-12-13,61.898170471191406
2019-12-16,62.01829528808594
2019-12-17,62.209068298339844
2019-12-18,62.322086334228516
2019-12-19,62.28947830200195
2019-12-20,62.19731140136719
2019-12-23,62.225669860839844
2019-12-24,62.27534103393555
2019-12-26,62.36749267578125
2019-12-27,62.33911895751953
2019-12-30,62.29658126831055
2019-12-31,62.35328674316406
2020-01-02,62.61565399169922
2020-01-03,62.55183410644531
2020-01-06,62.488037109375
2020-01-07,62.43130874633789
2020-01-08,62.488037109375
2020-01-09,62.65109634399414
2020-01-10,62.67236328125
2020-01-13,62.67236328125
2020-01-14,62.66527557373047
2020-01-15,62.67945861816406
2020-01-16,62.700740814208984
2020-01-17,62.65109634399414
2020-01-21,62.51636505126953
2020-01-22,62.62980270385742
2020-01-23,62.43839645385742
2020-01-24,62.176025390625
2020-01-27,61.75768280029297
2020-01-28,62.28947830200195
2020-01-29,62.25402069091797
2020-01-30,62.31781005859375
2020-01-31,62.062557220458984
2020-02-03,62.0526123046875
2020-02-04,62.42287826538086
2020-02-05,62.67918395996094
2020-02-06,62.729034423828125
2020-02-07,62.636474609375
2020-02-10,62.72190475463867
2020-02-11,62.76465606689453
2020-02-12,62.92841720581055
2020-02-13,62.949790954589844
2020-02-14,62.942665100097656
2020-02-18,62.81451416015625
2020-02-19,62.84297561645508
2020-02-20,62.949790954589844
2020-02-21,62.892826080322266
2020-02-24,62.216365814208984
2020-02-25,61.78203582763672
2020-02-26,61.846126556396484
2020-02-27,61.01308822631836
2020-02-28,61.26227951049805
2020-03-02,61.727149963378906
2020-03-03,61.46253204345703
2020-03-04,62.30644607543945
2020-03-05,61.519737243652344
2020-03-06,60.82602310180664
2020-03-09,58.208465576171875
2020-03-10,59.10245132446289
2020-03-11,57.815086364746094
2020-03-12,55.50507736206055
2020-03-13,57.250091552734375
2020-03-16,54.10333251953125
2020-03-17,54.61111831665039
2020-03-18,52.2009391784668
2020-03-19,51.02806091308594
2020-03-20,49.8837776184082
2020-03-23,49.082786560058594
2020-03-24,51.106727600097656
2020-03-25,52.54423522949219
2020-03-26,54.94725036621094
2020-03-27,55.09026336669922
2020-03-30,55.56229782104492
2020-03-31,55.11886978149414
2020-04-01,53.60588836669922
2020-04-02,54.02275848388672
2020-04-03,52.865543365478516
2020-04-06,54.152156829833984
2020-04-07,54.152156829833984
2020-04-08,55.560916900634766
2020-04-09,59.19789123535156
2020-04-13,58.349769592285156
2020-04-14,58.59414291381836
2020-04-15,58.04787826538086
2020-04-16,57.990379333496094
2020-04-17,58.28506851196289
2020-04-20,57.40818405151367
2020-04-21,56.3587646484375
2020-04-22,56.85470199584961
2020-04-23,56.82597732543945
2020-04-24,56.29405975341797
2020-04-27,56.52406692504883
2020-04-28,56.69657897949219
2020-04-29,57.6956672668457
2020-04-30,57.81070327758789
2020-05-01,56.8134880065918
2020-05-04,56.734046936035156
2020-05-05,57.225074768066406
2020-05-06,56.90012741088867
2020-05-07,57.04454040527344
2020-05-08,57.58612060546875
2020-05-11,57.32617950439453
2020-05-12,57.25397872924805
2020-05-13,56.950706481933594
2020-05-14,56.75571823120117
2020-05-15,56.83514404296875
2020-05-18,57.838836669921875
2020-05-19,57.91106414794922
2020-05-20,58.524818420410156
2020-05-21,58.51038360595703
2020-05-22,58.6547966003418
2020-05-26,59.095272064208984
2020-05-27,59.21804428100586
2020-05-28,59.27577590942383
2020-05-29,59.514102935791016
2020-06-01,59.9642219543457
2020-06-02,60.558658599853516
2020-06-03,60.84138870239258
2020-06-04,60.65290451049805
2020-06-05,61.22556686401367
2020-06-08,61.29804992675781
2020-06-09,60.81963348388672
2020-06-10,60.73262023925781
2020-06-11,59.174110412597656
2020-06-12,59.761287689208984
2020-06-15,60.341182708740234
2020-06-16,60.58766555786133
2020-06-17,60.304962158203125
2020-06-18,60.283206939697266
2020-06-19,60.080238342285156
2020-06-22,60.036739349365234
2020-06-23,60.123714447021484
2020-06-24,59.50753402709961
2020-06-25,59.52928924560547
2020-06-26,58.9638557434082
2020-06-29,58.63038635253906
2020-06-30,59.16685485839844
2020-07-01,59.35100173950195
2020-07-02,59.787818908691406
2020-07-06,60.217281341552734
2020-07-07,59.81690216064453
2020-07-08,59.97706604003906
2020-07-09,59.846031188964844
2020-07-10,60.04987335205078
2020-07-13,59.722286224365234
2020-07-14,60.23182678222656
2020-07-15,60.573978424072266
2020-07-16,60.6322135925293
2020-07-17,60.7996711730957
2020-07-20,61.16365051269531
2020-07-21,61.44755554199219
2020-07-22,61.5713005065918
2020-07-23,61.527645111083984
2020-07-24,61.58586502075195
2020-07-27,61.731475830078125
2020-07-28,61.5713005065918
2020-07-29,61.91345977783203
2020-07-30,62.044490814208984
2020-07-31,62.160945892333984
2020-08-03,62.176326751708984
2020-08-04,62.154396057128906
2020-08-05,62.2640266418457
2020-08-06,62.40288162231445
2020-08-07,62.24940490722656
2020-08-10,62.27865219116211
2020-08-11,61.715885162353516
2020-08-12,61.73045349121094
2020-08-13,61.56240463256836
2020-08-14,61.452735900878906
2020-08-17,61.81817626953125
2020-08-18,61.91319274902344
2020-08-19,61.73777389526367
2020-08-20,61.94245147705078
2020-08-21,61.93510437011719
2020-08-24,62.22019577026367
2020-08-25,62.28596878051758
2020-08-26,62.27865219116211
2020-08-27,62.18362045288086
2020-08-28,62.23479461669922
2020-08-31,62.14707946777344
2020-09-01,62.48540115356445
2020-09-02,62.558773040771484
2020-09-03,62.16982650756836
2020-09-04,62.00104904174805
2020-09-08,61.65613555908203
2020-09-09,62.140472412109375
2020-09-10,61.84695816040039
2020-09-11,61.971675872802734
2020-09-14,61.90565490722656
2020-09-15,62.074424743652344
2020-09-16,62.074424743652344
2020-09-17,62.008419036865234
2020-09-18,61.85429000854492
2020-09-21,61.35526657104492
2020-09-22,61.56809616088867
2020-09-23,60.94434356689453
2020-09-24,60.98102951049805
2020-09-25,60.87093734741211
2020-09-28,61.2672119140625
2020-09-29,61.31861114501953
2020-09-30,61.56809616088867
2020-10-01,61.779605865478516
2020-10-02,61.779605865478516
2020-10-05,62.24387741088867
2020-10-06,62.103851318359375
2020-10-07,62.3249626159668
2020-10-08,62.46495819091797
2020-10-09,62.605018615722656
2020-10-12,62.921875
2020-10-13,62.64186096191406
2020-10-14,62.487083435058594
2020-10-15,62.44285202026367
2020-10-16,62.369178771972656
2020-10-19,62.14807891845703
2020-10-20,62.369178771972656
2020-10-21,62.361793518066406
2020-10-22,62.472328186035156
2020-10-23,62.54602813720703
2020-10-26,61.99330139160156
2020-10-27,62.02281188964844
2020-10-28,61.50692367553711
2020-10-29,61.683807373046875
2020-10-30,61.816436767578125
2020-11-02,61.9637451171875
2020-11-03,62.49663543701172
2020-11-04,63.081329345703125
2020-11-05,63.30338668823242
2020-11-06,63.081329345703125
2020-11-09,63.562408447265625
2020-11-10,63.473602294921875
2020-11-11,63.45140075683594
2020-11-12,63.02214431762695
2020-11-13,63.236778259277344
2020-11-16,63.59202194213867
2020-11-17,63.614200592041016
2020-11-18,63.49579620361328
2020-11-19,63.710426330566406
2020-11-20,63.59202194213867
2020-11-23,63.68819808959961
2020-11-24,63.88066864013672
2020-11-25,63.85105895996094
2020-11-27,63.954689025878906
2020-11-30,63.8880615234375
2020-12-01,64.0522689819336
2020-12-02,64.23064422607422
2020-12-03,64.26775360107422
2020-12-04,64.53529357910156
2020-12-07,64.50557708740234
2020-12-08,64.45355224609375
2020-12-09,64.35694885253906
2020-12-10,64.47583770751953
2020-12-11,64.40896606445312
2020-12-14,64.42381286621094
2020-12-15,64.62445831298828
2020-12-16,64.52786254882812
2020-12-17,64.62410736083984
2020-12-18,64.67635345458984
2020-12-21,64.44501495361328
2020-12-22,64.52713012695312
2020-12-23,64.818115234375
2020-12-24,64.9524154663086
2020-12-28,65.03450775146484
2020-12-29,64.9524154663086
2020-12-30,65.08670806884766
2020-12-31,65.1389389038086
2021-01-04,65.00464630126953
2021-01-05,65.02702331542969
2021-01-06,64.90765380859375
2021-01-07,65.09420776367188
2021-01-08,65.19122314453125
2021-01-11,64.84050750732422
2021-01-12,64.9225845336914
2021-01-13,65.11653900146484
2021-01-14,65.10162353515625
2021-01-15,64.99717712402344
2021-01-19,65.18372344970703
2021-01-20,65.3030776977539
2021-01-21,65.26579284667969
2021-01-22,65.1389389038086
2021-01-25,65.15389251708984
2021-01-26,65.05687713623047
2021-01-27,64.87031555175781
2021-01-28,65.0643310546875
2021-01-29,64.89273071289062
2021-02-01,65.10091400146484
2021-02-02,65.25817108154297
2021-02-03,65.31060028076172
2021-02-04,65.44541931152344
2021-02-05,65.54275512695312
2021-02-08,65.73744201660156
2021-02-09,65.61766815185547
2021-02-10,65.60265350341797
2021-02-11,65.63262176513672
2021-02-12,65.73744201660156
2021-02-16,65.63262176513672
2021-02-17,65.61016845703125
2021-02-18,65.52029418945312
2021-02-19,65.52775573730469
2021-02-22,65.32557678222656
2021-02-23,65.48282623291016
2021-02-24,65.55026245117188
2021-02-25,64.92866516113281
2021-02-26,64.73396301269531
2021-03-01,65.46072387695312
2021-03-02,65.36299133300781
2021-03-03,65.152587890625
2021-03-04,64.9045639038086
2021-03-05,65.09994506835938
2021-03-08,64.62650299072266
2021-03-09,64.71664428710938
2021-03-10,64.91959381103516
2021-03-11,65.16007995605469
2021-03-12,64.97970581054688
2021-03-15,64.98722076416016
2021-03-16,64.8369140625
2021-03-17,64.92711639404297
2021-03-18,64.43108367919922
2021-03-19,64.67906951904297
2021-03-22,64.91209411621094
2021-03-23,64.97970581054688
2021-03-24,65.01731872558594
2021-03-25,65.13003540039062
2021-03-26,65.32542419433594
2021-03-29,65.36299133300781
2021-03-30,65.2051773071289
2021-03-31,65.52082061767578
2021-04-01,65.65960693359375
2021-04-05,65.68974304199219
2021-04-06,65.80286407470703
2021-04-07,65.7802505493164
2021-04-08,65.80286407470703
2021-04-09,65.75763702392578
2021-04-12,65.68974304199219
2021-04-13,65.73499298095703
2021-04-14,65.704833984375
2021-04-15,65.96878051757812
2021-04-16,65.8330307006836
2021-04-19,65.72747039794922
2021-04-20,65.61436462402344
2021-04-21,65.8330307006836
2021-04-22,65.71236419677734
2021-04-23,65.88583374023438
2021-04-26,65.85565185546875
2021-04-27,65.76515197753906
2021-04-28,65.89336395263672
2021-04-29,65.96878051757812
2021-04-30,65.9386215209961
2021-05-03,65.96431732177734
2021-05-04,65.9264907836914
2021-05-05,66.05513000488281
2021-05-06,66.03244018554688
2021-05-07,66.07781219482422
2021-05-10,65.9264907836914
2021-05-11,65.85840606689453
2021-05-12,65.54060363769531
2021-05-13,65.7751693725586
2021-05-14,65.98701477050781
2021-05-17,65.8659896850586
2021-05-18,65.70706176757812
2021-05-19,65.53305053710938
2021-05-20,65.81299591064453
2021-05-21,65.91136169433594
2021-05-24,65.98701477050781
2021-05-25,65.99458312988281
2021-05-26,66.01730346679688
2021-05-27,65.98701477050781
2021-05-28,65.96431732177734
2021-06-01,66.16246032714844
2021-06-02,66.24597930908203
2021-06-03,66.10934448242188
2021-06-04,66.25358581542969
2021-06-07,66.2763671875
2021-06-08,66.32191467285156
2021-06-09,66.37508392333984
2021-06-10,66.49651336669922
2021-06-11,66.51930236816406
2021-06-14,66.45856475830078
2021-06-15,66.45098114013672
2021-06-16,66.35989379882812
2021-06-17,66.4054183959961
2021-06-18,66.37508392333984
2021-06-21,66.50411224365234
2021-06-22,66.5496826171875
2021-06-23,66.48133087158203
2021-06-24,66.68631744384766
2021-06-25,66.7546615600586
2021-06-28,66.7470703125
2021-06-29,66.8305435180664
2021-06-30,66.8381576538086
2021-07-01,66.96916961669922
2021-07-02,67.0758056640625
2021-07-06,67.0377197265625
2021-07-07,67.06057739257812
2021-07-08,66.91586303710938
2021-07-09,67.03009033203125
2021-07-12,67.00724792480469
2021-07-13,66.80921936035156
2021-07-14,66.91586303710938
2021-07-15,66.8701171875
2021-07-16,66.7787094116211
2021-07-19,66.32933807373047
2021-07-20,66.66444396972656
2021-07-21,66.82443237304688
2021-07-22,66.8625259399414
2021-07-23,66.99203491210938
2021-07-26,66.89299011230469
2021-07-27,66.80160522460938
2021-07-28,66.85491180419922
2021-07-29,66.99964904785156
2021-07-30,66.90821075439453
2021-08-02,66.74241638183594
2021-08-03,66.81883239746094
2021-08-04,66.696533203125
2021-08-05,66.84939575195312
2021-08-06,66.77296447753906
2021-08-09,66.62013244628906
2021-08-10,66.46729278564453
2021-08-11,66.57429504394531
2021-08-12,66.68890380859375
2021-08-13,66.83411407470703
2021-08-16,66.85701751708984
2021-08-17,66.7042007446289
2021-08-18,66.5513687133789
2021-08-19,66.5437240600586
2021-08-20,66.7042007446289
2021-08-23,66.91051483154297
2021-08-24,67.0022201538086
2021-08-25,67.07099914550781
2021-08-26,67.03277587890625
2021-08-27,67.21620178222656
2021-08-30,67.30024719238281
2021-08-31,67.31552124023438
2021-09-01,67.3730239868164
2021-09-02,67.45732116699219
2021-09-03,67.46501922607422
2021-09-07,67.2887191772461
2021-09-08,67.36534118652344
2021-09-09,67.42668151855469
2021-09-10,67.32704162597656
2021-09-13,67.49568176269531
2021-09-14,67.46501922607422
2021-09-15,67.56463623046875
2021-09-16,67.5416488647461
2021-09-17,67.45732116699219
2021-09-20,67.21968841552734
2021-09-21,67.33468627929688
2021-09-22,67.45732116699219
2021-09-23,67.4880142211914
2021-09-24,67.38835144042969
2021-09-27,67.32704162597656
2021-09-28,67.0203857421875
2021-09-29,67.14302825927734
2021-09-30,67.06639099121094
2021-10-01,67.22716522216797
2021-10-04,66.98871612548828
2021-10-05,66.95796203613281
2021-10-06,66.91950988769531
2021-10-07,66.92719268798828
2021-10-08,66.72722625732422
2021-10-11,66.51958465576172
2021-10-12,66.6426010131836
2021-10-13,66.81950378417969
2021-10-14,67.19636535644531
2021-10-15,67.08097839355469
2021-10-18,67.05023193359375
2021-10-19,67.09637451171875
2021-10-20,67.11945343017578
2021-10-21,66.95025634765625
2021-10-22,66.78874969482422
2021-10-25,66.90412902832031
2021-10-26,66.91950988769531
2021-10-27,66.86567687988281
2021-10-28,67.0348892211914
2021-10-29,66.85794830322266
2021-11-01,66.78620147705078
2021-11-02,66.9482421875
2021-11-03,67.07940673828125
2021-11-04,67.25684356689453
2021-11-05,67.51148986816406
2021-11-08,67.42660522460938
2021-11-09,67.4806137084961
2021-11-10,67.10253143310547
2021-11-11,66.98682403564453
2021-11-12,67.00995635986328
2021-11-15,66.93281555175781
2021-11-16,66.96366882324219
2021-11-17,66.89421081542969
2021-11-18,66.8402328491211
2021-11-19,66.78620147705078
2021-11-22,66.53160095214844
2021-11-23,66.43899536132812
2021-11-24,66.42357635498047
2021-11-26,65.94523620605469
2021-11-29,66.35414123535156
2021-11-30,66.07637786865234
2021-12-01,66.08565521240234
2021-12-02,66.5733413696289
2021-12-03,66.5733413696289
2021-12-06,66.86752319335938
2021-12-07,67.2236099243164
2021-12-08,67.20812225341797
2021-12-09,66.90621948242188
2021-12-10,67.06102752685547
2021-12-13,67.06102752685547
2021-12-14,66.94493865966797
2021-12-15,67.20039367675781
2021-12-16,67.1506576538086
2021-12-17,67.08851623535156
2021-12-20,66.9720230102539
2021-12-21,67.329345703125
2021-12-22,67.50796508789062
2021-12-23,67.70217895507812
2021-12-27,67.77205657958984
2021-12-28,67.74101257324219
2021-12-29,67.63227844238281
2021-12-30,67.6011734008789
2021-12-31,67.58566284179688
2022-01-03,67.55458068847656
2022-01-04,67.38371276855469
2022-01-05,66.86328125
2022-01-06,66.87101745605469
2022-01-07,66.70018768310547
2022-01-10,66.7545166015625
2022-01-11,67.06520080566406
2022-01-12,67.17400360107422
2022-01-13,66.93317413330078
2022-01-14,66.87101745605469
2022-01-18,66.5447998046875
2022-01-19,66.4826431274414
2022-01-20,66.35838317871094
2022-01-21,66.36612701416016
2022-01-24,66.29623413085938
2022-01-25,66.10205841064453
2022-01-26,65.87678527832031
2022-01-27,65.58940887451172
2022-01-28,65.77579498291016
2022-01-31,65.79135131835938
2022-02-01,66.05249786376953
2022-02-02,66.15386199951172
2022-02-03,65.56139373779297
2022-02-04,65.30409240722656
2022-02-07,65.2573471069336
2022-02-08,65.18717193603516
2022-02-09,65.53019714355469
2022-02-10,64.66485595703125
2022-02-11,64.43879699707031
2022-02-14,64.32965850830078
2022-02-15,64.43879699707031
2022-02-16,64.79739379882812
2022-02-17,64.52457427978516
2022-02-18,64.61811828613281
2022-02-22,64.46996307373047
2022-02-23,64.3530502319336
2022-02-24,64.81297302246094
2022-02-25,65.17941284179688
2022-02-28,65.22613525390625
2022-03-01,65.04383850097656
2022-03-02,65.20035552978516
2022-03-03,65.00475311279297
2022-03-04,64.58223724365234
2022-03-07,64.01885223388672
2022-03-08,63.791927337646484
2022-03-09,64.32400512695312
2022-03-10,63.78413391113281
2022-03-11,63.32248306274414
2022-03-14,62.57134246826172
2022-03-15,63.040809631347656
2022-03-16,63.92497253417969
2022-03-17,64.3631362915039
2022-03-18,64.57437896728516
2022-03-21,63.83106994628906
2022-03-22,64.15969848632812
2022-03-23,63.9562873840332
2022-03-24,64.08927154541016
2022-03-25,63.62765884399414
2022-03-28,64.02667236328125
2022-03-29,64.81693267822266
2022-03-30,64.62133026123047
2022-03-31,64.3866195678711
2022-04-01,64.38188934326172
2022-04-04,64.86900329589844
2022-04-05,64.02835083007812
2022-04-06,63.52557373046875
2022-04-07,63.4234504699707
2022-04-08,63.038475036621094
2022-04-11,62.60639953613281
2022-04-12,63.08561706542969
2022-04-13,63.46271896362305
2022-04-14,63.038475036621094
2022-04-18,62.93633270263672
2022-04-19,62.8813591003418
2022-04-20,63.07773971557617
2022-04-21,62.645668029785156
2022-04-22,62.268577575683594
2022-04-25,62.79494857788086
2022-04-26,62.42570495605469
2022-04-27,62.11931610107422
2022-04-28,62.464988708496094
2022-04-29,61.695064544677734
2022-05-02,61.69900894165039
2022-05-03,62.0223388671875
2022-05-04,62.65331268310547
2022-05-05,61.54129409790039
2022-05-06,61.19423294067383
2022-05-09,60.54751205444336
2022-05-10,60.894554138183594
2022-05-11,60.531742095947266
2022-05-12,60.508094787597656
2022-05-13,60.579078674316406
2022-05-16,60.49232864379883
2022-05-17,60.43711853027344
2022-05-18,59.940223693847656
2022-05-19,60.34245300292969
2022-05-20,60.30304718017578
2022-05-23,60.53962707519531
2022-05-24,60.90242385864258
2022-05-25,61.8251953125
2022-05-26,62.684871673583984
2022-05-27,63.24483108520508
2022-05-31,62.70066452026367
2022-06-01,62.46866226196289
2022-06-02,62.729923248291016
2022-06-03,62.26279067993164
2022-06-06,61.79566192626953
2022-06-07,61.938201904296875
2022-06-08,61.40773391723633
2022-06-09,60.916831970214844
2022-06-10,59.879634857177734
2022-06-13,57.876529693603516
2022-06-14,58.25656509399414
2022-06-15,59.38874053955078
2022-06-16,58.44658279418945
2022-06-17,58.628700256347656
2022-06-21,58.589111328125
2022-06-22,58.57326889038086
2022-06-23,58.99290466308594
2022-06-24,59.41252899169922
2022-06-27,59.04830551147461
2022-06-28,58.39910888671875
2022-06-29,58.31200408935547
2022-06-30,58.28031921386719
2022-07-01,58.83624267578125
2022-07-05,58.780582427978516
2022-07-06,58.557891845703125
2022-07-07,59.51226043701172
2022-07-08,59.55994415283203
2022-07-11,59.22594451904297
2022-07-12,59.464534759521484
2022-07-13,59.40092849731445
2022-07-14,59.28956604003906
2022-07-15,60.04511642456055
2022-07-18,59.464534759521484
2022-07-19,60.251895904541016
2022-07-20,60.51431655883789
2022-07-21,61.23008346557617
2022-07-22,61.15054702758789
2022-07-25,61.13462829589844
2022-07-26,60.705177307128906
2022-07-27,61.373260498046875
2022-07-28,62.00153350830078
2022-07-29,62.1844596862793
2022-08-01,62.20362854003906
2022-08-02,61.91619110107422
2022-08-03,62.4591178894043
2022-08-04,62.62675857543945
2022-08-05,62.30741882324219
2022-08-08,62.36328887939453
2022-08-09,61.90022277832031
2022-08-10,62.82637405395508
2022-08-11,62.46707534790039
2022-08-12,63.02598190307617
2022-08-15,62.914215087890625
2022-08-16,62.6187858581543
2022-08-17,61.97209167480469
2022-08-18,62.06787109375
2022-08-19,61.43711471557617
2022-08-22,60.742530822753906
2022-08-23,60.894229888916016
2022-08-24,60.966087341308594
2022-08-25,61.540958404541016
2022-08-26,60.526981353759766
2022-08-29,60.295406341552734
2022-08-30,59.832340240478516
2022-08-31,59.50499725341797
2022-09-01,59.66227340698242
2022-09-02,59.62217330932617
2022-09-06,59.461700439453125
2022-09-07,60.32022476196289
2022-09-08,60.5849494934082
2022-09-09,60.82568359375
2022-09-12,61.01021194458008
2022-09-13,59.62217330932617
2022-09-14,59.710391998291016
2022-09-15,59.33329772949219
2022-09-16,59.533878326416016
2022-09-19,59.75855255126953
2022-09-20,59.14875411987305
2022-09-21,58.97225570678711
2022-09-22,58.61922836303711
2022-09-23,57.87302780151367
2022-09-26,57.1910514831543
2022-09-27,57.07069396972656
2022-09-28,58.08967208862305
2022-09-29,57.54408264160156
2022-09-30,57.2793083190918
2022-10-03,58.02997970581055
2022-10-04,59.27976989746094
2022-10-05,59.04591369628906
2022-10-06,58.868553161621094
2022-10-07,58.15093231201172
2022-10-10,57.44138717651367
2022-10-11,57.6187629699707
2022-10-12,57.71553039550781
2022-10-13,57.844520568847656
2022-10-14,57.65907669067383
2022-10-17,58.36863708496094
2022-10-18,58.77985763549805
2022-10-19,58.21543502807617
2022-10-20,57.89289474487305
2022-10-21,58.449249267578125
2022-10-24,58.48957824707031
2022-10-25,59.05398178100586
2022-10-26,59.215267181396484
2022-10-27,59.65065383911133
2022-10-28,60.11024856567383
2022-10-31,59.20720672607422
2022-11-01,59.56330108642578
2022-11-02,59.02102279663086
2022-11-03,58.60013961791992
2022-11-04,59.004844665527344
2022-11-07,58.99673843383789
2022-11-08,58.940086364746094
2022-11-09,58.23590850830078
2022-11-10,60.04896545410156
2022-11-11,60.2593994140625
2022-11-14,59.81424331665039
2022-11-15,60.340328216552734
2022-11-16,60.21085739135742
2022-11-17,59.95183563232422
2022-11-18,60.08132553100586
2022-11-21,60.05704116821289
2022-11-22,60.494117736816406
2022-11-23,60.834068298339844
2022-11-25,60.7126579284668
2022-11-28,60.0732536315918
2022-11-29,60.33225631713867
2022-11-30,61.2387809753418
2022-12-01,61.4655647277832
2022-12-02,61.4167594909668
2022-12-05,60.83154296875
2022-12-06,60.612091064453125
2022-12-07,60.945316314697266
2022-12-08,60.99412155151367
2022-12-09,60.99412155151367
2022-12-12,61.229827880859375
2022-12-13,61.863834381103516
2022-12-14,61.514305114746094
2022-12-15,61.28226852416992
2022-12-16,60.9554328918457
2022-12-19,60.644927978515625
2022-12-20,60.48967361450195
2022-12-21,61.00444412231445
2022-12-22,60.62858200073242
2022-12-23,60.78385543823242
2022-12-27,60.15468215942383
2022-12-28,59.34573745727539
2022-12-29,60.11382293701172
2022-12-30,60.162818908691406
2023-01-03,60.27723693847656
2023-01-04,60.97175598144531
2023-01-05,60.84919738769531
2023-01-06,61.7153205871582
2023-01-09,61.93594741821289
2023-01-10,61.86239242553711
2023-01-11,62.270938873291016
2023-01-12,62.6223030090332
2023-01-13,62.6223030090332
2023-01-17,62.40984344482422
2023-01-18,62.48342514038086
2023-01-19,62.11573028564453
2023-01-20,62.23825454711914
2023-01-23,62.2301139831543
2023-01-24,62.270938873291016
2023-01-25,62.26277542114258
2023-01-26,62.41801834106445
2023-01-27,62.2301139831543
2023-01-30,61.886905670166016
2023-01-31,62.369022369384766
2023-02-01,63.024208068847656
2023-02-02,63.385475158691406
2023-02-03,62.72040557861328
2023-02-06,62.3181037902832
2023-02-07,62.539772033691406
2023-02-08,62.27704620361328
2023-02-09,61.87473678588867
2023-02-10,61.39851379394531
2023-02-13,61.55451583862305
2023-02-14,61.5709342956543
2023-02-15,61.47241973876953
2023-02-16,60.97979736328125
2023-02-17,61.21788787841797
2023-02-21,60.27368927001953
2023-02-22,60.66777038574219
2023-02-23,61.26713943481445
2023-02-24,60.89767837524414
2023-02-27,61.30820083618164
2023-02-28,61.19325637817383
2023-03-01,61.019775390625
2023-03-02,61.09413146972656
2023-03-03,61.7219352722168
2023-03-06,61.7219352722168
2023-03-07,61.28410720825195
2023-03-08,60.99497985839844
2023-03-09,60.65633010864258
2023-03-10,60.664588928222656
2023-03-13,60.33416748046875
2023-03-14,60.7719841003418
2023-03-15,60.5737190246582
2023-03-16,60.97022247314453
2023-03-17,60.60676574707031
2023-03-20,60.44154739379883
2023-03-21,61.10239028930664
2023-03-22,61.16022491455078
2023-03-23,60.920654296875
2023-03-24,60.79676055908203
2023-03-27,60.64805603027344
2023-03-28,60.61503601074219
2023-03-29,61.37498092651367
2023-03-30,61.73843002319336
2023-03-31,62.40753936767578
2023-04-03,62.35939407348633
2023-04-04,62.17685317993164
2023-04-05,61.828338623046875
2023-04-06,62.10216522216797
2023-04-10,62.0440788269043
2023-04-11,62.17685317993164
2023-04-12,62.16023254394531
2023-04-13,62.58345031738281
2023-04-14,62.46730422973633
2023-04-17,62.30133056640625
2023-04-18,62.34281921386719
2023-04-19,62.0938835144043
2023-04-20,62.03578567504883
2023-04-21,62.22663116455078
2023-04-24,62.4008903503418
2023-04-25,62.30133056640625
2023-04-26,62.060691833496094
2023-04-27,62.268131256103516
2023-04-28,62.53366470336914
2023-05-01,62.24697494506836
2023-05-02,62.188621520996094
2023-05-03,62.15528106689453
2023-05-04,61.97195053100586
2023-05-05,62.30531692504883
2023-05-08,62.130287170410156
2023-05-09,61.97195053100586
2023-05-10,62.34695816040039
2023-05-11,62.24697494506836
2023-05-12,62.021942138671875
2023-05-15,62.00529479980469
2023-05-16,61.571903228759766
2023-05-17,61.738582611083984
2023-05-18,61.77193069458008
2023-05-19,61.83859634399414
2023-05-22,62.113616943359375
2023-05-23,61.78859329223633
2023-05-24,61.35525131225586
2023-05-25,61.31357192993164
2023-05-26,61.68855667114258
2023-05-30,61.955291748046875
2023-05-31,61.763614654541016
2023-06-01,62.13456726074219
2023-06-02,62.4527587890625
2023-06-05,62.40252685546875
2023-06-06,62.50300979614258
2023-06-07,62.15968322753906
2023-06-08,62.553245544433594
2023-06-09,62.57002639770508
2023-06-12,62.50300979614258
2023-06-13,62.57839584350586
2023-06-14,62.603511810302734
2023-06-15,62.904972076416016
2023-06-16,62.745872497558594
2023-06-20,62.57839584350586
2023-06-21,62.419281005859375
2023-06-22,62.23505783081055
2023-06-23,62.126190185546875
2023-06-26,62.15968322753906
2023-06-27,62.36903381347656
2023-06-28,62.729103088378906
2023-06-29,62.561641693115234
2023-06-30,62.86309814453125
2023-07-03,62.76461410522461
2023-07-05,62.57096481323242
2023-07-06,62.116302490234375
2023-07-07,62.175235748291016
2023-07-10,62.48677062988281
2023-07-11,62.82353210449219
2023-07-12,63.31184005737305
2023-07-13,63.69071960449219
2023-07-14,63.22764587402344
2023-07-17,63.34552001953125
2023-07-18,63.522335052490234
2023-07-19,63.57283020019531
2023-07-20,63.29500198364258
2023-07-21,63.45497512817383
2023-07-24,63.34552001953125
2023-07-25,63.30344009399414
2023-07-26,63.55598449707031
2023-07-27,63.05084228515625
2023-07-28,63.41285705566406
2023-07-31,63.56442642211914
2023-08-01,63.24970626831055
2023-08-02,62.97903823852539
2023-08-03,62.7760124206543
2023-08-04,63.14822006225586
2023-08-07,63.266639709472656
2023-08-08,63.40199279785156
2023-08-09,63.41045379638672
2023-08-10,63.39353561401367
2023-08-11,63.30048370361328
2023-08-14,63.29202651977539
2023-08-15,63.08900833129883
2023-08-16,62.89442825317383
2023-08-17,62.6322135925293
2023-08-18,62.67449188232422
2023-08-21,62.65755081176758
2023-08-22,62.69141387939453
2023-08-23,63.19896697998047
2023-08-24,62.852134704589844
2023-08-25,63.1143684387207
2023-08-28,63.351226806640625
2023-08-29,63.74882507324219
2023-08-30,63.72344207763672
2023-08-31,63.68113327026367
2023-09-01,63.80096435546875
2023-09-05,63.384544372558594
2023-09-06,63.23154067993164
2023-09-07,63.44402313232422
2023-09-08,63.41854476928711
2023-09-11,63.52900314331055
2023-09-12,63.42703628540039
2023-09-13,63.59699630737305
2023-09-14,63.67347717285156
2023-09-15,63.435523986816406
2023-09-18,63.478023529052734
2023-09-19,63.282569885253906
2023-09-20,63.23154067993164
2023-09-21,62.781105041503906
2023-09-22,62.89160919189453
2023-09-25,62.80662155151367
2023-09-26,62.53464889526367
2023-09-27,62.44966506958008
2023-09-28,62.74711227416992
2023-09-29,62.65363311767578
2023-10-02,62.27344512939453
2023-10-03,61.641231536865234
2023-10-04,61.95734405517578
2023-10-05,62.01713180541992
2023-10-06,62.10257339477539
2023-10-09,62.563934326171875
2023-10-10,62.546844482421875
2023-10-11,62.53831481933594
2023-10-12,62.205101013183594
2023-10-13,62.15383529663086
2023-10-16,62.13675308227539
2023-10-17,61.84625244140625
2023-10-18,61.547237396240234
2023-10-19,61.32511520385742
2023-10-20,61.45329284667969
2023-10-23,61.70100784301758
2023-10-24,62.01713180541992
2023-10-25,61.6839485168457
2023-10-26,61.89752960205078
2023-10-27,61.82063293457031
2023-10-30,61.83772659301758
2023-10-31,62.00004196166992
2023-11-01,62.59100341796875
2023-11-02,63.29533386230469
2023-11-03,63.913753509521484
2023-11-06,63.656097412109375
2023-11-07,63.6646728515625
2023-11-08,63.699039459228516
2023-11-09,63.30393600463867
2023-11-10,63.61316680908203
2023-11-13,63.553009033203125
2023-11-14,64.19721984863281
2023-11-15,63.991050720214844
2023-11-16,64.07697296142578
2023-11-17,64.22299194335938
2023-11-20,64.29170227050781
2023-11-21,64.37760925292969
2023-11-22,64.4892578125
2023-11-24,64.4205551147461
2023-11-27,64.5150375366211
2023-11-28,64.7984848022461
2023-11-29,65.15061950683594
2023-11-30,65.0303955078125
2023-12-01,65.56880950927734
2023-12-04,65.40487670898438
2023-12-05,65.46529388427734
2023-12-06,65.47391510009766
2023-12-07,65.58607482910156
2023-12-08,65.45667266845703
2023-12-11,65.41351318359375
2023-12-12,65.56021118164062
2023-12-13,66.56111145019531
2023-12-14,66.85505676269531
2023-12-15,66.7076416015625
2023-12-18,66.75102233886719
2023-12-19,66.9417724609375
2023-12-20,66.95044708251953
2023-12-21,67.25392150878906
2023-12-22,67.17591857910156
2023-12-26,67.30597686767578
2023-12-27,67.58345031738281
2023-12-28,67.3666763305664
2023-12-29,67.10652923583984
2024-01-02,66.8810806274414
2024-01-03,66.69898223876953
2024-01-04,66.4388427734375
2024-01-05,66.49088287353516
2024-01-08,66.86376190185547
2024-01-09,66.96778869628906
2024-01-10,67.08919525146484
2024-01-11,67.30597686767578
2024-01-12,67.37533569335938
2024-01-16,66.95044708251953
2024-01-17,66.66431427001953
2024-01-18,66.80304718017578
2024-01-19,66.91578674316406
2024-01-22,66.96778869628906
2024-01-23,66.88976287841797
2024-01-24,66.85505676269531
2024-01-25,67.3666763305664
2024-01-26,67.31463623046875
2024-01-29,67.4620590209961
2024-01-30,67.37533569335938
2024-01-31,67.18458557128906
2024-02-01,67.57149505615234
2024-02-02,67.26649475097656
2024-02-05,66.95278930664062
2024-02-06,67.1968002319336
2024-02-07,67.31005096435547
2024-02-08,67.27519989013672
2024-02-09,67.41463470458984
2024-02-12,67.26649475097656
2024-02-13,66.72621154785156
2024-02-14,66.98762512207031
2024-02-15,67.22293090820312
2024-02-16,67.0224609375
2024-02-20,67.16192626953125
2024-02-21,67.03990173339844
2024-02-22,67.36235809326172
2024-02-23,67.40593719482422
2024-02-26,67.18804931640625
2024-02-27,67.27519989013672
2024-02-28,67.26649475097656
2024-02-29,67.38849639892578
2024-03-01,67.64088439941406
2024-03-04,67.62337493896484
2024-03-05,67.57077026367188
2024-03-06,67.73731231689453
2024-03-07,67.8161849975586
2024-03-08,67.83369445800781
2024-03-11,67.82493591308594
2024-03-12,67.88629913330078
2024-03-13,67.91258239746094
2024-03-14,67.58830261230469
2024-03-15,67.54450225830078
2024-03-18,67.7022476196289
2024-03-19,67.97391510009766
2024-03-20,68.20181274414062
2024-03-21,68.16673278808594
2024-03-22,68.09661102294922
2024-03-25,67.99146270751953
2024-03-26,67.91258239746094
2024-03-27,68.27192687988281
2024-03-28,68.1229248046875
2024-04-01,67.84542846679688
2024-04-02,67.73092651367188
2024-04-03,67.78378295898438
2024-04-04,67.73092651367188
2024-04-05,67.66925048828125
2024-04-08,67.82783508300781
2024-04-09,67.9687728881836
2024-04-10,67.3697738647461
2024-04-11,67.30810546875
2024-04-12,67.27288818359375
2024-04-15,66.88526153564453
2024-04-16,66.66506958007812
2024-04-17,66.75315856933594
2024-04-18,66.80599975585938
2024-04-19,66.92930603027344
2024-04-22,67.29928588867188
2024-04-23,67.57237243652344
2024-04-24,67.42262268066406
2024-04-25,67.28167724609375
2024-04-26,67.49308776855469
2024-04-29,67.6956787109375
2024-04-30,67.20240020751953
2024-05-01,67.55659484863281
2024-05-02,67.9728012084961
2024-05-03,68.25617218017578
2024-05-06,68.33589172363281
2024-05-07,68.3447265625
2024-05-08,68.18533325195312
2024-05-09,68.20304107666016
2024-05-10,68.0967788696289
2024-05-13,68.07907104492188
2024-05-14,68.18533325195312
2024-05-15,68.58380126953125
2024-05-16,68.42442321777344
2024-05-17,68.43325805664062
2024-05-20,68.46868896484375
2024-05-21,68.41553497314453
2024-05-22,68.2650146484375
2024-05-23,68.02592468261719
2024-05-24,68.2650146484375
2024-05-28,67.9905014038086
2024-05-29,67.7868423461914
2024-05-30,68.06137084960938
2024-05-31,68.30043029785156
2024-06-03,68.51217651367188
2024-06-04,68.4765853881836
2024-06-05,68.69901275634766
2024-06-06,68.58334350585938
2024-06-07,68.40541076660156
2024-06-10,68.46771240234375
2024-06-11,68.55667114257812
2024-06-12,68.83245849609375
2024-06-13,68.82357025146484
2024-06-14,68.55667114257812
2024-06-17,68.60116577148438
2024-06-18,68.81465911865234
2024-06-20,68.77019500732422
2024-06-21,68.85025024414062
2024-06-24,68.77906799316406
2024-06-25,68.86804962158203
2024-06-26,68.71678924560547
2024-06-27,68.79688262939453
2024-06-28,68.6278305053711
2024-07-01,68.61441802978516
2024-07-02,68.80223083496094
2024-07-03,69.04370880126953
2024-07-05,69.24942016601562
2024-07-08,69.23152160644531
2024-07-09,69.15104675292969
2024-07-10,69.31201934814453
2024-07-11,69.56243133544922
2024-07-12,69.7413101196289
2024-07-15,69.75025939941406
2024-07-16,70.0185546875
2024-07-17,69.93806457519531
2024-07-18,69.79496765136719
2024-07-19,69.7413101196289
2024-07-22,70.00066375732422
2024-07-23,70.00961303710938
2024-07-24,69.78602600097656
2024-07-25,69.79496765136719
2024-07-26,70.0185546875
2024-07-29,69.95594787597656
2024-07-30,69.9917221069336
2024-07-31,70.24212646484375
2024-08-01,70.08838653564453
2024-08-02,69.85466003417969
2024-08-05,69.42313385009766
2024-08-06,69.68384552001953
2024-08-07,69.8187026977539
2024-08-08,70.10639953613281
2024-08-09,70.09740447998047
2024-08-12,70.14234161376953
2024-08-13,70.46599578857422
2024-08-14,70.59188079833984
2024-08-15,70.65478515625
2024-08-16,70.87955474853516
2024-08-19,70.99641418457031
2024-08-20,70.93350219726562
2024-08-21,71.09532165527344
2024-08-22,71.00541687011719
2024-08-23,71.38301086425781
2024-08-26,71.23916625976562
2024-08-27,71.28411102294922
2024-08-28,71.24816131591797
2024-08-29,71.32005310058594
2024-08-30,71.32904815673828
2024-09-03,71.07612609863281
2024-09-04,71.33810424804688
2024-09-05,71.58201599121094
2024-09-06,71.49166870117188
2024-09-09,71.66329193115234
2024-09-10,71.5278091430664
2024-09-11,71.6362075805664
2024-09-12,71.7355728149414
2024-09-13,71.93431091308594
2024-09-16,72.114990234375
2024-09-17,72.13306427001953
2024-09-18,72.1962890625
2024-09-19,72.4131088256836
2024-09-20,72.50343322753906
2024-09-23,72.36793518066406
2024-09-24,72.376953125
2024-09-25,72.295654296875
2024-09-26,72.4131088256836
2024-09-27,72.5937728881836
2024-09-30,72.53955841064453
2024-10-01,72.5032730102539
2024-10-02,72.51233673095703
2024-10-03,72.33985900878906
2024-10-04,72.25814056396484
2024-10-07,71.94953155517578
2024-10-08,72.12198638916016
2024-10-09,72.07661437988281
2024-10-10,72.04029083251953
2024-10-11,72.23091888427734
2024-10-14,72.26724243164062
2024-10-15,72.24909210205078
2024-10-16,72.37617492675781
2024-10-17,72.26724243164062
2024-10-18,72.43970489501953
2024-10-21,72.14923858642578
2024-10-22,72.04937744140625
2024-10-23,71.83150482177734
2024-10-24,72.04029083251953
2024-10-25,71.96768188476562
2024-10-28,72.14923858642578
2024-10-29,72.1673812866211
2024-10-30,72.04029083251953
2024-10-31,71.84058380126953
2024-11-01,71.84515380859375
2024-11-04,72.04586029052734
2024-11-05,72.24658203125
2024-11-06,72.3742904663086
2024-11-07,72.68447875976562
2024-11-08,72.8030776977539
2024-11-11,72.72097778320312
2024-11-12,72.42903137207031
2024-11-13,72.4472885131836
2024-11-14,72.29218292236328
2024-11-15,72.2830810546875
2024-11-18,72.419921875
2024-11-19,72.52938842773438
2024-11-20,72.51115417480469
2024-11-21,72.53852081298828
2024-11-22,72.52025604248047
2024-11-25,72.7939682006836
2024-11-26,72.6571273803711
2024-11-27,72.8760757446289
2024-11-29,73.02203369140625
2024-12-02,72.9954605102539
2024-12-03,72.9954605102539
2024-12-04,73.16958618164062
2024-12-05,73.10543823242188
2024-12-06,73.22459411621094
2024-12-09,73.1329345703125
2024-12-10,73.16958618164062
2024-12-11,73.18790435791016
2024-12-12,72.9863052368164
2024-12-13,72.77552032470703
2024-12-16,72.9129867553711
2024-12-17,72.75718688964844
2024-12-18,72.01009368896484
2024-12-19,71.93640899658203
2024-12-20,72.38778686523438
2024-12-23,72.19434356689453
2024-12-24,72.42463684082031
2024-12-26,72.60887908935547
2024-12-27,72.36016845703125
2024-12-30,72.46148681640625
2024-12-31,72.45226287841797
2025-01-02,72.62730407714844
2025-01-03,72.73783874511719
2025-01-06,72.86680603027344
2025-01-07,72.62730407714844
2025-01-08,72.71942901611328
2025-01-10,72.34172821044922
2025-01-13,72.32331085205078
2025-01-14,72.41542053222656
2025-01-15,73.05106353759766
2025-01-16,73.13395690917969
2025-01-17,73.19844055175781
2025-01-21,73.39189910888672
2025-01-22,73.29056549072266
2025-01-23,73.3826904296875
2025-01-24,73.4655990600586
2025-01-27,73.52085876464844
2025-01-28,73.49320983886719
2025-01-29,73.44715118408203
2025-01-30,73.58533477783203
2025-01-31,73.4379653930664
2025-02-03,73.34541320800781
2025-02-04,73.5767593383789
2025-02-05,73.7710952758789
2025-02-06,73.66004943847656
2025-02-07,73.42869567871094
2025-02-10,73.5767593383789
2025-02-11,73.54901885986328
2025-02-12,73.39169311523438
2025-02-13,73.72481536865234
2025-02-14,73.80810546875
2025-02-18,73.74331665039062
2025-02-19,73.79884338378906
2025-02-20,73.84513092041016
2025-02-21,73.70631408691406
2025-02-24,73.79884338378906
2025-02-25,73.98392486572266
2025-02-26,74.0857162475586
2025-02-27,73.94691467285156
2025-02-28,74.15049743652344
2025-03-03,73.99617004394531
2025-03-04,73.98686218261719
2025-03-05,74.0240478515625
2025-03-06,73.74514770507812
2025-03-07,73.86600494384766
2025-03-10,73.58708953857422
2025-03-11,73.32677459716797
2025-03-12,73.41043853759766
2025-03-13,73.00135803222656
2025-03-14,73.33605194091797
2025-03-17,73.5127182006836
2025-03-18,73.38253784179688
2025-03-19,73.86600494384766
2025-03-20,73.76372528076172
2025-03-21,73.65216827392578
2025-03-24,73.86600494384766
2025-03-25,73.82881927490234
2025-03-26,73.53129577636719
2025-03-27,73.39186096191406
2025-03-28,73.26168823242188
2025-03-31,73.3453598022461
2025-04-01,73.51538848876953
2025-04-02,73.66487884521484
2025-04-03,72.74932861328125
2025-04-04,71.7123031616211
2025-04-07,71.09571075439453
2025-04-08,70.76871490478516
2025-04-09,72.66521453857422
2025-04-10,71.47874450683594
2025-04-11,71.69361877441406
2025-04-14,72.04862976074219
2025-04-15,72.24481964111328
2025-04-16,72.23548126220703
2025-04-17,72.65587615966797
2025-04-21,72.22612762451172
2025-04-22,72.50640869140625
2025-04-23,72.87077331542969
2025-04-24,73.52473449707031
2025-04-25,73.59012603759766
2025-04-28,73.62750244140625
2025-04-29,73.82368469238281
2025-04-30,73.43131256103516
2025-05-01,73.5261459350586
2025-05-02,73.75151824951172
2025-05-05,73.72335052490234
2025-05-06,73.6670150756836
2025-05-07,73.73274993896484
2025-05-08,73.71395874023438
2025-05-09,73.76091003417969
2025-05-12,74.49336242675781
2025-05-13,74.62481689453125
2025-05-14,74.35248565673828
2025-05-15,74.49336242675781
2025-05-16,74.57787322998047
2025-05-19,74.5403060913086
2025-05-20,74.50275421142578
2025-05-21,74.00505828857422
2025-05-22,74.15531158447266
2025-05-23,74.13652801513672
2025-05-27,74.5872573852539
2025-05-28,74.5403060913086
2025-05-29,74.65299224853516
2025-05-30,74.7187271118164
2025-06-02,74.70549774169922
2025-06-03,74.8470458984375
2025-06-04,74.98857116699219
2025-06-05,74.82816314697266
2025-06-06,74.81874084472656
2025-06-09,74.85648345947266
2025-06-10,75.0357437133789
2025-06-11,75.01686096191406
2025-06-12,75.1017837524414
2025-06-13,74.87535095214844
2025-06-16,75.02630615234375
2025-06-17,74.9413833618164
2025-06-18,75.05460357666016
2025-06-20,75.29047393798828
2025-06-23,75.4320068359375
2025-06-24,75.63955688476562
2025-06-25,75.6207046508789
2025-06-26,75.83769989013672
2025-06-27,75.7999496459961
2025-06-30,76.09244537353516
2025-07-01,75.9966812133789
2025-07-02,76.1388931274414
2025-07-03,76.18629455566406
2025-07-07,75.93033599853516
2025-07-08,75.8260726928711
2025-07-09,76.03461456298828
2025-07-10,75.95880126953125
2025-07-11,75.86399841308594
2025-07-14,75.92086791992188
2025-07-15,75.69335174560547
2025-07-16,75.8924331665039
2025-07-17,75.96825408935547
2025-07-18,76.07254028320312
2025-07-21,76.17681884765625
2025-07-22,76.30950927734375
2025-07-23,76.3474349975586
2025-07-24,76.25263214111328
2025-07-25,76.300048828125
2025-07-28,76.26211547851562
2025-07-29,76.30950927734375
2025-07-30,76.14837646484375
2025-07-31,76.19577026367188
2025-08-01,76.19957733154297
2025-08-04,76.45681762695312
2025-08-05,76.41870880126953
2025-08-06,76.49491119384766
2025-08-07,76.41870880126953
2025-08-08,76.42823028564453
2025-08-11,76.42823028564453
2025-08-12,76.59972381591797
2025-08-13,76.79979705810547
2025-08-14,76.59972381591797
2025-08-15,76.6568832397461
2025-08-18,76.59972381591797
2025-08-19,76.58067321777344
2025-08-20,76.55209350585938
2025-08-21,76.4091796875
2025-08-22,77.02845001220703
2025-08-25,76.87601470947266
2025-08-26,77.04749298095703
2025-08-27,77.14278411865234
2025-08-28,77.18089294433594
2025-08-29,77.03797912597656
2025-09-02,76.95469665527344
2025-09-03,77.16529846191406
2025-09-04,77.37590026855469
2025-09-05,77.41417694091797
2025-09-08,77.41417694091797
2025-09-09,77.32803344726562
2025-09-10,77.3854751586914
2025-09-11,77.57691192626953
2025-09-12,77.50035095214844
2025-09-15,77.72052001953125
2025-09-16,77.66307830810547
2025-09-17,77.58649444580078
2025-09-18,77.75879669189453
2025-09-19,77.78752899169922
2025-09-22,77.84496307373047
2025-09-23,77.78752899169922
2025-09-24,77.68222045898438
2025-09-25,77.46204376220703
2025-09-26,77.61522674560547
2025-09-29,77.74923706054688
2025-09-30,77.72052001953125
2025-10-01,77.86575317382812
2025-10-02,77.83688354492188
2025-10-03,77.75033569335938
2025-10-06,77.76956176757812
2025-10-07,77.6830062866211
2025-10-08,77.56758880615234
2025-10-09,77.34638214111328
2025-10-10,76.89433288574219
2025-10-13,77.37523651123047
2025-10-14,77.4617919921875
2025-10-15,77.71186065673828
2025-10-16,77.43293762207031
2025-10-17,77.6349105834961
2025-10-20,77.78878784179688
2025-10-21,77.67340087890625
2025-10-22,77.59644317626953
2025-10-23,77.76956176757812
2025-10-24,77.98116302490234
2025-10-27,78.17350006103516
2025-10-28,78.0965576171875
2025-10-29,77.85613250732422
2025-10-30,77.71186065673828
2025-10-31,77.71186065673828
2025-11-03,77.47017669677734
2025-11-04,77.47984313964844
2025-11-05,77.55718994140625
2025-11-06,77.58618927001953
2025-11-07,77.65385437011719
2025-11-10,77.91484832763672
2025-11-11,78.00186157226562
2025-11-12,77.84719848632812
2025-11-13,77.52818298339844
2025-11-14,77.54751586914062
2025-11-17,77.42184448242188
2025-11-18,77.4411849975586
2025-11-19,77.47984313964844
2025-11-20,77.43151092529297
2025-11-21,77.6925277709961
2025-11-24,77.90519714355469
2025-11-25,78.17586517333984
2025-11-26,78.2531967163086
2025-11-28,78.29186248779297
2025-12-01,78.15105438232422
2025-12-02,78.29673767089844
2025-12-03,78.36470794677734
2025-12-04,78.4229736328125
2025-12-05,78.4229736328125
2025-12-08,78.22874450683594
2025-12-09,78.14132690429688
2025-12-10,78.40355682373047
2025-12-11,78.39384460449219
2025-12-12,78.24816131591797
2025-12-15,78.28701782226562
2025-12-16,78.33557891845703
2025-12-17,78.23844909667969
2025-12-18,78.45211029052734
2025-12-19,78.4140625
2025-12-22,78.48236083984375
2025-12-23,78.5409164428711
2025-12-24,78.6872787475586
2025-12-26,78.64823913574219
2025-12-29,78.6775131225586
2025-12-30,78.7555923461914
2025-12-31,78.6775131225586
2026-01-02,78.716552734375
2026-01-05,78.92146301269531
2026-01-06,78.94097900390625
2026-01-07,78.92146301269531
2026-01-08,78.98001098632812
2026-01-09,79.03855895996094
2026-01-12,79.07759094238281
2026-01-13,79.07759094238281
2026-01-14,79.07759094238281
2026-01-15,79.07759094238281
2026-01-16,79.12638092041016
2026-01-20,78.92146301269531
2026-01-21,79.15565490722656
2026-01-22,79.21419525146484
2026-01-23,79.1751708984375
2026-01-26,79.21419525146484
2026-01-27,79.20443725585938
2026-01-28,79.07759094238281
2026-01-29,79.06783294677734
2026-01-30,79.15565490722656
2026-02-02,79.20370483398438
2026-02-03,79.1546859741211
2026-02-04,79.05661010742188
2026-02-05,78.96836853027344
2026-02-06,79.242919921875
2026-02-09,79.35078430175781
2026-02-10,79.27234649658203
2026-02-11,79.2625503540039
2026-02-12,79.22332000732422
2026-02-13,79.28215026855469
2026-02-17,79.242919921875
2026-02-18,79.34099578857422
2026-02-19,79.37040710449219
2026-02-20,79.42923736572266
2026-02-23,79.30176544189453
2026-02-24,79.242919921875
2026-02-25,79.35078430175781
2026-02-26,79.28215026855469
2026-02-27,79.1546859741211
2026-03-02,79.10934448242188
2026-03-03,78.9516830444336
2026-03-04,79.22759246826172
2026-03-05,78.91226196289062
2026-03-06,78.52794647216797
2026-03-09,79.00094604492188
2026-03-10,78.87284851074219
2026-03-11,78.69547271728516
2026-03-12,78.19290924072266
2026-03-13,78.04508972167969
2026-03-16,78.29144287109375
2026-03-17,78.64619445800781
2026-03-18,78.24217987060547
2026-03-19,78.4983901977539
2026-03-20,77.76917266845703
2026-03-23,78.2815933227539
2026-03-24,78.01553344726562
2026-03-25,78.26188659667969
2026-03-26,77.76917266845703
2026-03-27,77.57209014892578
2026-03-30,77.66078186035156
2026-03-31,78.39984130859375
2026-04-01,78.5919418334961
2026-04-02,78.78007507324219
2026-04-06,78.91870880126953
2026-04-07,78.93851470947266
2026-04-08,79.4039077758789
2026-04-09,79.4930191040039
2026-04-10,79.17616271972656
2026-04-13,79.47322082519531
2026-04-14,79.71086883544922
2026-04-15,79.67125701904297
2026-04-16,79.56233215332031
2026-04-17,79.8593978881836
2026-04-20,79.79008483886719
2026-04-21,79.58214569091797
2026-04-22,79.71086883544922
2026-04-23,79.58214569091797
2026-04-24,79.69107055664062
2026-04-27,79.72077178955078
2026-04-28,79.61184692382812
2026-04-29,79.34449005126953
2026-04-30,79.592041015625
2026-05-01,79.69058227539062
2026-05-04,79.4317855834961
2026-05-05,79.55123138427734
2026-05-06,79.79012298583984
2026-05-07,79.49150848388672
2026-05-08,79.77021789550781
2026-05-11,79.61095428466797
2026-05-12,79.50146484375
2026-05-13,79.5412826538086
2026-05-14,79.48155212402344
2026-05-15,79.09335327148438
2026-05-18,79.17298126220703
2026-05-19,78.98385620117188
2026-05-20,79.49150848388672
2026-05-21,79.53132629394531
2026-05-22,79.5412826538086
2026-05-26,79.81002807617188
2026-05-27,79.76026153564453
2026-05-28,79.85980224609375
2026-05-29,79.9394302368164
2026-06-01,79.47159576416016
2026-06-02,79.53132629394531
2026-06-03,79.31233978271484
2026-06-04,79.4616470336914
2026-06-05,79.06349182128906
2026-06-08,79.17298126220703
2026-06-09,79.25261688232422
2026-06-10,79.10330963134766
2026-06-11,79.5711441040039
2026-06-12,79.5711441040039
2026-06-15,79.6706771850586
2026-06-16,79.66072082519531
2026-06-17,79.36211395263672
2026-06-18,79.64081573486328
2026-06-22,79.5711441040039
2026-06-23,79.50146484375
2026-06-24,79.48155212402344
2026-06-25,79.51141357421875
2026-06-26,79.4616470336914
2026-06-29,79.64081573486328
2026-06-30,79.60099792480469
2026-07-01,79.58999633789062
2026-07-02,79.70999908447266
2026-07-06,79.87000274658203
2026-07-07,79.76000213623047
2026-07-08,79.66000366210938
