date,adj_close
2002-07-30,40.556915283203125
2002-07-31,40.92889404296875
2002-08-01,41.097564697265625
2002-08-02,41.41495895385742
2002-08-05,41.62327194213867
2002-08-06,41.285987854003906
2002-08-07,41.41495895385742
2002-08-08,41.27113342285156
2002-08-09,41.578651428222656
2002-08-12,41.6629753112793
2002-08-13,41.99528503417969
2002-08-14,41.87126922607422
2002-08-15,41.62821960449219
2002-08-16,41.35548400878906
2002-08-19,41.39512634277344
2002-08-20,41.77702331542969
2002-08-21,41.67285919189453
2002-08-22,41.449684143066406
2002-08-23,41.63815689086914
2002-08-26,41.657997131347656
2002-08-27,41.53401184082031
2002-08-28,41.68776321411133
2002-08-29,41.88118362426758
2002-08-30,41.96052932739258
2002-09-03,42.4184455871582
2002-09-04,42.40349197387695
2002-09-05,42.57270050048828
2002-09-06,42.24424743652344
2002-09-09,42.18449783325195
2002-09-10,42.33380126953125
2002-09-11,42.17955017089844
2002-09-12,42.398494720458984
2002-09-13,42.59757614135742
2002-09-16,42.612571716308594
2002-09-17,42.751869201660156
2002-09-18,42.801605224609375
2002-09-19,43.015647888183594
2002-09-20,43.00075912475586
2002-09-23,43.244598388671875
2002-09-24,43.398860931396484
2002-09-25,43.07040023803711
2002-09-26,43.04056167602539
2002-09-27,43.32422637939453
2002-09-30,43.57803726196289
2002-10-01,43.197669982910156
2002-10-02,43.342430114746094
2002-10-03,43.31751251220703
2002-10-04,43.362430572509766
2002-10-07,43.532142639160156
2002-10-08,43.45227813720703
2002-10-09,43.671905517578125
2002-10-10,43.422264099121094
2002-10-11,43.112831115722656
2002-10-14,43.0778923034668
2002-10-15,42.354122161865234
2002-10-16,42.354122161865234
2002-10-17,42.12947463989258
2002-10-18,42.2542610168457
2002-10-21,41.92983627319336
2002-10-22,41.90985107421875
2002-10-23,41.99970245361328
2002-10-24,42.199378967285156
2002-10-25,42.384063720703125
2002-10-28,42.4339599609375
2002-10-29,42.81830978393555
2002-10-30,42.81332015991211
2002-10-31,43.032958984375
2002-11-01,42.774993896484375
2002-11-04,42.63975524902344
2002-11-05,42.524566650390625
2002-11-06,42.664833068847656
2002-11-07,43.08054733276367
2002-11-08,43.185726165771484
2002-11-11,43.295921325683594
2002-11-12,43.16071319580078
2002-11-13,43.21076583862305
2002-11-14,42.66981506347656
2002-11-15,42.69988250732422
2002-11-18,42.73992919921875
2002-11-19,42.774993896484375
2002-11-20,42.539588928222656
2002-11-21,42.29417037963867
2002-11-22,42.244041442871094
2002-11-25,42.17897033691406
2002-11-26,42.55967712402344
2002-11-27,42.07380676269531
2002-11-29,42.1338996887207
2002-12-02,42.1187744140625
2002-12-03,42.113712310791016
2002-12-04,42.25988006591797
2002-12-05,42.375816345214844
2002-12-06,42.54719543457031
2002-12-09,42.70843505859375
2002-12-10,42.67316436767578
2002-12-11,42.81428146362305
2002-12-12,42.84955596923828
2002-12-13,42.6933479309082
2002-12-16,42.516937255859375
2002-12-17,42.61772918701172
2002-12-18,42.87980270385742
2002-12-19,43.10157012939453
2002-12-20,43.10157012939453
2002-12-23,43.07635498046875
2002-12-24,43.2376708984375
2002-12-26,43.30318832397461
2002-12-27,43.560184478759766
2002-12-30,43.64084243774414
2002-12-31,43.628684997558594
2003-01-02,42.939945220947266
2003-01-03,43.010833740234375
2003-01-06,42.90449142456055
2003-01-07,43.04121780395508
2003-01-08,43.142478942871094
2003-01-09,42.62086868286133
2003-01-10,42.666446685791016
2003-01-13,42.74241638183594
2003-01-14,42.843692779541016
2003-01-15,42.939945220947266
2003-01-16,42.92475128173828
2003-01-17,43.101966857910156
2003-01-21,43.24884033203125
2003-01-22,43.42609405517578
2003-01-23,43.334983825683594
2003-01-24,43.42103958129883
2003-01-27,43.289363861083984
2003-01-28,43.2944450378418
2003-01-29,43.1070442199707
2003-01-30,43.27420425415039
2003-01-31,43.2944450378418
2003-02-03,43.227394104003906
2003-02-04,43.369625091552734
2003-02-05,43.20196533203125
2003-02-06,43.369625091552734
2003-02-07,43.389949798583984
2003-02-10,43.30867385864258
2003-02-11,43.349308013916016
2003-02-12,43.53730773925781
2003-02-13,43.69477081298828
2003-02-14,43.542388916015625
2003-02-18,43.542388916015625
2003-02-19,43.704994201660156
2003-02-20,43.85741424560547
2003-02-21,43.69477081298828
2003-02-24,43.867549896240234
2003-02-25,43.92852783203125
2003-02-26,44.06063461303711
2003-02-27,44.10124969482422
2003-02-28,44.248619079589844
2003-03-03,44.3403205871582
2003-03-04,44.4268913269043
2003-03-05,44.508453369140625
2003-03-06,44.41672897338867
2003-03-07,44.56450271606445
2003-03-10,44.71226501464844
2003-03-11,44.702056884765625
2003-03-12,44.60013961791992
2003-03-13,44.105934143066406
2003-03-14,44.248619079589844
2003-03-17,43.90216064453125
2003-03-18,43.662689208984375
2003-03-19,43.45382308959961
2003-03-20,43.48435974121094
2003-03-21,43.08698654174805
2003-03-24,43.504756927490234
2003-03-25,43.50984191894531
2003-03-26,43.611751556396484
2003-03-27,43.693328857421875
2003-03-28,43.764591217041016
2003-03-31,44.080509185791016
2003-04-01,44.023765563964844
2003-04-02,43.712120056152344
2003-04-03,43.788719177246094
2003-04-04,43.712120056152344
2003-04-07,43.60987854003906
2003-04-08,43.7734260559082
2003-04-09,43.92155456542969
2003-04-10,43.80408477783203
2003-04-11,43.69166564941406
2003-04-14,43.56901168823242
2003-04-15,43.722328186035156
2003-04-16,43.819419860839844
2003-04-17,43.763187408447266
2003-04-21,43.68142318725586
2003-04-22,43.69166564941406
2003-04-23,43.67117691040039
2003-04-24,43.92671585083008
2003-04-25,43.998191833496094
2003-04-28,43.952247619628906
2003-04-29,43.87560272216797
2003-04-30,44.14126968383789
2003-05-01,44.178199768066406
2003-05-02,43.93711853027344
2003-05-05,44.075626373291016
2003-05-06,44.34751510620117
2003-05-07,44.65529251098633
2003-05-08,44.70145797729492
2003-05-09,44.7733039855957
2003-05-12,44.963069915771484
2003-05-13,45.00410461425781
2003-05-14,45.2503547668457
2003-05-15,45.20419692993164
2003-05-16,45.44529724121094
2003-05-19,45.43504333496094
2003-05-20,45.73770523071289
2003-05-21,45.594058990478516
2003-05-22,45.80952835083008
2003-05-23,45.75821304321289
2003-05-27,45.58896255493164
2003-05-28,45.59919738769531
2003-05-29,45.84028244018555
2003-05-30,45.81467056274414
2003-06-02,45.63665771484375
2003-06-03,45.940181732177734
2003-06-04,46.07390213012695
2003-06-05,45.909324645996094
2003-06-06,45.8577995300293
2003-06-09,46.109901428222656
2003-06-10,46.36708068847656
2003-06-11,46.26938247680664
2003-06-12,46.44940185546875
2003-06-13,46.619136810302734
2003-06-16,46.37741470336914
2003-06-17,46.125328063964844
2003-06-18,45.847557067871094
2003-06-19,45.914432525634766
2003-06-20,45.842430114746094
2003-06-23,46.0173225402832
2003-06-24,46.23334503173828
2003-06-25,45.88356018066406
2003-06-26,45.430912017822266
2003-06-27,45.389774322509766
2003-06-30,45.49778366088867
2003-07-01,45.61852264404297
2003-07-02,45.6651611328125
2003-07-03,45.374961853027344
2003-07-07,45.13136672973633
2003-07-08,45.146915435791016
2003-07-09,45.22984313964844
2003-07-10,45.333492279052734
2003-07-11,45.4941520690918
2003-07-14,45.22984313964844
2003-07-15,44.61306381225586
2003-07-16,44.6286506652832
2003-07-17,44.53537368774414
2003-07-18,44.42130661010742
2003-07-21,43.84086608886719
2003-07-22,43.99635314941406
2003-07-23,44.13108444213867
2003-07-24,43.96004104614258
2003-07-25,43.903053283691406
2003-07-28,43.58171844482422
2003-07-29,43.156734466552734
2003-07-30,43.50397491455078
2003-07-31,43.21376037597656
2003-08-01,43.38990020751953
2003-08-04,43.708824157714844
2003-08-05,43.41598129272461
2003-08-06,43.86040115356445
2003-08-07,44.01724624633789
2003-08-08,44.011993408203125
2003-08-11,43.82902908325195
2003-08-12,43.75062942504883
2003-08-13,43.26445007324219
2003-08-14,43.35332107543945
2003-08-15,43.3376579284668
2003-08-18,43.46829605102539
2003-08-19,43.81336212158203
2003-08-20,43.60425567626953
2003-08-21,43.44222640991211
2003-08-22,43.47356414794922
2003-08-25,43.285377502441406
2003-08-26,43.44222640991211
2003-08-27,43.3376579284668
2003-08-28,43.64080810546875
2003-08-29,43.52061462402344
2003-09-02,43.34332275390625
2003-09-03,43.4541130065918
2003-09-04,43.7337646484375
2003-09-05,44.287723541259766
2003-09-08,44.08197784423828
2003-09-09,44.29302215576172
2003-09-10,44.59376907348633
2003-09-11,44.435482025146484
2003-09-12,44.61488723754883
2003-09-15,44.694034576416016
2003-09-16,44.65703582763672
2003-09-17,44.905025482177734
2003-09-18,44.89976501464844
2003-09-19,44.89976501464844
2003-09-22,44.70457458496094
2003-09-23,44.810096740722656
2003-09-24,45.03693389892578
2003-09-25,45.10028076171875
2003-09-26,45.443206787109375
2003-09-29,45.248046875
2003-09-30,45.685916900634766
2003-10-01,45.88865280151367
2003-10-02,45.72373580932617
2003-10-03,45.09049606323242
2003-10-06,45.223514556884766
2003-10-07,44.96282196044922
2003-10-08,45.0426025390625
2003-10-09,44.898929595947266
2003-10-10,45.031986236572266
2003-10-13,44.96282196044922
2003-10-14,44.78187942504883
2003-10-15,44.622230529785156
2003-10-16,44.37746810913086
2003-10-17,44.61693572998047
2003-10-20,44.64887237548828
2003-10-21,44.72864532470703
2003-10-22,45.053253173828125
2003-10-23,44.90959167480469
2003-10-24,45.223514556884766
2003-10-27,45.10114288330078
2003-10-28,45.314002990722656
2003-10-29,45.0213508605957
2003-10-30,44.85639190673828
2003-10-31,45.01596450805664
2003-11-03,44.844642639160156
2003-11-04,45.00480270385742
2003-11-05,44.844642639160156
2003-11-06,44.61510467529297
2003-11-07,44.54031753540039
2003-11-10,44.52431869506836
2003-11-11,44.593719482421875
2003-11-12,44.73788070678711
2003-11-13,45.1275749206543
2003-11-14,45.37314224243164
2003-11-17,45.42654800415039
2003-11-18,45.613433837890625
2003-11-19,45.30373001098633
2003-11-20,45.58670425415039
2003-11-21,45.56534194946289
2003-11-24,45.32510757446289
2003-11-25,45.43718338012695
2003-11-26,45.32510757446289
2003-11-28,45.02611541748047
2003-12-01,44.75099182128906
2003-12-02,44.879451751708984
2003-12-03,44.76168441772461
2003-12-04,44.85807418823242
2003-12-05,45.40404510498047
2003-12-08,45.23280715942383
2003-12-09,45.007938385009766
2003-12-10,45.12035369873047
2003-12-11,45.39338302612305
2003-12-12,45.39338302612305
2003-12-15,45.3719596862793
2003-12-16,45.91802978515625
2003-12-17,46.036949157714844
2003-12-18,46.19377517700195
2003-12-19,46.19916534423828
2003-12-22,46.074798583984375
2003-12-23,45.761173248291016
2003-12-24,46.04777526855469
2003-12-26,46.19377517700195
2003-12-29,45.9126091003418
2003-12-30,45.863914489746094
2003-12-31,45.94478225708008
2004-01-02,45.57592010498047
2004-01-05,45.53798294067383
2004-01-06,45.87966537475586
2004-01-07,45.98274230957031
2004-01-08,45.98274230957031
2004-01-09,46.52518844604492
2004-01-12,46.52518844604492
2004-01-13,46.77467727661133
2004-01-14,46.86693572998047
2004-01-15,46.89406204223633
2004-01-16,46.69879150390625
2004-01-20,46.61736297607422
2004-01-21,46.75298309326172
2004-01-22,46.953731536865234
2004-01-23,46.6011848449707
2004-01-26,46.405879974365234
2004-01-27,46.59026336669922
2004-01-28,46.253990173339844
2004-01-29,46.1997184753418
2004-01-30,46.41132736206055
2004-02-02,46.365020751953125
2004-02-03,46.54456329345703
2004-02-04,46.468379974365234
2004-02-05,46.29428482055664
2004-02-06,46.57720184326172
2004-02-09,46.686004638671875
2004-02-10,46.55546569824219
2004-02-11,46.800296783447266
2004-02-12,46.7730827331543
2004-02-13,46.89274215698242
2004-02-17,46.89274215698242
2004-02-18,46.88187026977539
2004-02-19,46.91450881958008
2004-02-20,46.756710052490234
2004-02-23,46.90909194946289
2004-02-24,46.99073028564453
2004-02-25,47.045066833496094
2004-02-26,46.97439193725586
2004-02-27,47.15937805175781
2004-03-01,47.20899963378906
2004-03-02,46.93621826171875
2004-03-03,46.89250183105469
2004-03-04,47.039817810058594
2004-03-05,47.623687744140625
2004-03-08,47.891056060791016
2004-03-09,48.07114028930664
2004-03-10,48.065670013427734
2004-03-11,48.07114028930664
2004-03-12,47.923805236816406
2004-03-15,47.95112609863281
2004-03-16,48.18571853637695
2004-03-17,48.152957916259766
2004-03-18,48.00017547607422
2004-03-19,47.9347038269043
2004-03-22,48.11478805541992
2004-03-23,48.18571853637695
2004-03-24,48.152957916259766
2004-03-25,48.08751678466797
2004-03-26,47.78197479248047
2004-03-29,47.58005905151367
2004-03-30,47.59641647338867
2004-03-31,47.77103042602539
2004-04-01,47.65388870239258
2004-04-02,46.77284622192383
2004-04-05,46.543033599853516
2004-04-06,46.70718002319336
2004-04-07,46.712650299072266
2004-04-08,46.62507247924805
2004-04-12,46.47732925415039
2004-04-13,46.11616516113281
2004-04-14,46.08330535888672
2004-04-15,46.01765060424805
2004-04-16,46.18730926513672
2004-04-19,46.066925048828125
2004-04-20,45.73306655883789
2004-04-21,45.826133728027344
2004-04-22,46.00673294067383
2004-04-23,45.81519317626953
2004-04-26,45.809722900390625
2004-04-27,45.99028396606445
2004-04-28,45.68933868408203
2004-04-29,45.58538818359375
2004-04-30,45.6948127746582
2004-05-03,45.67719650268555
2004-05-04,45.545433044433594
2004-05-05,45.44117736816406
2004-05-06,45.39720153808594
2004-05-07,44.83726501464844
2004-05-10,44.826271057128906
2004-05-11,44.91410827636719
2004-05-12,44.84820556640625
2004-05-13,44.710975646972656
2004-05-14,44.9360237121582
2004-05-17,45.22705841064453
2004-05-18,45.13918685913086
2004-05-19,44.93055725097656
2004-05-20,45.15565490722656
2004-05-21,45.05685806274414
2004-05-24,45.08976745605469
2004-05-25,45.10628128051758
2004-05-26,45.331363677978516
2004-05-27,45.57838439941406
2004-05-28,45.452144622802734
2004-06-01,45.225746154785156
2004-06-02,45.14860153198242
2004-06-03,45.220176696777344
2004-06-04,45.032920837402344
2004-06-07,45.099002838134766
2004-06-08,45.08797073364258
2004-06-09,44.95580291748047
2004-06-10,45.00537109375
2004-06-14,44.785011291503906
2004-06-15,45.37998962402344
2004-06-16,45.28082275390625
2004-06-17,45.40751647949219
2004-06-18,45.313873291015625
2004-06-21,45.385459899902344
2004-06-22,45.324886322021484
2004-06-23,45.3910026550293
2004-06-24,45.567256927490234
2004-06-25,45.58927536010742
2004-06-28,45.253231048583984
2004-06-29,45.46812438964844
2004-06-30,45.749053955078125
2004-07-01,45.839111328125
2004-07-02,46.231544494628906
2004-07-06,46.14310073852539
2004-07-07,46.16524124145508
2004-07-08,46.17070007324219
2004-07-09,46.248104095458984
2004-07-12,46.303401947021484
2004-07-13,46.20390701293945
2004-07-14,46.18182373046875
2004-07-15,46.15966796875
2004-07-16,46.60737228393555
2004-07-19,46.59627914428711
2004-07-20,46.29230880737305
2004-07-21,46.19282531738281
2004-07-22,46.248104095458984
2004-07-23,46.35866165161133
2004-07-26,46.19837188720703
2004-07-27,45.872314453125
2004-07-28,45.944114685058594
2004-07-29,45.988346099853516
2004-07-30,46.303401947021484
2004-08-02,46.34939956665039
2004-08-03,46.4603271484375
2004-08-04,46.43257141113281
2004-08-05,46.571163177490234
2004-08-06,47.20883560180664
2004-08-09,47.0535774230957
2004-08-10,46.85954666137695
2004-08-11,47.02030563354492
2004-08-12,47.08128356933594
2004-08-13,47.16447448730469
2004-08-16,47.11459732055664
2004-08-17,47.33637619018555
2004-08-18,47.1811408996582
2004-08-19,47.297584533691406
2004-08-20,47.20326232910156
2004-08-23,47.04249572753906
2004-08-24,47.08683776855469
2004-08-25,47.092430114746094
2004-08-26,47.297584533691406
2004-08-27,47.242122650146484
2004-08-30,47.40848159790039
2004-08-31,47.613590240478516
2004-09-01,47.60586166381836
2004-09-02,47.34993362426758
2004-09-03,47.2220344543457
2004-09-07,47.24986267089844
2004-09-08,47.522396087646484
2004-09-09,47.43897247314453
2004-09-10,47.5335693359375
2004-09-13,47.65031814575195
2004-09-14,47.66144561767578
2004-09-15,47.61140441894531
2004-09-16,47.87281799316406
2004-09-17,47.7059211730957
2004-09-20,47.978519439697266
2004-09-21,48.01188659667969
2004-09-22,48.20650100708008
2004-09-23,48.03971481323242
2004-09-24,48.034088134765625
2004-09-27,48.16761016845703
2004-09-28,48.1175651550293
2004-09-29,47.817195892333984
2004-09-30,47.767127990722656
2004-10-01,47.57578659057617
2004-10-04,47.592525482177734
2004-10-05,47.592525482177734
2004-10-06,47.43628692626953
2004-10-07,47.35261535644531
2004-10-08,47.7542724609375
2004-10-11,47.8324089050293
2004-10-12,47.8324089050293
2004-10-13,48.00536346435547
2004-10-14,48.172698974609375
2004-10-15,48.01091384887695
2004-10-18,48.0834846496582
2004-10-19,48.066715240478516
2004-10-20,48.284297943115234
2004-10-21,48.21734619140625
2004-10-22,48.35120391845703
2004-10-25,48.40705490112305
2004-10-26,48.323341369628906
2004-10-27,48.027652740478516
2004-10-28,48.100215911865234
2004-10-29,48.23969268798828
2004-11-01,48.001853942871094
2004-11-02,48.11934280395508
2004-11-03,48.10253143310547
2004-11-04,48.07456970214844
2004-11-05,47.716453552246094
2004-11-08,47.64927673339844
2004-11-09,47.66047668457031
2004-11-10,47.565338134765625
2004-11-11,47.554161071777344
2004-11-12,47.73325729370117
2004-11-15,47.75563049316406
2004-11-16,47.70524215698242
2004-11-17,47.95708465576172
2004-11-18,47.996238708496094
2004-11-19,47.73325729370117
2004-11-22,47.76681137084961
2004-11-23,47.7220344543457
2004-11-24,47.78920364379883
2004-11-26,47.61573791503906
2004-11-29,47.330322265625
2004-11-30,47.28554153442383
2004-12-01,47.26980972290039
2004-12-02,47.1632080078125
2004-12-03,47.63468551635742
2004-12-06,47.72452163696289
2004-12-07,47.71891403198242
2004-12-08,48.072547912597656
2004-12-09,47.96025085449219
2004-12-10,48.033260345458984
2004-12-13,48.06689453125
2004-12-14,48.151161193847656
2004-12-15,48.32512664794922
2004-12-16,47.95464324951172
2004-12-17,47.89291000366211
2004-12-20,47.94907760620117
2004-12-21,48.01639938354492
2004-12-22,47.96591567993164
2004-12-23,47.90414810180664
2004-12-27,47.70206832885742
2004-12-28,47.69643783569336
2004-12-29,47.60101318359375
2004-12-30,47.7806396484375
2004-12-31,47.83754348754883
2005-01-03,47.93324279785156
2005-01-04,47.63478469848633
2005-01-05,47.713645935058594
2005-01-06,47.7586784362793
2005-01-07,47.719268798828125
2005-01-10,47.713645935058594
2005-01-11,47.809322357177734
2005-01-12,47.88254165649414
2005-01-13,48.074039459228516
2005-01-14,48.045860290527344
2005-01-18,48.028968811035156
2005-01-19,48.057167053222656
2005-01-20,48.1415901184082
2005-01-21,48.237335205078125
2005-01-24,48.23170471191406
2005-01-25,48.051551818847656
2005-01-26,48.06279754638672
2005-01-27,47.98955535888672
2005-01-28,48.237335205078125
2005-01-31,48.25428009033203
2005-02-01,48.220909118652344
2005-02-02,48.226600646972656
2005-02-03,48.147491455078125
2005-02-04,48.39601135253906
2005-02-07,48.49201202392578
2005-02-08,48.53718948364258
2005-02-09,48.77444076538086
2005-02-10,48.46940612792969
2005-02-11,48.40729904174805
2005-02-14,48.46940612792969
2005-02-15,48.39601135253906
2005-02-16,48.220909118652344
2005-02-17,48.11359405517578
2005-02-18,47.8707275390625
2005-02-22,47.87632751464844
2005-02-23,47.91592025756836
2005-02-24,47.83681869506836
2005-02-25,47.90461730957031
2005-02-28,47.59391784667969
2005-03-01,47.59450149536133
2005-03-02,47.58885955810547
2005-03-03,47.56053161621094
2005-03-04,47.77573776245117
2005-03-07,47.78707504272461
2005-03-08,47.56053161621094
2005-03-09,47.198001861572266
2005-03-10,47.28302764892578
2005-03-11,47.08474349975586
2005-03-14,47.198001861572266
2005-03-15,47.10738754272461
2005-03-16,47.215003967285156
2005-03-17,47.39626693725586
2005-03-18,47.27732467651367
2005-03-21,47.22064971923828
2005-03-22,46.875144958496094
2005-03-23,46.98281478881836
2005-03-24,47.022438049316406
2005-03-28,46.86949157714844
2005-03-29,47.06208801269531
2005-03-30,47.1696891784668
2005-03-31,47.40186309814453
2005-04-01,47.49796676635742
2005-04-04,47.4752197265625
2005-04-05,47.4809455871582
2005-04-06,47.62298583984375
2005-04-07,47.44118118286133
2005-04-08,47.49229431152344
2005-04-11,47.63435745239258
2005-04-12,47.8843994140625
2005-04-13,47.90713882446289
2005-04-14,48.032188415527344
2005-04-15,48.344749450683594
2005-04-18,48.24241638183594
2005-04-19,48.52090835571289
2005-04-20,48.49248123168945
2005-04-21,48.14580154418945
2005-04-22,48.350433349609375
2005-04-25,48.350433349609375
2005-04-26,48.327667236328125
2005-04-27,48.475460052490234
2005-04-28,48.77093505859375
2005-04-29,48.59478759765625
2005-05-02,48.64437484741211
2005-05-03,48.70708084106445
2005-05-04,48.695682525634766
2005-05-05,48.8496208190918
2005-05-06,48.50187683105469
2005-05-09,48.49616622924805
2005-05-10,48.66716766357422
2005-05-11,48.72987365722656
2005-05-12,48.7755012512207
2005-05-13,48.90091323852539
2005-05-16,48.90663528442383
2005-05-17,48.96931838989258
2005-05-18,49.12892150878906
2005-05-19,48.98073196411133
2005-05-20,48.975013732910156
2005-05-23,49.19735336303711
2005-05-24,49.328453063964844
2005-05-25,49.151763916015625
2005-05-26,49.180240631103516
2005-05-27,49.231529235839844
2005-05-31,49.48808288574219
2005-06-01,49.7934455871582
2005-06-02,49.77628707885742
2005-06-03,49.49033737182617
2005-06-06,49.621910095214844
2005-06-07,49.76484298706055
2005-06-08,49.6733283996582
2005-06-09,49.64476013183594
2005-06-10,49.330257415771484
2005-06-13,49.19872283935547
2005-06-14,49.14150619506836
2005-06-15,49.124393463134766
2005-06-16,49.27878952026367
2005-06-17,49.22161865234375
2005-06-20,49.147281646728516
2005-06-21,49.30169677734375
2005-06-22,49.6733283996582
2005-06-23,49.621910095214844
2005-06-24,49.74195861816406
2005-06-27,49.781978607177734
2005-06-28,49.570457458496094
2005-06-29,49.55327224731445
2005-06-30,49.72481155395508
2005-07-01,49.29692840576172
2005-07-05,49.09618377685547
2005-07-06,49.199432373046875
2005-07-07,49.31414794921875
2005-07-08,49.136295318603516
2005-07-11,49.113380432128906
2005-07-12,48.987239837646484
2005-07-13,48.941349029541016
2005-07-14,48.87822723388672
2005-07-15,48.88975143432617
2005-07-18,48.809425354003906
2005-07-19,48.87822723388672
2005-07-20,48.97002410888672
2005-07-21,48.608707427978516
2005-07-22,48.83810043334961
2005-07-25,48.75209045410156
2005-07-26,48.78646469116211
2005-07-27,48.71762466430664
2005-07-28,48.92982864379883
2005-07-29,48.63734817504883
2005-08-01,48.54014587402344
2005-08-02,48.494049072265625
2005-08-03,48.614906311035156
2005-08-04,48.58034896850586
2005-08-05,48.32145309448242
2005-08-08,48.19485092163086
2005-08-09,48.332942962646484
2005-08-10,48.30994415283203
2005-08-11,48.51710510253906
2005-08-12,48.71271514892578
2005-08-15,48.649410247802734
2005-08-16,48.87960433959961
2005-08-17,48.689697265625
2005-08-18,48.94864273071289
2005-08-19,48.91983413696289
2005-08-22,48.96015930175781
2005-08-23,49.05221176147461
2005-08-24,49.075225830078125
2005-08-25,49.10398864746094
2005-08-26,49.023468017578125
2005-08-29,49.057952880859375
2005-08-30,49.288116455078125
2005-08-31,49.61037826538086
2005-09-01,49.65882110595703
2005-09-02,49.670372009277344
2005-09-06,49.5145378112793
2005-09-07,49.35289001464844
2005-09-08,49.35289001464844
2005-09-09,49.3932991027832
2005-09-12,49.23744583129883
2005-09-13,49.3875732421875
2005-09-14,49.283626556396484
2005-09-15,49.133514404296875
2005-09-16,48.94306564331055
2005-09-19,49.04121398925781
2005-09-20,49.000789642333984
2005-09-21,49.22592544555664
2005-09-22,49.26056671142578
2005-09-23,48.989227294921875
2005-09-26,48.862247467041016
2005-09-27,48.89109802246094
2005-09-28,48.989227294921875
2005-09-29,48.87957763671875
2005-09-30,48.741050720214844
2005-10-03,48.55400466918945
2005-10-04,48.5771598815918
2005-10-05,48.692970275878906
2005-10-06,48.62930679321289
2005-10-07,48.692970275878906
2005-10-10,48.704551696777344
2005-10-11,48.61190414428711
2005-10-12,48.42660903930664
2005-10-13,48.351322174072266
2005-10-14,48.351322174072266
2005-10-17,48.2933464050293
2005-10-18,48.36289978027344
2005-10-19,48.420799255371094
2005-10-20,48.44972229003906
2005-10-21,48.66403579711914
2005-10-24,48.45554733276367
2005-10-25,48.229679107666016
2005-10-26,48.04435348510742
2005-10-27,48.154380798339844
2005-10-28,48.10224533081055
2005-10-31,48.13700866699219
2005-11-01,48.10685348510742
2005-11-02,48.00800323486328
2005-11-03,47.83945083618164
2005-11-04,47.816200256347656
2005-11-07,47.903411865234375
2005-11-08,48.14168167114258
2005-11-09,47.88595962524414
2005-11-10,48.15907669067383
2005-11-11,48.217220306396484
2005-11-14,48.002197265625
2005-11-15,48.16489028930664
2005-11-16,48.40900421142578
2005-11-17,48.5019416809082
2005-11-18,48.385765075683594
2005-11-21,48.47868728637695
2005-11-22,48.64727020263672
2005-11-23,48.519412994384766
2005-11-25,48.66472244262695
2005-11-28,48.7286262512207
2005-11-29,48.46125793457031
2005-11-30,48.43804931640625
2005-12-01,48.32896423339844
2005-12-02,48.369808197021484
2005-12-05,48.22404861450195
2005-12-06,48.451454162597656
2005-12-07,48.422340393066406
2005-12-08,48.632232666015625
2005-12-09,48.416481018066406
2005-12-12,48.30570983886719
2005-12-13,48.422340393066406
2005-12-14,48.725555419921875
2005-12-15,48.661376953125
2005-12-16,48.74885940551758
2005-12-19,48.77800750732422
2005-12-20,48.696407318115234
2005-12-21,48.632232666015625
2005-12-22,48.824676513671875
2005-12-23,48.94123840332031
2005-12-27,49.17451858520508
2005-12-28,49.02357864379883
2005-12-29,49.08207702636719
2005-12-30,49.09959411621094
2006-01-03,49.09379196166992
2006-01-04,49.18153762817383
2006-01-05,49.19329833984375
2006-01-06,49.1288948059082
2006-01-09,49.15227508544922
2006-01-10,48.953365325927734
2006-01-11,48.8304557800293
2006-01-12,49.00602340698242
2006-01-13,49.222496032714844
2006-01-17,49.281036376953125
2006-01-18,49.298526763916016
2006-01-19,49.17570877075195
2006-01-20,49.25762939453125
2006-01-23,49.245906829833984
2006-01-24,49.164005279541016
2006-01-25,48.859737396240234
2006-01-26,48.7543830871582
2006-01-27,48.78950119018555
2006-01-30,48.684146881103516
2006-01-31,48.7543830871582
2006-02-01,48.604148864746094
2006-02-02,48.604148864746094
2006-02-03,48.750823974609375
2006-02-06,48.68042755126953
2006-02-07,48.621742248535156
2006-02-08,48.59235763549805
2006-02-09,48.639339447021484
2006-02-10,48.49846649169922
2006-02-13,48.49846649169922
2006-02-14,48.428035736083984
2006-02-15,48.51604080200195
2006-02-16,48.492576599121094
2006-02-17,48.656951904296875
2006-02-21,48.5982551574707
2006-02-22,48.78023147583008
2006-02-23,48.66282653808594
2006-02-24,48.604148864746094
2006-02-27,48.51019287109375
2006-02-28,48.70390701293945
2006-03-01,48.60792922973633
2006-03-02,48.41355895996094
2006-03-03,48.29579162597656
2006-03-06,48.142704010009766
2006-03-07,48.166229248046875
2006-03-08,48.18980407714844
2006-03-09,48.236907958984375
2006-03-10,48.142704010009766
2006-03-13,48.101463317871094
2006-03-14,48.37821960449219
2006-03-15,48.28989028930664
2006-03-16,48.59613800048828
2006-03-17,48.496028900146484
2006-03-20,48.590274810791016
2006-03-21,48.39002227783203
2006-03-22,48.44892501831055
2006-03-23,48.325252532958984
2006-03-24,48.5372428894043
2006-03-27,48.43123245239258
2006-03-28,48.195640563964844
2006-03-29,48.14854049682617
2006-03-30,48.00722122192383
2006-03-31,48.042564392089844
2006-04-03,47.98943328857422
2006-04-04,47.995269775390625
2006-04-05,48.10753631591797
2006-04-06,47.97169494628906
2006-04-07,47.75307083129883
2006-04-10,47.81216049194336
2006-04-11,47.9007453918457
2006-04-12,47.788536071777344
2006-04-13,47.53450393676758
2006-04-17,47.717647552490234
2006-04-18,47.871219635009766
2006-04-19,47.735355377197266
2006-04-20,47.69403076171875
2006-04-21,47.79447555541992
2006-04-24,47.853553771972656
2006-04-25,47.55221939086914
2006-04-26,47.52861404418945
2006-04-27,47.6585693359375
2006-04-28,47.741249084472656
2006-05-01,47.48274612426758
2006-05-02,47.559837341308594
2006-05-03,47.49458694458008
2006-05-04,47.4649658203125
2006-05-05,47.57762145996094
2006-05-08,47.60134506225586
2006-05-09,47.58353805541992
2006-05-10,47.607261657714844
2006-05-11,47.52425003051758
2006-05-12,47.34635925292969
2006-05-15,47.44720458984375
2006-05-16,47.625083923339844
2006-05-17,47.48866653442383
2006-05-18,47.826663970947266
2006-05-19,47.7969970703125
2006-05-22,47.86220932006836
2006-05-23,47.84444808959961
2006-05-24,47.91556930541992
2006-05-25,47.838531494140625
2006-05-26,47.88003158569336
2006-05-30,47.838531494140625
2006-05-31,47.69026565551758
2006-06-01,47.77002716064453
2006-06-02,48.13899230957031
2006-06-05,48.043785095214844
2006-06-06,48.08543014526367
2006-06-07,48.019981384277344
2006-06-08,48.08543014526367
2006-06-09,48.2044792175293
2006-06-12,48.1806526184082
2006-06-13,48.24612045288086
2006-06-14,47.92476272583008
2006-06-15,47.817649841308594
2006-06-16,47.78788375854492
2006-06-19,47.73432540893555
2006-06-20,47.698612213134766
2006-06-21,47.69266128540039
2006-06-22,47.537899017333984
2006-06-23,47.49628448486328
2006-06-26,47.46650695800781
2006-06-27,47.591468811035156
2006-06-28,47.4367790222168
2006-06-29,47.633148193359375
2006-06-30,47.7998161315918
2006-07-03,47.777042388916016
2006-07-05,47.60382843017578
2006-07-06,47.75320816040039
2006-07-07,47.902530670166016
2006-07-10,47.93838119506836
2006-07-11,47.99214553833008
2006-07-12,48.03400421142578
2006-07-13,48.14150619506836
2006-07-14,48.17736053466797
2006-07-17,48.13555145263672
2006-07-18,47.95032501220703
2006-07-19,48.25503921508789
2006-07-20,48.356563568115234
2006-07-21,48.32672882080078
2006-07-24,48.32672882080078
2006-07-25,48.278892517089844
2006-07-26,48.398441314697266
2006-07-27,48.39243698120117
2006-07-28,48.52386474609375
2006-07-31,48.60154342651367
2006-08-01,48.61296081542969
2006-08-02,48.654876708984375
2006-08-03,48.666954040527344
2006-08-04,48.906883239746094
2006-08-07,48.84084701538086
2006-08-08,48.84684371948242
2006-08-09,48.82280349731445
2006-08-10,48.83489227294922
2006-08-11,48.678897857666016
2006-08-14,48.59493637084961
2006-08-15,48.82883834838867
2006-08-16,49.032814025878906
2006-08-17,49.02077865600586
2006-08-18,49.152748107910156
2006-08-21,49.212745666503906
2006-08-22,49.230712890625
2006-08-23,49.1827278137207
2006-08-24,49.230712890625
2006-08-25,49.29664993286133
2006-08-28,49.290714263916016
2006-08-29,49.33263397216797
2006-08-30,49.39269256591797
2006-08-31,49.4586181640625
2006-09-01,49.53208923339844
2006-09-05,49.36952590942383
2006-09-06,49.333396911621094
2006-09-07,49.36952590942383
2006-09-08,49.417724609375
2006-09-11,49.32740783691406
2006-09-12,49.46587371826172
2006-09-13,49.5140380859375
2006-09-14,49.417724609375
2006-09-15,49.38759994506836
2006-09-18,49.315338134765625
2006-09-19,49.610382080078125
2006-09-20,49.62239456176758
2006-09-21,49.97761917114258
2006-09-22,50.12814712524414
2006-09-25,50.29667663574219
2006-09-26,50.170310974121094
2006-09-27,50.15823745727539
2006-09-28,50.110107421875
2006-09-29,50.05584716796875
2006-10-02,50.144134521484375
2006-10-03,50.138084411621094
2006-10-04,50.36772918701172
2006-10-05,50.192481994628906
2006-10-06,49.92051696777344
2006-10-09,49.98091125488281
2006-10-10,49.678768157958984
2006-10-11,49.61832809448242
2006-10-12,49.648529052734375
2006-10-13,49.563934326171875
2006-10-16,49.648529052734375
2006-10-17,49.70294189453125
2006-10-18,49.69083023071289
2006-10-19,49.648529052734375
2006-10-20,49.63645935058594
2006-10-23,49.49747848510742
2006-10-24,49.563934326171875
2006-10-25,49.7452392578125
2006-10-26,49.914466857910156
2006-10-27,50.0776481628418
2006-10-30,50.10184097290039
2006-10-31,50.32539367675781
2006-11-01,50.50014877319336
2006-11-02,50.36062240600586
2006-11-03,49.97844696044922
2006-11-06,50.02702713012695
2006-11-07,50.19683074951172
2006-11-08,50.30601501464844
2006-11-09,50.29997253417969
2006-11-10,50.409149169921875
2006-11-13,50.38487243652344
2006-11-14,50.48806381225586
2006-11-15,50.34846496582031
2006-11-16,50.22114181518555
2006-11-17,50.403114318847656
2006-11-20,50.43339538574219
2006-11-21,50.50623321533203
2006-11-22,50.58506774902344
2006-11-24,50.63967514038086
2006-11-27,50.68821716308594
2006-11-28,50.7791633605957
2006-11-29,50.718482971191406
2006-11-30,50.98542785644531
2006-12-01,51.10354995727539
2006-12-04,51.09745788574219
2006-12-05,51.03047561645508
2006-12-06,50.951332092285156
2006-12-07,50.933082580566406
2006-12-08,50.70174789428711
2006-12-11,50.85997009277344
2006-12-12,50.951332092285156
2006-12-13,50.68955993652344
2006-12-14,50.61037826538086
2006-12-15,50.622562408447266
2006-12-18,50.64690017700195
2006-12-19,50.634735107421875
2006-12-20,50.622562408447266
2006-12-21,50.805198669433594
2006-12-22,50.5738639831543
2006-12-26,50.61037826538086
2006-12-27,50.47547912597656
2006-12-28,50.35943603515625
2006-12-29,50.33504867553711
2007-01-03,50.4815559387207
2007-01-04,50.66476821899414
2007-01-05,50.4998893737793
2007-01-08,50.5365104675293
2007-01-09,50.5243034362793
2007-01-10,50.4388313293457
2007-01-11,50.30450439453125
2007-01-12,50.200687408447266
2007-01-16,50.298423767089844
2007-01-17,50.200687408447266
2007-01-18,50.26786804199219
2007-01-19,50.188514709472656
2007-01-22,50.28010559082031
2007-01-23,50.13356018066406
2007-01-24,50.139678955078125
2007-01-25,49.94426727294922
2007-01-26,49.938175201416016
2007-01-29,49.90153503417969
2007-01-30,49.950382232666016
2007-01-31,50.13356018066406
2007-02-01,50.09735870361328
2007-02-02,50.14028549194336
2007-02-05,50.195472717285156
2007-02-06,50.33640670776367
2007-02-07,50.44671630859375
2007-02-08,50.458980560302734
2007-02-09,50.30576705932617
2007-02-12,50.23835372924805
2007-02-13,50.20158767700195
2007-02-14,50.489654541015625
2007-02-15,50.569305419921875
2007-02-16,50.624481201171875
2007-02-20,50.68571853637695
2007-02-21,50.67963790893555
2007-02-22,50.550899505615234
2007-02-23,50.75316619873047
2007-02-26,50.91249084472656
2007-02-27,51.34151077270508
2007-02-28,51.16383361816406
2007-03-01,51.2099494934082
2007-03-02,51.375919342041016
2007-03-05,51.40669631958008
2007-03-06,51.339073181152344
2007-03-07,51.4312858581543
2007-03-08,51.425167083740234
2007-03-09,51.13610076904297
2007-03-12,51.27756881713867
2007-03-13,51.505069732666016
2007-03-14,51.43746566772461
2007-03-15,51.382102966308594
2007-03-16,51.375919342041016
2007-03-19,51.30830383300781
2007-03-20,51.382102966308594
2007-03-21,51.45587158203125
2007-03-22,51.283748626708984
2007-03-23,51.20378494262695
2007-03-26,51.246822357177734
2007-03-27,51.234554290771484
2007-03-28,51.22837448120117
2007-03-29,51.15455627441406
2007-03-30,51.093101501464844
2007-04-02,51.14982604980469
2007-04-03,51.106685638427734
2007-04-04,51.18693542480469
2007-04-05,51.05730438232422
2007-04-09,50.82266616821289
2007-04-10,50.92765426635742
2007-04-11,50.86592483520508
2007-04-12,50.91531753540039
2007-04-13,50.82888412475586
2007-04-16,50.884464263916016
2007-04-17,51.10051345825195
2007-04-18,51.21780014038086
2007-04-19,51.21158981323242
2007-04-20,51.156070709228516
2007-04-23,51.261009216308594
2007-04-24,51.35973358154297
2007-04-25,51.32889175415039
2007-04-26,51.180747985839844
2007-04-27,51.180747985839844
2007-04-30,51.4029426574707
2007-05-01,51.40545654296875
2007-05-02,51.343467712402344
2007-05-03,51.28768539428711
2007-05-04,51.41788101196289
2007-05-07,51.461219787597656
2007-05-08,51.461219787597656
2007-05-09,51.29396057128906
2007-05-10,51.42402267456055
2007-05-11,51.318729400634766
2007-05-14,51.244354248046875
2007-05-15,51.23817443847656
2007-05-16,51.20713424682617
2007-05-17,51.07084274291992
2007-05-18,50.92213821411133
2007-05-21,50.99024963378906
2007-05-22,50.84779739379883
2007-05-23,50.74864196777344
2007-05-24,50.816802978515625
2007-05-25,50.76103591918945
2007-05-29,50.65568161010742
2007-05-30,50.70530700683594
2007-05-31,50.68668746948242
2007-06-01,50.468318939208984
2007-06-04,50.549198150634766
2007-06-05,50.38740158081055
2007-06-06,50.41229248046875
2007-06-07,49.90837097167969
2007-06-08,50.00169372558594
2007-06-11,49.87104415893555
2007-06-12,49.516441345214844
2007-06-13,49.67816925048828
2007-06-14,49.69064712524414
2007-06-15,49.90837097167969
2007-06-18,49.88348388671875
2007-06-19,50.126136779785156
2007-06-20,49.96437072753906
2007-06-21,49.902164459228516
2007-06-22,50.05146789550781
2007-06-25,50.21321487426758
2007-06-26,50.22568893432617
2007-06-27,50.219478607177734
2007-06-28,50.18832778930664
2007-06-29,50.44961929321289
2007-07-02,50.52647399902344
2007-07-03,50.37656021118164
2007-07-05,50.09551239013672
2007-07-06,49.97686004638672
2007-07-09,50.15797424316406
2007-07-10,50.50148010253906
2007-07-11,50.32662582397461
2007-07-12,50.1829833984375
2007-07-13,50.29536437988281
2007-07-16,50.49521255493164
2007-07-17,50.38909912109375
2007-07-18,50.5702018737793
2007-07-19,50.563907623291016
2007-07-20,50.81374740600586
2007-07-23,50.795021057128906
2007-07-24,50.932411193847656
2007-07-25,51.00111770629883
2007-07-26,51.407100677490234
2007-07-27,51.507022857666016
2007-07-30,51.37586212158203
2007-07-31,51.588226318359375
2007-08-01,51.445247650146484
2007-08-02,51.482872009277344
2007-08-03,51.815189361572266
2007-08-06,51.60826873779297
2007-08-07,51.60202407836914
2007-08-08,51.24462127685547
2007-08-09,51.533016204833984
2007-08-10,51.45777893066406
2007-08-13,51.539306640625
2007-08-14,51.72742462158203
2007-08-15,51.82141876220703
2007-08-16,52.02206802368164
2007-08-17,52.05972671508789
2007-08-20,52.17258071899414
2007-08-21,52.39828872680664
2007-08-22,52.22902297973633
2007-08-23,52.24783706665039
2007-08-24,52.26658248901367
2007-08-27,52.41085433959961
2007-08-28,52.680423736572266
2007-08-29,52.47982406616211
2007-08-30,52.74313735961914
2007-08-31,52.755645751953125
2007-09-04,52.65751266479492
2007-09-05,52.98484420776367
2007-09-06,52.87151336669922
2007-09-07,53.43809509277344
2007-09-10,53.55766296386719
2007-09-11,53.44432067871094
2007-09-12,53.312156677246094
2007-09-13,52.997406005859375
2007-09-14,53.066627502441406
2007-09-17,53.0981330871582
2007-09-18,53.041481018066406
2007-09-19,52.85264205932617
2007-09-20,52.2546272277832
2007-09-21,52.51895523071289
2007-09-24,52.588199615478516
2007-09-25,52.594539642333984
2007-09-26,52.61342239379883
2007-09-27,52.78337478637695
2007-09-28,52.80229187011719
2007-10-01,52.86542892456055
2007-10-02,52.97916793823242
2007-10-03,52.94126892089844
2007-10-04,53.03605651855469
2007-10-05,52.568416595458984
2007-10-08,52.758033752441406
2007-10-09,52.593727111816406
2007-10-10,52.64430618286133
2007-10-11,52.650630950927734
2007-10-12,52.47370529174805
2007-10-15,52.52424621582031
2007-10-16,52.6695671081543
2007-10-17,52.991783142089844
2007-10-18,53.19398880004883
2007-10-19,53.64887619018555
2007-10-22,53.54782485961914
2007-10-23,53.535186767578125
2007-10-24,53.80686569213867
2007-10-25,53.762664794921875
2007-10-26,53.62997817993164
2007-10-29,53.67418670654297
2007-10-30,53.7310676574707
2007-10-31,53.370887756347656
2007-11-01,53.80652618408203
2007-11-02,53.95231628417969
2007-11-05,53.888919830322266
2007-11-06,53.793861389160156
2007-11-07,53.99040603637695
2007-11-08,54.11082458496094
2007-11-09,54.43422317504883
2007-11-12,54.529354095458984
2007-11-13,54.2503662109375
2007-11-14,54.28839111328125
2007-11-15,54.59273910522461
2007-11-16,54.59273910522461
2007-11-19,54.98589324951172
2007-11-20,54.84000778198242
2007-11-21,55.27120590209961
2007-11-23,55.106300354003906
2007-11-26,55.86089324951172
2007-11-27,55.34093475341797
2007-11-28,55.14436340332031
2007-11-29,55.4550666809082
2007-11-30,55.53116226196289
2007-12-03,55.75063705444336
2007-12-04,55.80154800415039
2007-12-05,55.59162521362305
2007-12-06,55.298912048339844
2007-12-07,54.942649841308594
2007-12-10,54.815425872802734
2007-12-11,55.566158294677734
2007-12-12,55.10170364379883
2007-12-13,54.69453048706055
2007-12-14,54.53548812866211
2007-12-17,54.85997009277344
2007-12-18,54.96813201904297
2007-12-19,55.40708923339844
2007-12-20,55.318050384521484
2007-12-21,54.917205810546875
2007-12-24,54.75813674926758
2007-12-26,54.49736022949219
2007-12-27,54.86319351196289
2007-12-28,55.30378341674805
2007-12-31,55.55918884277344
2008-01-02,55.955108642578125
2008-01-03,56.070072174072266
2008-01-04,56.21694564819336
2008-01-07,56.319068908691406
2008-01-08,56.44043731689453
2008-01-09,56.3509635925293
2008-01-10,56.197757720947266
2008-01-11,56.5552978515625
2008-01-14,56.58088684082031
2008-01-15,56.951229095458984
2008-01-16,56.842655181884766
2008-01-17,57.30241394042969
2008-01-18,57.21941375732422
2008-01-22,57.857940673828125
2008-01-23,57.589744567871094
2008-01-24,57.06612777709961
2008-01-25,57.59617614746094
2008-01-28,57.38542175292969
2008-01-29,57.155555725097656
2008-01-30,57.13003921508789
2008-01-31,57.42374038696289
2008-02-01,57.61017608642578
2008-02-04,57.289852142333984
2008-02-05,57.69343566894531
2008-02-06,57.590938568115234
2008-02-07,56.94397735595703
2008-02-08,57.42438507080078
2008-02-11,57.55249786376953
2008-02-12,57.430789947509766
2008-02-13,57.18739700317383
2008-02-14,56.873538970947266
2008-02-15,56.9952278137207
2008-02-19,56.58525466918945
2008-02-20,56.5340461730957
2008-02-21,57.11688232421875
2008-02-22,56.95677947998047
2008-02-25,56.57890319824219
2008-02-26,56.71977233886719
2008-02-27,56.854270935058594
2008-02-28,57.52045822143555
2008-02-29,58.13539123535156
2008-03-03,57.98762512207031
2008-03-04,57.769168853759766
2008-03-05,57.5185546875
2008-03-06,57.98115539550781
2008-03-07,58.180362701416016
2008-03-10,58.5980339050293
2008-03-11,57.9619140625
2008-03-12,58.63011932373047
2008-03-13,58.32176208496094
2008-03-14,58.92571258544922
2008-03-17,59.221248626708984
2008-03-18,58.81650924682617
2008-03-19,59.324058532714844
2008-03-20,59.45257568359375
2008-03-24,58.40520095825195
2008-03-25,58.61085510253906
2008-03-26,58.65585708618164
2008-03-27,58.578731536865234
2008-03-28,58.81003952026367
2008-03-31,58.91286849975586
2008-04-01,58.397727966308594
2008-04-02,58.20429229736328
2008-04-03,58.20429229736328
2008-04-04,58.64916229248047
2008-04-07,58.26232147216797
2008-04-08,58.26877975463867
2008-04-09,58.61693572998047
2008-04-10,58.38479232788086
2008-04-11,58.636260986328125
2008-04-14,58.48796844482422
2008-04-15,58.22365188598633
2008-04-16,57.83036422729492
2008-04-17,57.694950103759766
2008-04-18,57.636959075927734
2008-04-21,57.643428802490234
2008-04-22,57.68854904174805
2008-04-23,57.63048553466797
2008-04-24,57.179229736328125
2008-04-25,57.10185623168945
2008-04-28,57.20497131347656
2008-04-29,57.30820846557617
2008-04-30,57.48869323730469
2008-05-01,57.4821662902832
2008-05-02,57.0166015625
2008-05-05,57.10063934326172
2008-05-06,56.9195442199707
2008-05-07,57.145896911621094
2008-05-08,57.514549255371094
2008-05-09,57.579219818115234
2008-05-12,57.4821662902832
2008-05-13,57.00362777709961
2008-05-14,56.98427200317383
2008-05-15,57.30112838745117
2008-05-16,57.204139709472656
2008-05-19,57.333457946777344
2008-05-20,57.508113861083984
2008-05-21,57.37220764160156
2008-05-22,56.99715805053711
2008-05-23,57.24940490722656
2008-05-27,56.97126388549805
2008-05-28,56.5444221496582
2008-05-29,56.27927017211914
2008-05-30,56.46683120727539
2008-06-02,56.8023681640625
2008-06-03,57.100948333740234
2008-06-04,56.89323806762695
2008-06-05,56.594696044921875
2008-06-06,57.087921142578125
2008-06-09,56.679054260253906
2008-06-10,56.341556549072266
2008-06-11,56.39999008178711
2008-06-12,55.90671157836914
2008-06-13,55.77690124511719
2008-06-16,55.78337478637695
2008-06-17,55.971622467041016
2008-06-18,56.27666091918945
2008-06-19,55.952152252197266
2008-06-20,56.21177673339844
2008-06-23,56.18584060668945
2008-06-24,56.48432540893555
2008-06-25,56.47783279418945
2008-06-26,56.795902252197266
2008-06-27,57.07499313354492
2008-06-30,57.1139030456543
2008-07-01,56.95892333984375
2008-07-02,57.09565734863281
2008-07-03,57.115238189697266
2008-07-07,57.3822135925293
2008-07-08,57.52543258666992
2008-07-09,57.798954010009766
2008-07-10,57.8184814453125
2008-07-11,57.278018951416016
2008-07-14,57.584075927734375
2008-07-15,57.792442321777344
2008-07-16,57.26498031616211
2008-07-17,56.99147033691406
2008-07-18,56.79612731933594
2008-07-21,56.9263801574707
2008-07-22,56.730987548828125
2008-07-23,56.639808654785156
2008-07-24,57.12822723388672
2008-07-25,56.79612731933594
2008-07-28,57.12173843383789
2008-07-29,56.95892333984375
2008-07-30,57.06960678100586
2008-07-31,57.52543258666992
2008-08-01,57.55418395996094
2008-08-04,57.514991760253906
2008-08-05,57.22092819213867
2008-08-06,57.24053192138672
2008-08-07,57.77638244628906
2008-08-08,57.750244140625
2008-08-11,57.46925354003906
2008-08-12,57.86782455444336
2008-08-13,57.74371337890625
2008-08-14,57.92010498046875
2008-08-15,58.13579559326172
2008-08-18,58.27951431274414
2008-08-19,58.19458770751953
2008-08-20,58.36444091796875
2008-08-21,58.24029541015625
2008-08-22,58.07042694091797
2008-08-25,58.455955505371094
2008-08-26,58.47549819946289
2008-08-27,58.56052017211914
2008-08-28,58.47549819946289
2008-08-29,58.4036979675293
2008-09-02,58.72165298461914
2008-09-03,58.86582565307617
2008-09-04,59.160858154296875
2008-09-05,59.029754638671875
2008-09-08,59.03632736206055
2008-09-09,59.30513381958008
2008-09-10,59.154335021972656
2008-09-11,59.049373626708984
2008-09-12,58.75447082519531
2008-09-15,59.882022857666016
2008-09-16,59.711570739746094
2008-09-17,60.24916076660156
2008-09-18,59.54112243652344
2008-09-19,58.479068756103516
2008-09-22,58.354488372802734
2008-09-23,58.354488372802734
2008-09-24,58.505271911621094
2008-09-25,58.32829666137695
2008-09-26,58.28895568847656
2008-09-29,59.101837158203125
2008-09-30,58.32169723510742
2008-10-01,58.73283767700195
2008-10-02,59.06179428100586
2008-10-03,59.28548049926758
2008-10-06,59.76570129394531
2008-10-07,59.719627380371094
2008-10-08,58.9565544128418
2008-10-09,58.364479064941406
2008-10-10,57.68031692504883
2008-10-13,57.28559494018555
2008-10-14,57.01583480834961
2008-10-15,57.48295211791992
2008-10-16,57.49612808227539
2008-10-17,57.857933044433594
2008-10-20,57.917152404785156
2008-10-21,58.528961181640625
2008-10-22,58.97627639770508
2008-10-23,59.055213928222656
2008-10-24,58.80525207519531
2008-10-27,58.77231979370117
2008-10-28,58.298709869384766
2008-10-29,58.38421630859375
2008-10-30,57.93687438964844
2008-10-31,57.81843948364258
2008-11-03,57.91091537475586
2008-11-04,58.60416030883789
2008-11-05,58.914485931396484
2008-11-06,58.73619079589844
2008-11-07,58.52492904663086
2008-11-10,58.5843391418457
2008-11-11,58.80228042602539
2008-11-12,59.16535568237305
2008-11-13,58.73619079589844
2008-11-14,59.317222595214844
2008-11-17,59.568180084228516
2008-11-18,60.030303955078125
2008-11-19,60.6773796081543
2008-11-20,61.89885711669922
2008-11-21,61.33102798461914
2008-11-24,60.756587982177734
2008-11-25,61.79979705810547
2008-11-26,62.176082611083984
2008-11-28,62.30153274536133
2008-12-01,63.144859313964844
2008-12-02,63.476078033447266
2008-12-03,63.575469970703125
2008-12-04,63.972938537597656
2008-12-05,63.29720687866211
2008-12-08,63.058780670166016
2008-12-09,63.595367431640625
2008-12-10,63.535743713378906
2008-12-11,63.919918060302734
2008-12-12,64.0988540649414
2008-12-15,64.2379150390625
2008-12-16,65.25809478759766
2008-12-17,65.70195007324219
2008-12-18,66.14574432373047
2008-12-19,65.9271469116211
2008-12-22,65.75494384765625
2008-12-23,65.72184753417969
2008-12-24,65.65557861328125
2008-12-26,66.00664520263672
2008-12-29,66.15230560302734
2008-12-30,66.2453842163086
2008-12-31,65.51396179199219
2009-01-02,64.57646179199219
2009-01-05,64.4634017944336
2009-01-06,64.42351531982422
2009-01-07,64.43680572509766
2009-01-08,64.60968017578125
2009-01-09,64.90888977050781
2009-01-12,65.31449127197266
2009-01-13,65.36103057861328
2009-01-14,65.72673797607422
2009-01-15,65.67357635498047
2009-01-16,65.06847381591797
2009-01-20,64.96875
2009-01-21,64.39031219482422
2009-01-22,63.964744567871094
2009-01-23,63.978065490722656
2009-01-26,63.81842803955078
2009-01-27,64.23733520507812
2009-01-28,63.8250617980957
2009-01-29,62.99398422241211
2009-01-30,62.96733474731445
2009-02-02,63.47816848754883
2009-02-03,62.93130111694336
2009-02-04,62.611289978027344
2009-02-05,62.75798034667969
2009-02-06,62.37789535522461
2009-02-09,62.25124740600586
2009-02-10,63.08469009399414
2009-02-11,63.57146072387695
2009-02-12,63.55145263671875
2009-02-13,63.0513801574707
2009-02-17,64.11154174804688
2009-02-18,63.644805908203125
2009-02-19,63.291412353515625
2009-02-20,63.471439361572266
2009-02-23,63.531471252441406
2009-02-24,63.291412353515625
2009-02-25,62.717979431152344
2009-02-26,62.557926177978516
2009-02-27,62.50458908081055
2009-03-02,63.131771087646484
2009-03-03,63.05146789550781
2009-03-04,62.73055648803711
2009-03-05,63.465980529785156
2009-03-06,63.16509246826172
2009-03-09,63.19186782836914
2009-03-10,62.73055648803711
2009-03-11,63.178504943847656
2009-03-12,63.35902786254883
2009-03-13,63.31221008300781
2009-03-16,62.951210021972656
2009-03-17,62.8308219909668
2009-03-18,64.98360443115234
2009-03-19,64.76299285888672
2009-03-20,64.76299285888672
2009-03-23,64.54232025146484
2009-03-24,64.44880676269531
2009-03-25,64.06098937988281
2009-03-26,64.22816467285156
2009-03-27,64.18802642822266
2009-03-30,64.46214294433594
2009-03-31,64.57576751708984
2009-04-01,64.73405456542969
2009-04-02,64.31159973144531
2009-04-03,63.574127197265625
2009-04-06,63.42658996582031
2009-04-07,63.587486267089844
2009-04-08,63.90261459350586
2009-04-09,63.527217864990234
2009-04-13,63.90261459350586
2009-04-14,64.231201171875
2009-04-15,64.29148864746094
2009-04-16,64.03669738769531
2009-04-17,63.520469665527344
2009-04-20,63.962989807128906
2009-04-21,63.71491622924805
2009-04-22,63.56071472167969
2009-04-23,63.5472526550293
2009-04-24,63.29922103881836
2009-04-27,63.56071472167969
2009-04-28,63.252288818359375
2009-04-29,62.91039276123047
2009-04-30,62.80301284790039
2009-05-01,62.60133361816406
2009-05-04,62.661827087402344
2009-05-05,62.64837646484375
2009-05-06,62.6753044128418
2009-05-07,62.150753021240234
2009-05-08,62.22473907470703
2009-05-11,62.80979537963867
2009-05-12,62.7694091796875
2009-05-13,63.05860137939453
2009-05-14,63.06535720825195
2009-05-15,62.91068649291992
2009-05-18,62.54079818725586
2009-05-19,62.45338821411133
2009-05-20,62.64837646484375
2009-05-21,61.96247482299805
2009-05-22,61.599308013916016
2009-05-26,61.18910598754883
2009-05-27,60.49643325805664
2009-05-28,60.81254959106445
2009-05-29,61.49843978881836
2009-06-01,60.494850158691406
2009-06-02,60.69717025756836
2009-06-03,61.06812286376953
2009-06-04,60.359901428222656
2009-06-05,59.75962448120117
2009-06-08,59.456092834472656
2009-06-09,59.712406158447266
2009-06-10,59.35491943359375
2009-06-11,59.75962448120117
2009-06-12,60.076637268066406
2009-06-15,60.34642791748047
2009-06-16,60.683677673339844
2009-06-17,60.52183151245117
2009-06-18,59.78659439086914
2009-06-19,60.06316375732422
2009-06-22,60.386844635009766
2009-06-23,60.58247375488281
2009-06-24,60.35312271118164
2009-06-25,61.10858917236328
2009-06-26,61.189517974853516
2009-06-29,61.317691802978516
2009-06-30,61.15579605102539
2009-07-01,61.11660385131836
2009-07-02,61.31951904296875
2009-07-06,61.360050201416016
2009-07-07,61.60361862182617
2009-07-08,62.31375503540039
2009-07-09,61.94851303100586
2009-07-10,62.334049224853516
2009-07-13,62.11087417602539
2009-07-14,61.698272705078125
2009-07-15,60.90012741088867
2009-07-16,61.265419006347656
2009-07-17,60.85279846191406
2009-07-20,61.07597351074219
2009-07-21,61.759124755859375
2009-07-22,61.39389419555664
2009-07-23,60.79871368408203
2009-07-24,60.92720031738281
2009-07-27,60.64312744140625
2009-07-28,60.76487350463867
2009-07-29,60.805458068847656
2009-07-30,61.048919677734375
2009-07-31,61.66441345214844
2009-08-03,61.009178161621094
2009-08-04,60.83281326293945
2009-08-05,60.486846923828125
2009-08-06,60.486846923828125
2009-08-07,60.08662414550781
2009-08-10,60.47330093383789
2009-08-11,60.893836975097656
2009-08-12,60.72427749633789
2009-08-13,61.199119567871094
2009-08-14,61.38898849487305
2009-08-17,61.809593200683594
2009-08-18,61.59251403808594
2009-08-19,61.82318878173828
2009-08-20,61.985939025878906
2009-08-21,61.3551025390625
2009-08-24,61.7349739074707
2009-08-25,61.89781951904297
2009-08-26,61.97920227050781
2009-08-27,61.809593200683594
2009-08-28,61.9520378112793
2009-08-31,62.13525390625
2009-09-01,62.29646682739258
2009-09-02,62.63655090332031
2009-09-03,62.41205978393555
2009-09-04,62.03789520263672
2009-09-08,61.89504623413086
2009-09-09,61.949485778808594
2009-09-10,62.41205978393555
2009-09-11,62.5957145690918
2009-09-14,62.228431701660156
2009-09-15,62.09916305541992
2009-09-16,62.05154800415039
2009-09-17,62.35764694213867
2009-09-18,62.02437210083008
2009-09-21,61.98352813720703
2009-09-22,62.146732330322266
2009-09-23,62.28280258178711
2009-09-24,62.452884674072266
2009-09-25,62.70460891723633
2009-09-28,62.81342697143555
2009-09-29,62.78617858886719
2009-09-30,62.833831787109375
2009-10-01,63.306488037109375
2009-10-02,63.27922821044922
2009-10-05,63.27241516113281
2009-10-06,63.067787170410156
2009-10-07,63.47021484375
2009-10-08,63.23834991455078
2009-10-09,62.63125228881836
2009-10-12,62.81538391113281
2009-10-13,62.9586067199707
2009-10-14,62.528926849365234
2009-10-15,62.32429885864258
2009-10-16,62.610755920410156
2009-10-19,62.706207275390625
2009-10-20,62.849525451660156
2009-10-21,62.706207275390625
2009-10-22,62.52208709716797
2009-10-23,62.21513748168945
2009-10-26,61.86042022705078
2009-10-27,62.39251708984375
2009-10-28,62.58351135253906
2009-10-29,62.28329086303711
2009-10-30,62.7471923828125
2009-11-02,62.58205032348633
2009-11-03,62.43764877319336
2009-11-04,62.265689849853516
2009-11-05,62.27945327758789
2009-11-06,62.4651985168457
2009-11-09,62.49261474609375
2009-11-10,62.54079055786133
2009-11-11,62.719696044921875
2009-11-12,62.740318298339844
2009-11-13,62.78843307495117
2009-11-16,63.125518798828125
2009-11-17,63.263099670410156
2009-11-18,63.10494613647461
2009-11-19,63.180503845214844
2009-11-20,63.173614501953125
2009-11-23,63.08420944213867
2009-11-24,63.407562255859375
2009-11-25,63.62076950073242
2009-11-27,63.90968704223633
2009-11-30,64.01284790039062
2009-12-01,63.6599235534668
2009-12-02,63.52885818481445
2009-12-03,63.232421875
2009-12-04,62.76362609863281
2009-12-07,62.936012268066406
2009-12-08,63.156593322753906
2009-12-09,63.032493591308594
2009-12-10,62.818824768066406
2009-12-11,62.50859451293945
2009-12-14,62.50859451293945
2009-12-15,62.30867004394531
2009-12-16,62.30867004394531
2009-12-17,62.860172271728516
2009-12-18,62.54993438720703
2009-12-21,61.908809661865234
2009-12-22,61.633018493652344
2009-12-23,61.60540771484375
2009-12-24,61.38487243652344
2009-12-28,61.21939468383789
2009-12-29,61.38103485107422
2009-12-30,61.491455078125
2009-12-31,61.19449234008789
2010-01-04,61.34645080566406
2010-01-05,61.615840911865234
2010-01-06,61.36720275878906
2010-01-07,61.36720275878906
2010-01-08,61.44314193725586
2010-01-11,61.48455810546875
2010-01-12,61.926631927490234
2010-01-13,61.62964630126953
2010-01-14,61.919677734375
2010-01-15,62.19601058959961
2010-01-19,62.08547592163086
2010-01-20,62.29963684082031
2010-01-21,62.52749252319336
2010-01-22,62.582759857177734
2010-01-25,62.44468307495117
2010-01-26,62.569000244140625
2010-01-27,62.423919677734375
2010-01-28,62.4032096862793
2010-01-29,62.64494705200195
2010-02-01,62.43013000488281
2010-02-02,62.5340461730957
2010-02-03,62.236087799072266
2010-02-04,62.748897552490234
2010-02-05,62.9498291015625
2010-02-08,62.8943977355957
2010-02-09,62.55485153198242
2010-02-10,62.381587982177734
2010-02-11,62.30538558959961
2010-02-12,62.450862884521484
2010-02-16,62.58949661254883
2010-02-17,62.25684356689453
2010-02-18,62.035133361816406
2010-02-19,62.069759368896484
2010-02-22,62.02128601074219
2010-02-23,62.49247360229492
2010-02-24,62.52711486816406
2010-02-25,62.755821228027344
2010-02-26,62.85280990600586
2010-03-01,62.91819763183594
2010-03-02,62.95289993286133
2010-03-03,62.89030456542969
2010-03-04,63.001556396484375
2010-03-05,62.70273971557617
2010-03-08,62.535980224609375
2010-03-09,62.69575881958008
2010-03-10,62.591522216796875
2010-03-11,62.535980224609375
2010-03-12,62.63327407836914
2010-03-15,62.63327407836914
2010-03-16,62.876487731933594
2010-03-17,62.95289993286133
2010-03-18,62.78618621826172
2010-03-19,62.70273971557617
2010-03-22,62.91115951538086
2010-03-23,62.779136657714844
2010-03-24,62.15383529663086
2010-03-25,61.924503326416016
2010-03-26,62.07048797607422
2010-03-29,61.980106353759766
2010-03-30,62.042598724365234
2010-03-31,62.18855285644531
2010-04-01,62.05965805053711
2010-04-05,61.50222396850586
2010-04-06,61.6833610534668
2010-04-07,62.06664276123047
2010-04-08,61.99699783325195
2010-04-09,62.06664276123047
2010-04-12,62.23386001586914
2010-04-13,62.352291107177734
2010-04-14,62.185081481933594
2010-04-15,62.28959655761719
2010-04-16,62.6659049987793
2010-04-19,62.51255416870117
2010-04-20,62.54044723510742
2010-04-21,62.74254608154297
2010-04-22,62.59624099731445
2010-04-23,62.42197036743164
2010-04-26,62.463836669921875
2010-04-27,63.049163818359375
2010-04-28,62.72865295410156
2010-04-29,62.8331298828125
2010-04-30,63.216400146484375
2010-05-03,63.050682067871094
2010-05-04,63.47712326049805
2010-05-05,63.72169494628906
2010-05-06,64.42058563232422
2010-05-07,64.24596405029297
2010-05-10,63.75668716430664
2010-05-11,63.83355712890625
2010-05-12,63.67274856567383
2010-05-13,63.847564697265625
2010-05-14,64.25991821289062
2010-05-17,64.1200942993164
2010-05-18,64.58837127685547
2010-05-19,64.64430236816406
2010-05-20,65.27336883544922
2010-05-21,65.30828857421875
2010-05-24,65.30828857421875
2010-05-25,65.53201293945312
2010-05-26,65.39915466308594
2010-05-27,64.7771987915039
2010-05-28,65.07068634033203
2010-06-01,65.1547622680664
2010-06-02,64.78334045410156
2010-06-03,64.69221496582031
2010-06-04,65.58930206298828
2010-06-07,65.85565185546875
2010-06-08,65.65245056152344
2010-06-09,65.65936279296875
2010-06-10,65.04966735839844
2010-06-11,65.46316528320312
2010-06-14,65.4070816040039
2010-06-15,65.20380401611328
2010-06-16,65.38603973388672
2010-06-17,65.69448852539062
2010-06-18,65.5613021850586
2010-06-21,65.51221466064453
2010-06-22,65.90471649169922
2010-06-23,66.15001678466797
2010-06-24,66.09400177001953
2010-06-25,66.1990966796875
2010-06-28,66.66868591308594
2010-06-29,66.9560546875
2010-06-30,67.0541763305664
2010-07-01,67.02471923828125
2010-07-02,66.90516662597656
2010-07-06,67.06678009033203
2010-07-07,66.85602569580078
2010-07-08,66.69438934326172
2010-07-09,66.51876831054688
2010-07-12,66.6311264038086
2010-07-13,66.30088806152344
2010-07-14,66.6311264038086
2010-07-15,66.97547912597656
2010-07-16,67.36197662353516
2010-07-19,67.18631744384766
2010-07-20,67.25655364990234
2010-07-21,67.68521118164062
2010-07-22,67.31278228759766
2010-07-23,67.09493255615234
2010-07-26,67.07382202148438
2010-07-27,66.8419418334961
2010-07-28,67.13006591796875
2010-07-29,67.27067565917969
2010-07-30,67.66413879394531
2010-08-02,67.4548568725586
2010-08-03,67.77192687988281
2010-08-04,67.49010467529297
2010-08-05,67.8141860961914
2010-08-06,68.25807189941406
2010-08-09,68.2440185546875
2010-08-10,68.58916473388672
2010-08-11,68.97674560546875
2010-08-12,68.80059814453125
2010-08-13,69.09651947021484
2010-08-16,69.59679412841797
2010-08-17,69.24445343017578
2010-08-18,69.17403411865234
2010-08-19,69.48401641845703
2010-08-20,69.25857543945312
2010-08-23,69.35012817382812
2010-08-24,69.89970397949219
2010-08-25,69.58267211914062
2010-08-26,69.89970397949219
2010-08-27,69.09651947021484
2010-08-30,69.62496185302734
2010-08-31,69.93498229980469
2010-09-01,69.43135833740234
2010-09-02,69.14173889160156
2010-09-03,68.74616241455078
2010-09-07,69.29007720947266
2010-09-08,69.09933471679688
2010-09-09,68.55548858642578
2010-09-10,68.35773468017578
2010-09-13,68.68262481689453
2010-09-14,69.02871704101562
2010-09-15,68.7885971069336
2010-09-16,68.54840850830078
2010-09-17,68.70378112792969
2010-09-20,68.9157485961914
2010-09-21,69.55847930908203
2010-09-22,69.66443634033203
2010-09-23,69.76334381103516
2010-09-24,69.41719055175781
2010-09-27,69.95401763916016
2010-09-28,70.18708038330078
2010-09-29,70.01757049560547
2010-09-30,69.93287658691406
2010-10-01,69.97036743164062
2010-10-04,70.21814727783203
2010-10-05,70.23230743408203
2010-10-06,70.68547058105469
2010-10-07,70.75621795654297
2010-10-08,70.78451538085938
2010-10-11,70.85530090332031
2010-10-12,70.65006256103516
2010-10-13,70.65006256103516
2010-10-14,70.24650573730469
2010-10-15,69.9420394897461
2010-10-18,70.2748031616211
2010-10-19,70.5155258178711
2010-10-20,70.4730224609375
2010-10-21,70.08362579345703
2010-10-22,70.1048583984375
2010-10-25,70.08362579345703
2010-10-26,69.61641693115234
2010-10-27,69.21280670166016
2010-10-28,69.61641693115234
2010-10-29,69.9278793334961
2010-11-01,69.810791015625
2010-11-02,70.04496002197266
2010-11-03,70.2720718383789
2010-11-04,70.83980560302734
2010-11-05,70.54170227050781
2010-11-08,70.56302642822266
2010-11-09,69.96688842773438
2010-11-10,70.22947692871094
2010-11-11,70.15144348144531
2010-11-12,69.56952667236328
2010-11-15,68.67527770996094
2010-11-16,69.186279296875
2010-11-17,68.9875717163086
2010-11-18,68.8243637084961
2010-11-19,68.96624755859375
2010-11-22,69.33528137207031
2010-11-23,69.47725677490234
2010-11-24,68.73210906982422
2010-11-26,69.03011322021484
2010-11-29,69.17916107177734
2010-11-30,69.29984283447266
2010-12-01,68.38847351074219
2010-12-02,68.21771240234375
2010-12-03,68.22482299804688
2010-12-06,68.65170288085938
2010-12-07,67.51342010498047
2010-12-08,66.93719482421875
2010-12-09,67.07947540283203
2010-12-10,66.51031494140625
2010-12-13,66.72380828857422
2010-12-14,66.01942443847656
2010-12-15,65.74910736083984
2010-12-16,66.14047241210938
2010-12-17,66.70951843261719
2010-12-20,66.70244598388672
2010-12-21,66.8447036743164
2010-12-22,66.65975952148438
2010-12-23,66.4250259399414
2010-12-27,66.68106079101562
2010-12-28,65.9806137084961
2010-12-29,66.72248077392578
2010-12-30,66.58695220947266
2010-12-31,66.92219543457031
2011-01-03,66.7153091430664
2011-01-04,66.87228393554688
2011-01-05,66.1518325805664
2011-01-06,66.49418640136719
2011-01-07,66.93638610839844
2011-01-10,67.16470336914062
2011-01-11,66.90081787109375
2011-01-12,66.70816802978516
2011-01-13,67.1575698852539
2011-01-14,66.97209167480469
2011-01-18,66.80803680419922
2011-01-19,66.9792709350586
2011-01-20,66.45853424072266
2011-01-21,66.67963409423828
2011-01-24,66.68678283691406
2011-01-25,67.02204895019531
2011-01-26,66.6154556274414
2011-01-27,66.8651123046875
2011-01-28,67.17182159423828
2011-01-31,66.90791320800781
2011-02-01,66.59685516357422
2011-02-02,66.4395523071289
2011-02-03,66.06050872802734
2011-02-04,65.6529541015625
2011-02-07,65.62432861328125
2011-02-08,65.17379760742188
2011-02-09,65.5456771850586
2011-02-10,65.3311538696289
2011-02-11,65.63145446777344
2011-02-14,65.6529541015625
2011-02-15,65.8030776977539
2011-02-16,65.71012115478516
2011-02-17,65.95330047607422
2011-02-18,65.9389877319336
2011-02-22,66.57539367675781
2011-02-23,66.4109115600586
2011-02-24,66.58253479003906
2011-02-25,66.79706573486328
2011-02-28,66.76851654052734
2011-03-01,66.84443664550781
2011-03-02,66.49317932128906
2011-03-03,66.04167938232422
2011-03-04,66.51473236083984
2011-03-07,66.34993743896484
2011-03-08,66.19219970703125
2011-03-09,66.5792465209961
2011-03-10,67.1454849243164
2011-03-11,66.98780822753906
2011-03-14,67.13832092285156
2011-03-15,67.38204193115234
2011-03-16,67.95541381835938
2011-03-17,67.74755859375
2011-03-18,67.70455932617188
2011-03-21,67.35337829589844
2011-03-22,67.38917541503906
2011-03-23,67.30319213867188
2011-03-24,66.95913696289062
2011-03-25,66.7799301147461
2011-03-28,66.80146026611328
2011-03-29,66.60787963867188
2011-03-30,66.83729553222656
2011-03-31,66.66527557373047
2011-04-01,66.80755615234375
2011-04-04,66.95846557617188
2011-04-05,66.62068939208984
2011-04-06,66.33319854736328
2011-04-07,66.34039306640625
2011-04-08,66.14639282226562
2011-04-11,66.23263549804688
2011-04-12,66.60633087158203
2011-04-13,66.86508178710938
2011-04-14,66.64227294921875
2011-04-15,67.13093566894531
2011-04-18,67.2962417602539
2011-04-19,67.38252258300781
2011-04-20,67.1165542602539
2011-04-21,67.16690826416016
2011-04-25,67.40408325195312
2011-04-26,67.69148254394531
2011-04-27,67.49744415283203
2011-04-28,67.75619506835938
2011-04-29,67.89279174804688
2011-05-02,67.87181091308594
2011-05-03,68.05198669433594
2011-05-04,68.2249526977539
2011-05-05,68.56355285644531
2011-05-06,68.59961700439453
2011-05-09,68.700439453125
2011-05-10,68.36903381347656
2011-05-11,68.61399841308594
2011-05-12,68.46265411376953
2011-05-13,68.72926330566406
2011-05-16,68.89495849609375
2011-05-17,69.09666442871094
2011-05-18,68.700439453125
2011-05-19,68.7724838256836
2011-05-20,68.9382553100586
2011-05-23,69.03191375732422
2011-05-24,69.10394287109375
2011-05-25,69.11109924316406
2011-05-26,69.49300384521484
2011-05-27,69.48574829101562
2011-05-31,69.5938491821289
2011-06-01,70.1673812866211
2011-06-02,69.74846649169922
2011-06-03,70.02291107177734
2011-06-06,69.97960662841797
2011-06-07,70.109619140625
2011-06-08,70.26126861572266
2011-06-09,69.97960662841797
2011-06-10,70.20353698730469
2011-06-13,70.0518569946289
2011-06-14,69.4956283569336
2011-06-15,70.24685668945312
2011-06-16,70.4418716430664
2011-06-17,70.39131927490234
2011-06-20,70.28294372558594
2011-06-21,70.1890640258789
2011-06-22,70.1601791381836
2011-06-23,70.52855682373047
2011-06-24,70.82469177246094
2011-06-27,70.55022430419922
2011-06-28,69.90011596679688
2011-06-29,69.48123931884766
2011-06-30,69.24281311035156
2011-07-01,69.06977844238281
2011-07-05,69.50424194335938
2011-07-06,69.6272964477539
2011-07-07,69.35938262939453
2011-07-08,70.09795379638672
2011-07-11,70.63375091552734
2011-07-12,70.73513793945312
2011-07-13,70.85100555419922
2011-07-14,70.44551086425781
2011-07-15,70.73513793945312
2011-07-18,70.69169616699219
2011-07-19,70.9596176147461
2011-07-20,70.61201477050781
2011-07-21,70.22106170654297
2011-07-22,70.48897552490234
2011-07-25,70.26448822021484
2011-07-26,70.56135559082031
2011-07-27,70.44551086425781
2011-07-28,70.58312225341797
2011-07-29,71.4374771118164
2011-08-01,71.69732666015625
2011-08-02,72.3578109741211
2011-08-03,72.41590118408203
2011-08-04,73.37394714355469
2011-08-05,72.52474212646484
2011-08-08,73.67882537841797
2011-08-09,74.1070785522461
2011-08-10,75.08695983886719
2011-08-11,73.98368835449219
2011-08-12,74.49906921386719
2011-08-15,74.2232437133789
2011-08-16,74.56436920166016
2011-08-17,75.08695983886719
2011-08-18,75.4788818359375
2011-08-19,75.55873107910156
2011-08-22,75.42085266113281
2011-08-23,75.115966796875
2011-08-24,74.310302734375
2011-08-25,74.76762390136719
2011-08-26,75.00709533691406
2011-08-29,74.51351928710938
2011-08-30,75.0289306640625
2011-08-31,74.76036834716797
2011-09-01,75.35609436035156
2011-09-02,76.04720306396484
2011-09-06,76.1490249633789
2011-09-07,75.7416763305664
2011-09-08,76.11267852783203
2011-09-09,76.48365020751953
2011-09-12,76.25086212158203
2011-09-13,76.02533721923828
2011-09-14,76.0689697265625
2011-09-15,75.50166320800781
2011-09-16,75.6470718383789
2011-09-19,76.26543426513672
2011-09-20,76.36727142333984
2011-09-21,76.69457244873047
2011-09-22,77.40753173828125
2011-09-23,76.76736450195312
2011-09-26,76.44725799560547
2011-09-27,75.93811798095703
2011-09-28,75.95260620117188
2011-09-29,75.95260620117188
2011-09-30,76.43268585205078
2011-10-03,77.1405029296875
2011-10-04,76.74686431884766
2011-10-05,76.42613220214844
2011-10-06,75.89407348632812
2011-10-07,75.50042724609375
2011-10-10,74.70594024658203
2011-10-11,74.95378875732422
2011-10-12,74.69863891601562
2011-10-13,74.9975357055664
2011-10-14,74.62576293945312
2011-10-17,75.1141586303711
2011-10-18,75.033935546875
2011-10-19,75.15058898925781
2011-10-20,74.9975357055664
2011-10-21,74.85899353027344
2011-10-24,74.82258605957031
2011-10-25,75.4640121459961
2011-10-26,74.91000366210938
2011-10-27,74.00621032714844
2011-10-28,74.45085144042969
2011-10-31,75.44944763183594
2011-11-01,76.35436248779297
2011-11-02,76.17179870605469
2011-11-03,75.81392669677734
2011-11-04,76.04032897949219
2011-11-07,76.1279525756836
2011-11-08,75.78463745117188
2011-11-09,76.45667266845703
2011-11-10,76.0841293334961
2011-11-11,75.73356628417969
2011-11-14,76.20833587646484
2011-11-15,76.10604095458984
2011-11-16,76.38360595703125
2011-11-17,76.5370101928711
2011-11-18,76.25212860107422
2011-11-21,76.46399688720703
2011-11-22,76.69768524169922
2011-11-23,76.96061706542969
2011-11-25,76.4712142944336
2011-11-28,76.47857666015625
2011-11-29,76.33244323730469
2011-11-30,75.88695526123047
2011-12-01,75.86498260498047
2011-12-02,76.20159149169922
2011-12-05,76.1577377319336
2011-12-06,75.96013641357422
2011-12-07,76.30403137207031
2011-12-08,76.69194030761719
2011-12-09,76.16500091552734
2011-12-12,76.42840576171875
2011-12-13,76.77970123291016
2011-12-14,77.10169982910156
2011-12-15,77.03585052490234
2011-12-16,77.40906524658203
2011-12-19,77.67247009277344
2011-12-20,76.969970703125
2011-12-21,76.72115325927734
2011-12-22,76.81632232666016
2011-12-23,76.50163269042969
2011-12-27,76.5448989868164
2011-12-28,77.02874755859375
2011-12-29,77.12411499023438
2011-12-30,77.39533996582031
2012-01-03,76.90413665771484
2012-01-04,76.66216278076172
2012-01-05,76.6768798828125
2012-01-06,76.9774169921875
2012-01-09,76.99209594726562
2012-01-10,76.83816528320312
2012-01-11,77.28533935546875
2012-01-12,77.12411499023438
2012-01-13,77.46857452392578
2012-01-17,77.54195404052734
2012-01-18,77.29995727539062
2012-01-19,76.83816528320312
2012-01-20,76.57421112060547
2012-01-23,76.4056167602539
2012-01-24,76.49358367919922
2012-01-25,76.8600845336914
2012-01-26,77.27070617675781
2012-01-27,77.50525665283203
2012-01-30,77.76919555664062
2012-01-31,78.0624008178711
2012-02-01,77.79141998291016
2012-02-02,77.90157318115234
2012-02-03,77.28472137451172
2012-02-06,77.49766540527344
2012-02-07,76.99822235107422
2012-02-08,77.03498840332031
2012-02-09,76.85868835449219
2012-02-10,77.29203033447266
2012-02-13,77.2405776977539
2012-02-14,77.40221405029297
2012-02-15,77.4609375
2012-02-16,77.10842895507812
2012-02-17,77.02761840820312
2012-02-21,76.74853515625
2012-02-22,77.04964447021484
2012-02-23,77.1597900390625
2012-02-24,77.21854400634766
2012-02-27,77.47566223144531
2012-02-28,77.51236724853516
2012-02-29,77.2038803100586
2012-03-01,76.95378112792969
2012-03-02,77.26272583007812
2012-03-05,77.10824584960938
2012-03-06,77.43196105957031
2012-03-07,77.28482818603516
2012-03-08,77.0567398071289
2012-03-09,76.99794006347656
2012-03-12,76.97582244873047
2012-03-13,76.42414093017578
2012-03-14,75.54878234863281
2012-03-15,75.52664947509766
2012-03-16,75.5046157836914
2012-03-19,75.04110717773438
2012-03-20,75.07791137695312
2012-03-21,75.46044921875
2012-03-22,75.55612182617188
2012-03-23,75.83561706542969
2012-03-26,75.74735260009766
2012-03-27,76.16665649414062
2012-03-28,76.03425598144531
2012-03-29,76.35059356689453
2012-03-30,75.9753646850586
2012-04-02,76.15742492675781
2012-04-03,75.59738159179688
2012-04-04,75.98057556152344
2012-04-05,76.31951904296875
2012-04-09,77.10065460205078
2012-04-10,77.4616928100586
2012-04-11,77.1595458984375
2012-04-12,77.0048599243164
2012-04-13,77.46903991699219
2012-04-16,77.44695281982422
2012-04-17,77.36588287353516
2012-04-18,77.52067565917969
2012-04-19,77.60909271240234
2012-04-20,77.61642456054688
2012-04-23,77.77119445800781
2012-04-24,77.57223510742188
2012-04-25,77.4764404296875
2012-04-26,77.73434448242188
2012-04-27,77.81543731689453
2012-04-30,77.88172149658203
2012-05-01,77.73997497558594
2012-05-02,77.8876724243164
2012-05-03,77.88023376464844
2012-05-04,78.19023132324219
2012-05-07,78.16810607910156
2012-05-08,78.34523010253906
2012-05-09,78.41165924072266
2012-05-10,78.3009262084961
2012-05-11,78.55928802490234
2012-05-14,78.90619659423828
2012-05-15,78.92828369140625
2012-05-16,78.9873275756836
2012-05-17,79.2825927734375
2012-05-18,79.23091888427734
2012-05-21,79.02421569824219
2012-05-22,78.85448455810547
2012-05-23,79.06116485595703
2012-05-24,78.8913803100586
2012-05-25,79.12019348144531
2012-05-29,79.05377197265625
2012-05-30,79.80656433105469
2012-05-31,80.1165542602539
2012-06-01,80.8047866821289
2012-06-04,80.3390884399414
2012-06-05,80.07295989990234
2012-06-06,79.54808807373047
2012-06-07,79.74031829833984
2012-06-08,79.79945373535156
2012-06-11,80.01383972167969
2012-06-12,79.5850830078125
2012-06-13,80.00639343261719
2012-06-14,79.79200744628906
2012-06-15,80.16168975830078
2012-06-18,80.13948822021484
2012-06-19,79.86598205566406
2012-06-20,79.70333862304688
2012-06-21,79.87336730957031
2012-06-22,79.52591705322266
2012-06-25,79.96208953857422
2012-06-26,79.78466796875
2012-06-27,79.89557647705078
2012-06-28,80.15428161621094
2012-06-29,79.78466796875
2012-07-02,80.1548080444336
2012-07-03,79.95491790771484
2012-07-05,80.16963195800781
2012-07-06,80.45095825195312
2012-07-09,80.6729965209961
2012-07-10,80.7100830078125
2012-07-11,80.63604736328125
2012-07-12,80.82107543945312
2012-07-13,80.75450134277344
2012-07-16,80.93214416503906
2012-07-17,80.72488403320312
2012-07-18,80.80632781982422
2012-07-19,80.68782043457031
2012-07-20,81.00617980957031
2012-07-23,81.13939666748047
2012-07-24,81.29489135742188
2012-07-25,81.33929443359375
2012-07-26,81.08756256103516
2012-07-27,80.50276184082031
2012-07-30,80.7618408203125
2012-07-31,80.90254974365234
2012-08-01,80.60748291015625
2012-08-02,80.80020904541016
2012-08-03,80.37759399414062
2012-08-06,80.4295654296875
2012-08-07,80.00690460205078
2012-08-08,79.89568328857422
2012-08-09,79.8364028930664
2012-08-10,80.06620788574219
2012-08-13,80.01437377929688
2012-08-14,79.62139129638672
2012-08-15,79.22101593017578
2012-08-16,79.02825164794922
2012-08-17,79.12467193603516
2012-08-20,79.16907501220703
2012-08-21,79.23582458496094
2012-08-22,79.85122680664062
2012-08-23,79.99210357666016
2012-08-24,79.95500183105469
2012-08-27,80.16264343261719
2012-08-28,80.1922378540039
2012-08-29,80.14034271240234
2012-08-30,80.28865814208984
2012-08-31,80.80765533447266
2012-09-04,80.62278747558594
2012-09-05,80.59304809570312
2012-09-06,80.04367065429688
2012-09-07,80.14761352539062
2012-09-10,80.18470764160156
2012-09-11,80.03621673583984
2012-09-12,79.64270782470703
2012-09-13,79.87289428710938
2012-09-14,79.12303161621094
2012-09-17,79.28631591796875
2012-09-18,79.48682403564453
2012-09-19,79.67247009277344
2012-09-20,79.71698760986328
2012-09-21,79.88774108886719
2012-09-24,80.0659408569336
2012-09-25,80.36293029785156
2012-09-26,80.69703674316406
2012-09-27,80.5262680053711
2012-09-28,80.5262680053711
2012-10-01,80.6756591796875
2012-10-02,80.62361145019531
2012-10-03,80.7054443359375
2012-10-04,80.38578033447266
2012-10-05,80.02147674560547
2012-10-08,80.28166198730469
2012-10-09,80.11811065673828
2012-10-10,80.31143951416016
2012-10-11,80.38578033447266
2012-10-12,80.39318084716797
2012-10-15,80.41548156738281
2012-10-16,80.03632354736328
2012-10-17,79.53083038330078
2012-10-18,79.38957214355469
2012-10-19,79.72412109375
2012-10-22,79.45646667480469
2012-10-23,79.83555603027344
2012-10-24,79.66461944580078
2012-10-25,79.37472534179688
2012-10-26,79.88023376464844
2012-10-31,80.20734405517578
2012-11-01,80.04727172851562
2012-11-02,80.11430358886719
2012-11-05,80.30782318115234
2012-11-06,79.94300079345703
2012-11-07,80.61307525634766
2012-11-08,80.97032928466797
2012-11-09,80.97781372070312
2012-11-12,81.02986907958984
2012-11-13,81.1266860961914
2012-11-14,81.1490249633789
2012-11-15,81.11177062988281
2012-11-16,81.1639175415039
2012-11-19,81.00011444091797
2012-11-20,80.66512298583984
2012-11-21,80.54598999023438
2012-11-23,80.50141143798828
2012-11-26,80.63536834716797
2012-11-27,80.82145690917969
2012-11-28,80.92570495605469
2012-11-29,81.00758361816406
2012-11-30,80.99267578125
2012-12-03,80.9606704711914
2012-12-04,81.1022720336914
2012-12-05,81.16936492919922
2012-12-06,81.21407318115234
2012-12-07,80.9830551147461
2012-12-10,81.05754852294922
2012-12-11,80.90103149414062
2012-12-12,80.55813598632812
2012-12-13,80.40161895751953
2012-12-14,80.58049774169922
2012-12-17,80.15567016601562
2012-12-18,79.84259796142578
2012-12-19,79.95439147949219
2012-12-20,80.006591796875
2012-12-21,80.22274780273438
2012-12-24,80.14078521728516
2012-12-26,80.30572509765625
2012-12-27,80.46992492675781
2012-12-28,80.65656280517578
2012-12-31,80.23108673095703
2013-01-02,79.8653335571289
2013-01-03,79.45484161376953
2013-01-04,79.4920883178711
2013-01-07,79.53693389892578
2013-01-08,79.73094940185547
2013-01-09,79.77574920654297
2013-01-10,79.5443344116211
2013-01-11,79.79814910888672
2013-01-14,79.76826477050781
2013-01-15,79.96234893798828
2013-01-16,80.06683349609375
2013-01-17,79.70111083984375
2013-01-18,79.925048828125
2013-01-22,79.9921875
2013-01-23,80.0295639038086
2013-01-24,79.89519500732422
2013-01-25,79.3652572631836
2013-01-28,79.20101928710938
2013-01-29,79.08161163330078
2013-01-30,79.12638092041016
2013-01-31,79.19357299804688
2013-02-01,78.92447662353516
2013-02-04,79.38043212890625
2013-02-05,79.09636688232422
2013-02-06,79.33553314208984
2013-02-07,79.3729248046875
2013-02-08,79.43276977539062
2013-02-11,79.35053253173828
2013-02-12,79.26829528808594
2013-02-13,78.99180603027344
2013-02-14,79.32809448242188
2013-02-15,79.25336456298828
2013-02-19,79.12629699707031
2013-02-20,79.2982177734375
2013-02-21,79.45516204833984
2013-02-22,79.55232238769531
2013-02-25,80.16517639160156
2013-02-26,80.01565551757812
2013-02-27,79.97830963134766
2013-02-28,80.09046936035156
2013-03-01,80.29022216796875
2013-03-04,80.10313415527344
2013-03-05,80.02083587646484
2013-03-06,79.76643371582031
2013-03-07,79.45960998535156
2013-03-08,79.05555725097656
2013-03-11,79.09302520751953
2013-03-12,79.30998992919922
2013-03-13,79.24262237548828
2013-03-14,79.2651138305664
2013-03-15,79.54193878173828
2013-03-18,79.80384826660156
2013-03-19,80.05081939697266
2013-03-20,79.74398803710938
2013-03-21,79.95349884033203
2013-03-22,79.9834213256836
2013-03-25,80.04328155517578
2013-03-26,80.1255874633789
2013-03-27,80.46980285644531
2013-03-28,80.3201675415039
2013-04-01,80.53372192382812
2013-04-02,80.3763656616211
2013-04-03,80.71353912353516
2013-04-04,81.03569793701172
2013-04-05,81.29048156738281
2013-04-08,81.02823638916016
2013-04-09,81.05817413330078
2013-04-10,80.72106170654297
2013-04-11,80.81092834472656
2013-04-12,81.26052856445312
2013-04-15,81.44035339355469
2013-04-16,81.20800018310547
2013-04-17,81.35791015625
2013-04-18,81.40290832519531
2013-04-19,81.35791015625
2013-04-22,81.40290832519531
2013-04-23,81.35041809082031
2013-04-24,81.38790893554688
2013-04-25,81.2979965209961
2013-04-26,81.5901870727539
2013-04-29,81.56021118164062
2013-04-30,81.54524230957031
2013-05-01,81.81155395507812
2013-05-02,81.81155395507812
2013-05-03,81.11387634277344
2013-05-06,81.00885009765625
2013-05-07,80.89627838134766
2013-05-08,80.99380493164062
2013-05-09,80.97881317138672
2013-05-10,80.52120208740234
2013-05-13,80.37862396240234
2013-05-14,80.05602264404297
2013-05-15,80.26612854003906
2013-05-16,80.64873504638672
2013-05-17,80.21356964111328
2013-05-20,80.15360260009766
2013-05-21,80.36363983154297
2013-05-22,79.72595977783203
2013-05-23,79.80850219726562
2013-05-24,79.8385009765625
2013-05-28,78.9007339477539
2013-05-29,79.22332000732422
2013-05-30,79.23082733154297
2013-05-31,79.01329803466797
2013-06-03,79.12745666503906
2013-06-04,78.92459869384766
2013-06-05,79.30776977539062
2013-06-06,79.40542602539062
2013-06-07,78.78937530517578
2013-06-10,78.59408569335938
2013-06-11,78.78937530517578
2013-06-12,78.43628692626953
2013-06-13,79.02975463867188
2013-06-14,79.13494110107422
2013-06-17,78.9471206665039
2013-06-18,78.9020767211914
2013-06-19,77.8203125
2013-06-20,77.46723937988281
2013-06-21,76.64835357666016
2013-06-24,76.46056365966797
2013-06-25,76.3703842163086
2013-06-26,76.67842864990234
2013-06-27,77.09160614013672
2013-06-28,77.00144958496094
2013-07-01,77.03079223632812
2013-07-02,77.06090545654297
2013-07-03,76.91038513183594
2013-07-05,75.61653900146484
2013-07-08,76.06037902832031
2013-07-09,76.18824768066406
2013-07-10,75.91743469238281
2013-07-11,76.67725372314453
2013-07-12,76.6170425415039
2013-07-15,76.85774230957031
2013-07-16,76.89537048339844
2013-07-17,77.23387145996094
2013-07-18,76.87284851074219
2013-07-19,77.29409790039062
2013-07-22,77.28656768798828
2013-07-23,77.19629669189453
2013-07-24,76.67725372314453
2013-07-25,76.79010009765625
2013-07-26,76.85774230957031
2013-07-29,76.69979858398438
2013-07-30,76.67725372314453
2013-07-31,76.72988891601562
2013-08-01,76.0527114868164
2013-08-02,76.70049285888672
2013-08-05,76.45946502685547
2013-08-06,76.48206329345703
2013-08-07,76.76074981689453
2013-08-08,76.87374114990234
2013-08-09,76.92642211914062
2013-08-12,76.77581024169922
2013-08-13,76.08282470703125
2013-08-14,76.15060424804688
2013-08-15,75.72877502441406
2013-08-16,75.43495178222656
2013-08-19,75.1110610961914
2013-08-20,75.517822265625
2013-08-21,75.04325866699219
2013-08-22,75.01313781738281
2013-08-23,75.43495178222656
2013-08-26,75.58564758300781
2013-08-27,76.01502227783203
2013-08-28,75.7061767578125
2013-08-29,75.78144836425781
2013-08-30,75.63839721679688
2013-09-03,75.20909118652344
2013-09-04,74.96016693115234
2013-09-05,74.38676452636719
2013-09-06,74.83943176269531
2013-09-09,74.99032592773438
2013-09-10,74.6432876586914
2013-09-11,75.02051544189453
2013-09-12,75.02803802490234
2013-09-13,75.12614440917969
2013-09-16,75.29208374023438
2013-09-17,75.44300842285156
2013-09-18,76.3783950805664
2013-09-19,76.11441040039062
2013-09-20,76.18984985351562
2013-09-23,76.47650909423828
2013-09-24,76.75565338134766
2013-09-25,76.9669189453125
2013-09-26,76.80093383789062
2013-09-27,76.90657043457031
2013-09-30,77.03479766845703
2013-10-01,76.86331939697266
2013-10-02,76.99176025390625
2013-10-03,77.0975341796875
2013-10-04,76.88594818115234
2013-10-07,76.95394897460938
2013-10-08,76.91616821289062
2013-10-09,76.78014373779297
2013-10-10,76.61399841308594
2013-10-11,76.72730255126953
2013-10-14,76.47039031982422
2013-10-15,76.48551177978516
2013-10-16,76.85572052001953
2013-10-17,77.29397583007812
2013-10-18,77.30148315429688
2013-10-21,77.24866485595703
2013-10-22,77.78506469726562
2013-10-23,77.92107391357422
2013-10-24,77.7624282836914
2013-10-25,77.89835357666016
2013-10-28,77.8228530883789
2013-10-29,77.92864227294922
2013-10-30,77.724609375
2013-10-31,77.63392639160156
2013-11-01,77.2033920288086
2013-11-04,77.35466766357422
2013-11-05,77.00662994384766
2013-11-06,77.24124145507812
2013-11-07,77.44554901123047
2013-11-08,76.57525634765625
2013-11-11,76.53742980957031
2013-11-12,76.46935272216797
2013-11-13,76.78720092773438
2013-11-14,77.1579360961914
2013-11-15,77.09742736816406
2013-11-18,77.36990356445312
2013-11-19,77.08232879638672
2013-11-20,76.65853118896484
2013-11-21,76.72659301757812
2013-11-22,76.94606018066406
2013-11-25,77.00662994384766
2013-11-26,77.17311096191406
2013-11-27,76.9990463256836
2013-11-29,76.95368957519531
2013-12-02,76.62316131591797
2013-12-03,76.75961303710938
2013-12-04,76.41095733642578
2013-12-05,76.221435546875
2013-12-06,76.28964233398438
2013-12-09,76.38060760498047
2013-12-10,76.6989517211914
2013-12-11,76.40339660644531
2013-12-12,76.18360900878906
2013-12-13,76.29724884033203
2013-12-16,76.25933837890625
2013-12-17,76.50190734863281
2013-12-18,76.21385192871094
2013-12-19,75.8954849243164
2013-12-20,76.13047790527344
2013-12-23,75.88792419433594
2013-12-24,75.59236145019531
2013-12-26,75.52703857421875
2013-12-27,75.48151397705078
2013-12-30,75.68645477294922
2013-12-31,75.34483337402344
2014-01-02,75.64093780517578
2014-01-03,75.59537506103516
2014-01-06,75.80796813964844
2014-01-07,75.929443359375
2014-01-08,75.55741882324219
2014-01-09,75.75485229492188
2014-01-10,76.39257049560547
2014-01-13,76.61273193359375
2014-01-14,76.32421112060547
2014-01-15,76.25591278076172
2014-01-16,76.468505859375
2014-01-17,76.65067291259766
2014-01-21,76.56719970703125
2014-01-22,76.35460662841797
2014-01-23,76.87085723876953
2014-01-24,77.18215942382812
2014-01-27,76.94679260253906
2014-01-28,77.06067657470703
2014-01-29,77.42509460449219
2014-01-30,77.34915924072266
2014-01-31,77.65286254882812
2014-02-03,78.07496643066406
2014-02-04,77.83918762207031
2014-02-05,77.55776977539062
2014-02-06,77.41326141357422
2014-02-07,77.61863708496094
2014-02-10,77.65664672851562
2014-02-11,77.31446075439453
2014-02-12,77.13192749023438
2014-02-13,77.4969482421875
2014-02-14,77.44363403320312
2014-02-18,77.6338119506836
2014-02-19,77.48174285888672
2014-02-20,77.3980941772461
2014-02-21,77.4969482421875
2014-02-24,77.4208984375
2014-02-25,77.68710327148438
2014-02-26,77.91522216796875
2014-02-27,78.00648498535156
2014-02-28,77.93045043945312
2014-03-03,78.3159408569336
2014-03-04,77.71409606933594
2014-03-05,77.79788970947266
2014-03-06,77.46272277832031
2014-03-07,77.12754821777344
2014-03-10,77.21134185791016
2014-03-11,77.28755950927734
2014-03-12,77.59221649169922
2014-03-13,78.04930114746094
2014-03-14,78.056884765625
2014-03-17,77.74456787109375
2014-03-18,77.93504333496094
2014-03-19,77.21134185791016
2014-03-20,77.22655487060547
2014-03-21,77.37130737304688
2014-03-24,77.40178680419922
2014-03-25,77.3560791015625
2014-03-26,77.68362426757812
2014-03-27,77.75980377197266
2014-03-28,77.48556518554688
2014-03-31,77.49320983886719
2014-04-01,77.33296203613281
2014-04-02,76.9971923828125
2014-04-03,77.0505599975586
2014-04-04,77.5237045288086
2014-04-07,77.70689392089844
2014-04-08,77.81378173828125
2014-04-09,77.79084777832031
2014-04-10,78.11898040771484
2014-04-11,78.27928924560547
2014-04-14,78.15716552734375
2014-04-15,78.24874877929688
2014-04-16,78.12666320800781
2014-04-17,77.68396759033203
2014-04-21,77.66873168945312
2014-04-22,77.63825988769531
2014-04-23,77.83665466308594
2014-04-24,77.81378173828125
2014-04-25,77.92057037353516
2014-04-28,77.80608367919922
2014-04-29,77.87481689453125
2014-04-30,78.08084106445312
2014-05-01,78.3056640625
2014-05-02,78.42037963867188
2014-05-05,78.37446594238281
2014-05-06,78.46623992919922
2014-05-07,78.52740478515625
2014-05-08,78.61148071289062
2014-05-09,78.55034637451172
2014-05-12,78.34391784667969
2014-05-13,78.64971160888672
2014-05-14,79.00909423828125
2014-05-15,79.2920150756836
2014-05-16,79.1238021850586
2014-05-19,79.0243911743164
2014-05-20,79.25373077392578
2014-05-21,79.13143920898438
2014-05-22,79.04737091064453
2014-05-23,79.20790100097656
2014-05-27,79.23085021972656
2014-05-28,79.66669464111328
2014-05-29,79.56729888916016
2014-05-30,79.50614166259766
2014-06-02,79.14234924316406
2014-06-03,78.74403381347656
2014-06-04,78.68273162841797
2014-06-05,78.7976303100586
2014-06-06,78.73640441894531
2014-06-09,78.62145233154297
2014-06-10,78.48362731933594
2014-06-11,78.59085083007812
2014-06-12,78.89722442626953
2014-06-13,78.74403381347656
2014-06-16,78.74403381347656
2014-06-17,78.41468048095703
2014-06-18,78.82823944091797
2014-06-19,78.62914276123047
2014-06-20,78.72106170654297
2014-06-23,78.66748809814453
2014-06-24,78.98910522460938
2014-06-25,79.06572723388672
2014-06-26,79.27255249023438
2014-06-27,79.27255249023438
2014-06-30,79.33381652832031
2014-07-01,79.0744400024414
2014-07-02,78.75215148925781
2014-07-03,78.59099578857422
2014-07-07,78.78284454345703
2014-07-08,79.14349365234375
2014-07-09,79.1588134765625
2014-07-10,79.32762145996094
2014-07-11,79.4581298828125
2014-07-14,79.28160858154297
2014-07-15,79.21257019042969
2014-07-16,79.32762145996094
2014-07-17,79.78803253173828
2014-07-18,79.62689971923828
2014-07-21,79.64989471435547
2014-07-22,79.74967956542969
2014-07-23,79.74201965332031
2014-07-24,79.41976165771484
2014-07-25,79.72667694091797
2014-07-28,79.63460540771484
2014-07-29,79.74201965332031
2014-07-30,79.18184661865234
2014-07-31,79.1588134765625
2014-08-01,79.6247329711914
2014-08-04,79.67083740234375
2014-08-05,79.70931243896484
2014-08-06,79.77848815917969
2014-08-07,80.13980102539062
2014-08-08,80.07064056396484
2014-08-11,80.0322036743164
2014-08-12,79.9168701171875
2014-08-13,80.17829132080078
2014-08-14,80.33966827392578
2014-08-15,80.66262817382812
2014-08-18,80.40892791748047
2014-08-19,80.32434844970703
2014-08-20,80.0860366821289
2014-08-21,80.25513458251953
2014-08-22,80.2627944946289
2014-08-25,80.32434844970703
2014-08-26,80.3089599609375
2014-08-27,80.53191375732422
2014-08-28,80.63951110839844
2014-08-29,80.64725494384766
2014-09-02,80.13198852539062
2014-09-03,80.24755859375
2014-09-04,79.96260833740234
2014-09-05,79.98570251464844
2014-09-08,79.90097045898438
2014-09-09,79.71611785888672
2014-09-10,79.51587677001953
2014-09-11,79.41577911376953
2014-09-12,79.11540222167969
2014-09-15,79.26179504394531
2014-09-16,79.23868560791016
2014-09-17,79.03843688964844
2014-09-18,78.98450469970703
2014-09-19,79.28487396240234
2014-09-22,79.45431518554688
2014-09-23,79.62372589111328
2014-09-24,79.40036010742188
2014-09-25,79.78544616699219
2014-09-26,79.61600494384766
2014-09-29,79.87016296386719
2014-09-30,79.8008804321289
2014-10-01,80.47135162353516
2014-10-02,80.2321548461914
2014-10-03,80.20899963378906
2014-10-06,80.34013366699219
2014-10-07,80.81083679199219
2014-10-08,81.0962905883789
2014-10-09,80.95735168457031
2014-10-10,81.27376556396484
2014-10-13,81.69804382324219
2014-10-14,81.86006164550781
2014-10-15,82.32300567626953
2014-10-16,82.09928131103516
2014-10-17,81.86006164550781
2014-10-20,81.9758071899414
2014-10-21,81.7520523071289
2014-10-22,81.72891998291016
2014-10-23,81.38948059082031
2014-10-24,81.4588851928711
2014-10-27,81.54371643066406
2014-10-28,81.34314727783203
2014-10-29,81.07311248779297
2014-10-30,81.15798950195312
2014-10-31,81.02681732177734
2014-11-03,80.99669647216797
2014-11-04,80.98896026611328
2014-11-05,81.01213073730469
2014-11-06,80.76483154296875
2014-11-07,81.28264617919922
2014-11-10,80.95034790039062
2014-11-11,80.95804595947266
2014-11-12,80.92713928222656
2014-11-13,81.05850982666016
2014-11-14,81.228515625
2014-11-17,81.13578796386719
2014-11-18,81.228515625
2014-11-19,81.01213073730469
2014-11-20,81.15898132324219
2014-11-21,81.3212890625
2014-11-24,81.41405487060547
2014-11-25,81.6149673461914
2014-11-26,81.75409698486328
2014-11-28,82.0709457397461
2014-12-01,81.86971282958984
2014-12-02,81.50582122802734
2014-12-03,81.53679656982422
2014-12-04,81.82318878173828
2014-12-05,81.36643981933594
2014-12-08,81.63743591308594
2014-12-09,81.93931579589844
2014-12-10,82.31095123291016
2014-12-11,82.1716079711914
2014-12-12,82.8451919555664
2014-12-15,82.5432357788086
2014-12-16,82.9613265991211
2014-12-17,82.38836669921875
2014-12-18,81.92389678955078
2014-12-19,82.22584533691406
2014-12-22,82.22584533691406
2014-12-23,81.5445327758789
2014-12-24,81.60342407226562
2014-12-26,81.71198272705078
2014-12-29,81.99111938476562
2014-12-30,82.08412170410156
2014-12-31,82.17718505859375
2015-01-02,82.59588623046875
2015-01-05,83.09981536865234
2015-01-06,83.65804290771484
2015-01-07,83.642578125
2015-01-08,83.30144500732422
2015-01-09,83.71234893798828
2015-01-12,84.00692749023438
2015-01-13,84.08453369140625
2015-01-14,84.47216033935547
2015-01-15,85.19325256347656
2015-01-16,84.56520080566406
2015-01-20,84.75907135009766
2015-01-21,84.35587310791016
2015-01-22,84.14653015136719
2015-01-23,84.69699096679688
2015-01-26,84.5031967163086
2015-01-27,84.6195068359375
2015-01-28,85.27075958251953
2015-01-29,84.96837615966797
2015-01-30,85.71271514892578
2015-02-02,85.60552978515625
2015-02-03,84.88333892822266
2015-02-04,85.02306365966797
2015-02-05,84.71247100830078
2015-02-06,83.76494598388672
2015-02-09,83.72615814208984
2015-02-10,83.51647186279297
2015-02-11,83.48542022705078
2015-02-12,83.51647186279297
2015-02-13,83.23687744140625
2015-02-17,82.64665985107422
2015-02-18,83.0427474975586
2015-02-19,82.8330078125
2015-02-20,82.78642272949219
2015-02-23,83.16698455810547
2015-02-24,83.71839904785156
2015-02-25,83.79601287841797
2015-02-26,83.29898834228516
2015-02-27,83.59408569335938
2015-03-02,82.97188568115234
2015-03-03,82.79296112060547
2015-03-04,82.85517120361328
2015-03-05,82.90181732177734
2015-03-06,82.0539779663086
2015-03-09,82.43513488769531
2015-03-10,82.78516387939453
2015-03-11,82.9329605102539
2015-03-12,83.0107421875
2015-03-13,82.88630676269531
2015-03-16,83.17406463623047
2015-03-17,83.34520721435547
2015-03-18,84.30193328857422
2015-03-19,83.90528106689453
2015-03-20,84.24751281738281
2015-03-23,84.35638427734375
2015-03-24,84.61305236816406
2015-03-25,84.24751281738281
2015-03-26,83.77304077148438
2015-03-27,84.09974670410156
2015-03-30,84.09191131591797
2015-03-31,84.30976104736328
2015-04-01,84.71092224121094
2015-04-02,84.46943664550781
2015-04-06,84.57853698730469
2015-04-07,84.64861297607422
2015-04-08,84.57071685791016
2015-04-09,84.2279281616211
2015-04-10,84.20455169677734
2015-04-13,84.3759536743164
2015-04-14,84.62528228759766
2015-04-15,84.6720199584961
2015-04-16,84.73432922363281
2015-04-17,84.90575408935547
2015-04-20,84.74988555908203
2015-04-21,84.57071685791016
2015-04-22,84.07989501953125
2015-04-23,84.33699035644531
2015-04-24,84.63301849365234
2015-04-27,84.50064086914062
2015-04-28,84.11105346679688
2015-04-29,83.79942321777344
2015-04-30,83.7760238647461
2015-05-01,83.31802368164062
2015-05-04,83.14640808105469
2015-05-05,83.00589752197266
2015-05-06,82.60015869140625
2015-05-07,82.95133972167969
2015-05-08,83.2712173461914
2015-05-11,82.45189666748047
2015-05-12,82.51432037353516
2015-05-13,82.40509033203125
2015-05-14,82.6860122680664
2015-05-15,83.27900695800781
2015-05-18,82.71721649169922
2015-05-19,82.35053253173828
2015-05-20,82.52992248535156
2015-05-21,83.02152252197266
2015-05-22,82.8342514038086
2015-05-26,83.34921264648438
2015-05-27,83.30241394042969
2015-05-28,83.38046264648438
2015-05-29,83.42728424072266
2015-06-01,83.05915069580078
2015-06-02,82.48089599609375
2015-06-03,81.77752685546875
2015-06-04,82.17603302001953
2015-06-05,81.5821304321289
2015-06-08,81.69933319091797
2015-06-09,81.43363952636719
2015-06-10,81.1209945678711
2015-06-11,81.76185607910156
2015-06-12,81.71493530273438
2015-06-15,81.91033935546875
2015-06-16,82.22293853759766
2015-06-17,82.26985931396484
2015-06-18,82.20731353759766
2015-06-19,82.64492797851562
2015-06-22,81.94941711425781
2015-06-23,81.69933319091797
2015-06-24,81.94158935546875
2015-06-25,81.73839569091797
2015-06-26,81.3476791381836
2015-06-29,82.2933349609375
2015-06-30,82.06664276123047
2015-07-01,81.63771057128906
2015-07-02,81.92733001708984
2015-07-06,82.5065689086914
2015-07-07,82.7257080078125
2015-07-08,83.05445861816406
2015-07-09,82.47522735595703
2015-07-10,81.90380859375
2015-07-13,81.68468475341797
2015-07-14,81.94302368164062
2015-07-15,82.25607299804688
2015-07-16,82.22473907470703
2015-07-17,82.23259735107422
2015-07-20,82.06818389892578
2015-07-21,82.29520416259766
2015-07-22,82.39694213867188
2015-07-23,82.73356628417969
2015-07-24,82.81177520751953
2015-07-27,83.08573150634766
2015-07-28,82.85091400146484
2015-07-29,82.73356628417969
2015-07-30,82.82746124267578
2015-07-31,83.31279754638672
2015-08-03,83.56669616699219
2015-08-04,83.13556671142578
2015-08-05,82.81417083740234
2015-08-06,83.10420227050781
2015-08-07,83.43345642089844
2015-08-10,83.0885238647461
2015-08-11,83.63727569580078
2015-08-12,83.60594940185547
2015-08-13,83.38643646240234
2015-08-14,83.30017852783203
2015-08-17,83.44911193847656
2015-08-18,83.3158187866211
2015-08-19,83.82540893554688
2015-08-20,84.05276489257812
2015-08-21,84.38983917236328
2015-08-24,84.53096771240234
2015-08-25,84.06844329833984
2015-08-26,83.55105590820312
2015-08-27,83.50397491455078
2015-08-28,83.5196762084961
2015-08-31,83.37857055664062
2015-09-01,83.75312805175781
2015-09-02,83.52539825439453
2015-09-03,83.72955322265625
2015-09-04,83.98863220214844
2015-09-08,83.61961364746094
2015-09-09,83.65099334716797
2015-09-10,83.46260070800781
2015-09-11,83.68248748779297
2015-09-14,83.76097106933594
2015-09-15,83.10143280029297
2015-09-16,83.07786560058594
2015-09-17,83.76879119873047
2015-09-18,84.16136169433594
2015-09-21,83.68248748779297
2015-09-22,84.09859466552734
2015-09-23,84.00435638427734
2015-09-24,84.12997436523438
2015-09-25,83.91020965576172
2015-09-28,84.38908386230469
2015-09-29,84.67961883544922
2015-09-30,84.69529724121094
2015-10-01,84.7613296508789
2015-10-02,85.1702651977539
2015-10-05,84.6984634399414
2015-10-06,84.87144470214844
2015-10-07,84.65911102294922
2015-10-08,84.43892669677734
2015-10-09,84.48613739013672
2015-10-12,84.76924133300781
2015-10-13,84.84783172607422
2015-10-14,85.31180572509766
2015-10-15,85.02086639404297
2015-10-16,84.9500732421875
2015-10-19,84.91075134277344
2015-10-20,84.61979675292969
2015-10-21,84.91075134277344
2015-10-22,84.99722290039062
2015-10-23,84.51759338378906
2015-10-26,84.73773956298828
2015-10-27,84.9500732421875
2015-10-28,84.50973510742188
2015-10-29,83.99076843261719
2015-10-30,84.1558837890625
2015-11-02,83.91411590576172
2015-11-03,83.69355773925781
2015-11-04,83.60694122314453
2015-11-05,83.55182647705078
2015-11-06,82.98475646972656
2015-11-09,82.8429946899414
2015-11-10,83.0005111694336
2015-11-11,82.96114349365234
2015-11-12,83.00834655761719
2015-11-13,83.32341003417969
2015-11-16,83.43364715576172
2015-11-17,83.41002655029297
2015-11-18,83.37064361572266
2015-11-19,83.55182647705078
2015-11-20,83.44154357910156
2015-11-23,83.55182647705078
2015-11-24,83.63056182861328
2015-11-25,83.67784118652344
2015-11-27,83.76445007324219
2015-11-30,83.79594421386719
2015-12-01,84.2416000366211
2015-12-02,84.00495910644531
2015-12-03,83.12152862548828
2015-12-04,83.42914581298828
2015-12-07,83.6973648071289
2015-12-08,83.7446517944336
2015-12-09,83.87085723876953
2015-12-10,83.689453125
2015-12-11,84.35992431640625
2015-12-14,83.73678588867188
2015-12-15,83.52383422851562
2015-12-16,83.30297088623047
2015-12-17,83.65000915527344
2015-12-18,83.94971466064453
2015-12-21,83.98921966552734
2015-12-22,83.75255584716797
2015-12-23,83.56326293945312
2015-12-24,83.71656036376953
2015-12-28,83.7323226928711
2015-12-29,83.28995513916016
2015-12-30,83.3215103149414
2015-12-31,83.41631317138672
2016-01-04,83.77181243896484
2016-01-05,83.74815368652344
2016-01-06,84.25370788574219
2016-01-07,84.43538665771484
2016-01-08,84.64868927001953
2016-01-11,84.38011932373047
2016-01-12,84.75932312011719
2016-01-13,85.09113311767578
2016-01-14,84.91732788085938
2016-01-15,85.31231689453125
2016-01-19,85.20172882080078
2016-01-20,85.620361328125
2016-01-21,85.4071273803711
2016-01-22,85.21754455566406
2016-01-25,85.50190734863281
2016-01-26,85.56512451171875
2016-01-27,85.62833404541016
2016-01-28,85.73892211914062
2016-01-29,86.19712829589844
2016-02-01,85.99854278564453
2016-02-02,86.60770416259766
2016-02-03,86.51280212402344
2016-02-04,86.7184829711914
2016-02-05,86.82925415039062
2016-02-08,87.4780044555664
2016-02-09,87.49383544921875
2016-02-10,87.7548828125
2016-02-11,88.15841674804688
2016-02-12,87.48593139648438
2016-02-16,87.224853515625
2016-02-17,87.01119995117188
2016-02-18,87.4146499633789
2016-02-19,87.4146499633789
2016-02-22,87.32766723632812
2016-02-23,87.501708984375
2016-02-24,87.501708984375
2016-02-25,87.76280975341797
2016-02-26,87.33561706542969
2016-02-29,87.4780044555664
2016-03-01,86.79428100585938
2016-03-02,86.64373779296875
2016-03-03,86.74674224853516
2016-03-04,86.45360565185547
2016-03-07,86.279296875
2016-03-08,86.77841186523438
2016-03-09,86.43775939941406
2016-03-10,86.12872314453125
2016-03-11,85.88319396972656
2016-03-14,85.94656372070312
2016-03-15,85.93070220947266
2016-03-16,86.3823013305664
2016-03-17,86.47734832763672
2016-03-18,86.62789154052734
2016-03-21,86.3823013305664
2016-03-22,86.20002746582031
2016-03-23,86.59616088867188
2016-03-24,86.50907897949219
2016-03-28,86.63580322265625
2016-03-29,87.2220458984375
2016-03-30,87.10327911376953
2016-03-31,87.42018127441406
2016-04-01,87.39476013183594
2016-04-04,87.4979248046875
2016-04-05,87.84705352783203
2016-04-06,87.65662384033203
2016-04-07,88.10888671875
2016-04-08,87.97402954101562
2016-04-11,87.95814514160156
2016-04-12,87.60903930664062
2016-04-13,87.67251586914062
2016-04-14,87.46620178222656
2016-04-15,87.7280502319336
2016-04-18,87.6407699584961
2016-04-19,87.4979248046875
2016-04-20,87.05357360839844
2016-04-21,86.91072082519531
2016-04-22,86.81549072265625
2016-04-25,86.72030639648438
2016-04-26,86.53781127929688
2016-04-27,87.01388549804688
2016-04-28,87.3154067993164
2016-04-29,87.28369903564453
2016-05-02,87.03019714355469
2016-05-03,87.54669189453125
2016-05-04,87.7056884765625
2016-05-05,87.94408416748047
2016-05-06,87.73747253417969
2016-05-09,87.90432739257812
2016-05-10,87.88838195800781
2016-05-11,88.02352142333984
2016-05-12,87.78512573242188
2016-05-13,88.11886596679688
2016-05-16,87.80099487304688
2016-05-17,87.68183135986328
2016-05-18,86.97459411621094
2016-05-19,87.06198120117188
2016-05-20,87.11763000488281
2016-05-23,87.17325592041016
2016-05-24,87.03019714355469
2016-05-25,86.99041748046875
2016-05-26,87.26061248779297
2016-05-27,87.09375
2016-05-31,87.19706726074219
2016-06-01,87.1676025390625
2016-06-02,87.43819427490234
2016-06-03,88.24999237060547
2016-06-06,88.01915740966797
2016-06-07,88.14651489257812
2016-06-08,88.24999237060547
2016-06-09,88.38525390625
2016-06-10,88.69559478759766
2016-06-13,88.87069702148438
2016-06-14,88.84684753417969
2016-06-15,89.11738586425781
2016-06-16,89.2129135131836
2016-06-17,88.9104995727539
2016-06-20,88.52847290039062
2016-06-21,88.32950592041016
2016-06-22,88.5046157836914
2016-06-23,88.08283996582031
2016-06-24,89.30044555664062
2016-06-27,90.0724105834961
2016-06-28,90.05651092529297
2016-06-29,89.69039916992188
2016-06-30,89.88936614990234
2016-07-01,90.1268539428711
2016-07-05,90.62095642089844
2016-07-06,90.63690948486328
2016-07-07,90.51737976074219
2016-07-08,90.69271087646484
2016-07-11,90.21456146240234
2016-07-12,89.68058013916016
2016-07-13,89.91172790527344
2016-07-14,89.53709411621094
2016-07-15,89.19440460205078
2016-07-18,89.17053985595703
2016-07-19,89.40960693359375
2016-07-20,89.22634887695312
2016-07-21,89.42552947998047
2016-07-22,89.35382843017578
2016-07-25,89.28208923339844
2016-07-26,89.33786010742188
2016-07-27,89.72044372558594
2016-07-28,89.76821899414062
2016-07-29,90.11095428466797
2016-08-01,89.7981185913086
2016-08-02,89.58259582519531
2016-08-03,89.63052368164062
2016-08-04,89.84597778320312
2016-08-05,89.2873306274414
2016-08-08,89.23948669433594
2016-08-09,89.55870056152344
2016-08-10,89.7981185913086
2016-08-11,89.36711883544922
2016-08-12,89.68638610839844
2016-08-15,89.42303466796875
2016-08-16,89.27134704589844
2016-08-17,89.41503143310547
2016-08-18,89.57464599609375
2016-08-19,89.27134704589844
2016-08-22,89.47085571289062
2016-08-23,89.46292114257812
2016-08-24,89.43094635009766
2016-08-25,89.2873306274414
2016-08-26,88.94417572021484
2016-08-29,89.31124114990234
2016-08-30,89.30325317382812
2016-08-31,89.19953918457031
2016-09-01,89.33941650390625
2016-09-02,89.10763549804688
2016-09-06,89.52318572998047
2016-09-07,89.57112884521484
2016-09-08,89.13162994384766
2016-09-09,88.70806121826172
2016-09-12,88.7879638671875
2016-09-13,88.46028900146484
2016-09-14,88.66010284423828
2016-09-15,88.68406677246094
2016-09-16,88.77998352050781
2016-09-19,88.62814331054688
2016-09-20,88.76397705078125
2016-09-21,88.90782928466797
2016-09-22,89.17155456542969
2016-09-23,89.2115249633789
2016-09-26,89.46726989746094
2016-09-27,89.6191177368164
2016-09-28,89.57913208007812
2016-09-29,89.63508605957031
2016-09-30,89.41133880615234
2016-10-03,89.20325469970703
2016-10-04,88.79512786865234
2016-10-05,88.5950698852539
2016-10-06,88.41097259521484
2016-10-07,88.53902435302734
2016-10-10,88.30699920654297
2016-10-11,88.282958984375
2016-10-12,88.282958984375
2016-10-13,88.46700286865234
2016-10-14,88.19495391845703
2016-10-17,88.38700866699219
2016-10-18,88.56304931640625
2016-10-19,88.60305786132812
2016-10-20,88.52310180664062
2016-10-21,88.61906433105469
2016-10-24,88.49907684326172
2016-10-25,88.4830093383789
2016-10-26,88.29096221923828
2016-10-27,87.98688507080078
2016-10-28,88.00286865234375
2016-10-31,88.0749282836914
2016-11-01,88.07814025878906
2016-11-02,88.34254455566406
2016-11-03,88.28649139404297
2016-11-04,88.5589370727539
2016-11-07,88.19027709960938
2016-11-08,87.8777847290039
2016-11-09,86.5395278930664
2016-11-10,86.01856231689453
2016-11-11,85.8423080444336
2016-11-14,85.34546661376953
2016-11-15,85.34546661376953
2016-11-16,85.42561340332031
2016-11-17,85.04894256591797
2016-11-18,84.67231750488281
2016-11-21,84.74443054199219
2016-11-22,84.82457733154297
2016-11-23,84.52006530761719
2016-11-25,84.44794464111328
2016-11-28,84.83258056640625
2016-11-29,84.92072296142578
2016-11-30,84.35179901123047
2016-12-01,84.02994537353516
2016-12-02,84.40715789794922
2016-12-05,84.3750228881836
2016-12-06,84.40715789794922
2016-12-07,84.68802642822266
2016-12-08,84.36698150634766
2016-12-09,83.93363952636719
2016-12-12,83.94972229003906
2016-12-13,83.99786376953125
2016-12-14,83.29969787597656
2016-12-15,83.06694793701172
2016-12-16,83.17129516601562
2016-12-19,83.55645751953125
2016-12-20,83.37996673583984
2016-12-21,83.51634216308594
2016-12-22,83.48019409179688
2016-12-23,83.56056213378906
2016-12-27,83.44005584716797
2016-12-28,83.74542236328125
2016-12-29,84.00267028808594
2016-12-30,84.25179290771484
2017-01-03,84.21160125732422
2017-01-04,84.30806732177734
2017-01-05,84.85467529296875
2017-01-06,84.46883392333984
2017-01-09,84.79035186767578
2017-01-10,84.75015258789062
2017-01-11,84.84661865234375
2017-01-12,84.89485931396484
2017-01-13,84.70996856689453
2017-01-17,85.13597106933594
2017-01-18,84.53314208984375
2017-01-19,84.21160125732422
2017-01-20,84.25179290771484
2017-01-23,84.69387817382812
2017-01-24,84.37239074707031
2017-01-25,83.95440673828125
2017-01-26,84.06695556640625
2017-01-27,84.17144012451172
2017-01-30,84.14733123779297
2017-01-31,84.43672180175781
2017-02-01,84.2748794555664
2017-02-02,84.30709075927734
2017-02-03,84.3714828491211
2017-02-06,84.77396392822266
2017-02-07,84.92692565917969
2017-02-08,85.27307891845703
2017-02-09,84.76596069335938
2017-02-10,84.70956420898438
2017-02-13,84.58080291748047
2017-02-14,84.2748794555664
2017-02-15,84.11385345458984
2017-02-16,84.45198822021484
2017-02-17,84.6773910522461
2017-02-21,84.63711547851562
2017-02-22,84.77396392822266
2017-02-23,84.99935150146484
2017-02-24,85.39383697509766
2017-02-27,85.08790588378906
2017-02-28,85.04769897460938
2017-03-01,84.4551773071289
2017-03-02,84.21339416503906
2017-03-03,84.2939682006836
2017-03-06,84.27784729003906
2017-03-07,84.15694427490234
2017-03-08,83.87482452392578
2017-03-09,83.64103698730469
2017-03-10,83.81840515136719
2017-03-13,83.60881042480469
2017-03-14,83.6974868774414
2017-03-15,84.4310073852539
2017-03-16,84.1972427368164
2017-03-17,84.42296600341797
2017-03-20,84.62450408935547
2017-03-21,84.90657043457031
2017-03-22,85.0678482055664
2017-03-23,84.97916412353516
2017-03-24,85.02752685546875
2017-03-27,85.23709869384766
2017-03-28,84.94691467285156
2017-03-29,85.18873596191406
2017-03-30,84.94691467285156
2017-03-31,85.1162109375
2017-04-03,85.53523254394531
2017-04-04,85.41407775878906
2017-04-05,85.57559204101562
2017-04-06,85.51907348632812
2017-04-07,85.26071166992188
2017-04-10,85.41407775878906
2017-04-11,85.80967712402344
2017-04-12,86.07608795166016
2017-04-13,86.33444213867188
2017-04-17,86.19718170166016
2017-04-18,86.68965911865234
2017-04-19,86.46356964111328
2017-04-20,86.26985168457031
2017-04-21,86.31026458740234
2017-04-24,86.13265228271484
2017-04-25,85.68859100341797
2017-04-26,85.91468048095703
2017-04-27,85.9711685180664
2017-04-28,86.05992889404297
2017-05-01,85.87400817871094
2017-05-02,86.0518798828125
2017-05-03,85.87400817871094
2017-05-04,85.6799545288086
2017-05-05,85.69612121582031
2017-05-08,85.48590850830078
2017-05-09,85.38888549804688
2017-05-10,85.3565444946289
2017-05-11,85.42117309570312
2017-05-12,85.85787200927734
2017-05-15,85.8012466430664
2017-05-16,85.9144287109375
2017-05-17,86.60167694091797
2017-05-18,86.57743072509766
2017-05-19,86.55318450927734
2017-05-22,86.4561538696289
2017-05-23,86.2297592163086
2017-05-24,86.40763854980469
2017-05-25,86.4561538696289
2017-05-26,86.5126953125
2017-05-30,86.73104858398438
2017-05-31,86.77143096923828
2017-06-01,86.72606658935547
2017-06-02,87.1067123413086
2017-06-05,86.96099090576172
2017-06-06,87.23624420166016
2017-06-07,87.07429504394531
2017-06-08,86.93663787841797
2017-06-09,86.85570526123047
2017-06-12,86.8394775390625
2017-06-13,86.87184143066406
2017-06-14,87.32532501220703
2017-06-15,87.17149353027344
2017-06-16,87.22005462646484
2017-06-19,86.97716522216797
2017-06-20,87.1957778930664
2017-06-21,87.18770599365234
2017-06-22,87.2686538696289
2017-06-23,87.2929458618164
2017-06-26,87.36583709716797
2017-06-27,86.93663787841797
2017-06-28,86.85570526123047
2017-06-29,86.53175354003906
2017-06-30,86.32933807373047
2017-07-03,86.01227569580078
2017-07-05,86.07713317871094
2017-07-06,85.91493225097656
2017-07-07,85.77704620361328
2017-07-10,85.89055633544922
2017-07-11,86.00409698486328
2017-07-12,86.25550079345703
2017-07-13,86.16632080078125
2017-07-14,86.2879867553711
2017-07-17,86.39338684082031
2017-07-18,86.7096939086914
2017-07-19,86.7096939086914
2017-07-20,86.7339859008789
2017-07-21,86.88809967041016
2017-07-24,86.8313217163086
2017-07-25,86.34468841552734
2017-07-26,86.6205062866211
2017-07-27,86.48258972167969
2017-07-28,86.62860870361328
2017-07-31,86.65290832519531
2017-08-01,86.86815643310547
2017-08-02,86.78691101074219
2017-08-03,87.08745574951172
2017-08-04,86.85192108154297
2017-08-07,86.90062713623047
2017-08-08,86.8274917602539
2017-08-09,86.93313598632812
2017-08-10,87.25804138183594
2017-08-11,87.3554916381836
2017-08-14,87.14433288574219
2017-08-15,86.8843994140625
2017-08-16,87.04685974121094
2017-08-17,87.3554916381836
2017-08-18,87.37173461914062
2017-08-21,87.4285659790039
2017-08-22,87.25804138183594
2017-08-23,87.55852508544922
2017-08-24,87.42047882080078
2017-08-25,87.5666732788086
2017-08-28,87.64788055419922
2017-08-29,87.85094451904297
2017-08-30,87.77784729003906
2017-08-31,87.91593933105469
2017-09-01,87.6572494506836
2017-09-05,88.2673568725586
2017-09-06,88.05586242675781
2017-09-07,88.43814086914062
2017-09-08,88.37310791015625
2017-09-11,87.86875915527344
2017-09-12,87.6572494506836
2017-09-13,87.478271484375
2017-09-14,87.49453735351562
2017-09-15,87.60030364990234
2017-09-18,87.2586441040039
2017-09-19,87.16101837158203
2017-09-20,86.99018859863281
2017-09-21,86.87632751464844
2017-09-22,87.0308837890625
2017-09-25,87.29121398925781
2017-09-26,87.2179946899414
2017-09-27,86.77062225341797
2017-09-28,86.75434112548828
2017-09-29,86.64854431152344
2017-10-02,86.55001831054688
2017-10-03,86.67217254638672
2017-10-04,86.64776611328125
2017-10-05,86.55814361572266
2017-10-06,86.4522476196289
2017-10-09,86.55001831054688
2017-10-10,86.58256530761719
2017-10-11,86.68033599853516
2017-10-12,86.76181030273438
2017-10-13,87.05509185791016
2017-10-16,86.90845489501953
2017-10-17,86.87586975097656
2017-10-18,86.65592956542969
2017-10-19,86.74552917480469
2017-10-20,86.38705444335938
2017-10-23,86.46855926513672
2017-10-24,86.20783233642578
2017-10-25,86.06932067871094
2017-10-26,85.9552993774414
2017-10-27,86.2322998046875
2017-10-30,86.54183959960938
2017-10-31,86.48479461669922
2017-11-01,86.5370101928711
2017-11-02,86.65129852294922
2017-11-03,86.78998565673828
2017-11-06,86.89604187011719
2017-11-07,86.92870330810547
2017-11-08,86.82260131835938
2017-11-09,86.78998565673828
2017-11-10,86.349365234375
2017-11-13,86.30855560302734
2017-11-14,86.43096923828125
2017-11-15,86.74102783203125
2017-11-16,86.52073669433594
2017-11-17,86.63493347167969
2017-11-20,86.4962387084961
2017-11-21,86.5125961303711
2017-11-22,86.78998565673828
2017-11-24,86.71654510498047
2017-11-27,86.77366638183594
2017-11-28,86.78998565673828
2017-11-29,86.5125961303711
2017-11-30,86.24327850341797
2017-12-01,86.56200408935547
2017-12-04,86.52116394042969
2017-12-05,86.58653259277344
2017-12-06,86.76626586914062
2017-12-07,86.61105346679688
2017-12-08,86.54564666748047
2017-12-11,86.48845672607422
2017-12-12,86.41490173339844
2017-12-13,86.76626586914062
2017-12-14,86.73365020751953
2017-12-15,86.71725463867188
2017-12-18,86.52116394042969
2017-12-19,86.12891387939453
2017-12-20,85.87556457519531
2017-12-21,85.9361801147461
2017-12-22,85.9688720703125
2017-12-26,86.00161743164062
2017-12-27,86.3698959350586
2017-12-28,86.26353454589844
2017-12-29,86.40267944335938
2018-01-02,86.11621856689453
2018-01-03,86.20624542236328
2018-01-04,86.16537475585938
2018-01-05,86.05894470214844
2018-01-08,86.01799774169922
2018-01-09,85.6087875366211
2018-01-10,85.58419799804688
2018-01-11,85.6415023803711
2018-01-12,85.58419799804688
2018-01-16,85.62513732910156
2018-01-17,85.4369125366211
2018-01-18,85.1668472290039
2018-01-19,84.9458236694336
2018-01-22,84.91307830810547
2018-01-23,85.15863037109375
2018-01-24,84.99494934082031
2018-01-25,85.1832046508789
2018-01-26,84.92947387695312
2018-01-29,84.71668243408203
2018-01-30,84.52023315429688
2018-01-31,84.54481506347656
2018-02-01,84.10871124267578
2018-02-02,83.797119140625
2018-02-05,84.48577880859375
2018-02-06,84.11690521240234
2018-02-07,83.87096405029297
2018-02-08,83.94477081298828
2018-02-09,83.797119140625
2018-02-12,83.77256774902344
2018-02-13,83.91194152832031
2018-02-14,83.40370178222656
2018-02-15,83.42830657958984
2018-02-16,83.6250228881836
2018-02-20,83.5348129272461
2018-02-21,83.28890228271484
2018-02-22,83.40370178222656
2018-02-23,83.72340393066406
2018-02-26,83.82177734375
2018-02-27,83.55943298339844
2018-02-28,83.75619506835938
2018-03-01,84.11663818359375
2018-03-02,83.80460357666016
2018-03-05,83.69789123535156
2018-03-06,83.6896743774414
2018-03-07,83.6896743774414
2018-03-08,83.86209106445312
2018-03-09,83.68147277832031
2018-03-12,83.8785171508789
2018-03-13,84.0180892944336
2018-03-14,84.18230438232422
2018-03-15,84.14945220947266
2018-03-16,84.05091857910156
2018-03-19,83.96882629394531
2018-03-20,83.80460357666016
2018-03-21,83.86209106445312
2018-03-22,84.20694732666016
2018-03-23,84.32190704345703
2018-03-26,84.09200286865234
2018-03-27,84.56820678710938
2018-03-28,84.5517349243164
2018-03-29,84.72420501708984
2018-04-02,84.81056213378906
2018-04-03,84.53916931152344
2018-04-04,84.48977661132812
2018-04-05,84.27593231201172
2018-04-06,84.64607238769531
2018-04-09,84.66254425048828
2018-04-10,84.51448822021484
2018-04-11,84.59676361083984
2018-04-12,84.29241943359375
2018-04-13,84.36640930175781
2018-04-16,84.32530975341797
2018-04-17,84.37464141845703
2018-04-18,84.04571533203125
2018-04-19,83.8154525756836
2018-04-20,83.5357894897461
2018-04-23,83.4534912109375
2018-04-24,83.3548355102539
2018-04-25,83.17385864257812
2018-04-26,83.41239929199219
2018-04-27,83.55220031738281
2018-04-30,83.64269256591797
2018-05-01,83.51164245605469
2018-05-02,83.52813720703125
2018-05-03,83.74239349365234
2018-05-04,83.7506103515625
2018-05-07,83.70939636230469
2018-05-08,83.56937408447266
2018-05-09,83.37979888916016
2018-05-10,83.55286407470703
2018-05-11,83.56112670898438
2018-05-14,83.37979888916016
2018-05-15,82.91840362548828
2018-05-16,82.7453384399414
2018-05-17,82.69593811035156
2018-05-18,83.01727294921875
2018-05-21,83.07491302490234
2018-05-22,83.04202270507812
2018-05-23,83.4209976196289
2018-05-24,83.63526153564453
2018-05-25,83.96485900878906
2018-05-29,84.87125396728516
2018-05-30,84.50869750976562
2018-05-31,84.46749114990234
2018-06-01,84.15545654296875
2018-06-04,83.85820770263672
2018-06-05,84.07286834716797
2018-06-06,83.73438262939453
2018-06-07,84.0893783569336
2018-06-08,83.97380065917969
2018-06-11,83.8912353515625
2018-06-12,83.84168243408203
2018-06-13,83.74256134033203
2018-06-14,84.00679016113281
2018-06-15,84.07286834716797
2018-06-18,84.11412048339844
2018-06-19,84.33704376220703
2018-06-20,84.0645751953125
2018-06-21,84.28752899169922
2018-06-22,84.30399322509766
2018-06-25,84.41959381103516
2018-06-26,84.46089172363281
2018-06-27,84.78286743164062
2018-06-28,84.7003402709961
2018-06-29,84.63426971435547
2018-07-02,84.57637023925781
2018-07-03,84.79141235351562
2018-07-05,84.79973602294922
2018-07-06,84.87416076660156
2018-07-09,84.6590805053711
2018-07-10,84.5929183959961
2018-07-11,84.76661682128906
2018-07-12,84.73355102539062
2018-07-13,84.87416076660156
2018-07-16,84.73355102539062
2018-07-17,84.68389892578125
2018-07-18,84.61773681640625
2018-07-19,84.84930419921875
2018-07-20,84.55156707763672
2018-07-23,84.13801574707031
2018-07-24,84.19590759277344
2018-07-25,84.13801574707031
2018-07-26,84.0469970703125
2018-07-27,84.17936706542969
2018-07-30,84.07178497314453
2018-07-31,84.1876220703125
2018-08-01,83.98870086669922
2018-08-02,84.088134765625
2018-08-03,84.30366516113281
2018-08-06,84.34510803222656
2018-08-07,84.17101287841797
2018-08-08,84.24561309814453
2018-08-09,84.47772216796875
2018-08-10,84.84233856201172
2018-08-13,84.81745910644531
2018-08-14,84.73461151123047
2018-08-15,84.94180297851562
2018-08-16,84.91695404052734
2018-08-17,84.95010375976562
2018-08-20,85.21530151367188
2018-08-21,85.09929656982422
2018-08-22,85.25678253173828
2018-08-23,85.24846649169922
2018-08-24,85.2733383178711
2018-08-27,85.08269500732422
2018-08-28,84.89207458496094
2018-08-29,84.86721801757812
2018-08-30,85.02470397949219
2018-08-31,85.0412826538086
2018-09-04,84.8469467163086
2018-09-05,84.8386459350586
2018-09-06,85.01305389404297
2018-09-07,84.6310043334961
2018-09-10,84.68087768554688
2018-09-11,84.37358856201172
2018-09-12,84.4732437133789
2018-09-13,84.46495056152344
2018-09-14,84.30713653564453
2018-09-17,84.32373809814453
2018-09-18,83.97499084472656
2018-09-19,83.83380126953125
2018-09-20,83.84207153320312
2018-09-21,83.87531280517578
2018-09-24,83.78396606445312
2018-09-25,83.7009048461914
2018-09-26,83.97499084472656
2018-09-27,83.97499084472656
2018-09-28,84.01644897460938
2018-10-01,83.803466796875
2018-10-02,84.01982116699219
2018-10-03,83.39572143554688
2018-10-04,83.17939758300781
2018-10-05,82.97964477539062
2018-10-08,83.01293182373047
2018-10-09,83.17105865478516
2018-10-10,83.21267700195312
2018-10-11,83.55382537841797
2018-10-12,83.45396423339844
2018-10-15,83.50390625
2018-10-16,83.49555969238281
2018-10-17,83.2542724609375
2018-10-18,83.40406036376953
2018-10-19,83.30416107177734
2018-10-22,83.32080841064453
2018-10-23,83.53717803955078
2018-10-24,83.98653411865234
2018-10-25,83.78682708740234
2018-10-26,84.16126251220703
2018-10-29,84.15296173095703
2018-10-30,83.96990203857422
2018-10-31,83.7618637084961
2018-11-01,83.8335952758789
2018-11-02,83.36656188964844
2018-11-05,83.41656494140625
2018-11-06,83.32487487792969
2018-11-07,83.32487487792969
2018-11-08,83.20814514160156
2018-11-09,83.53337860107422
2018-11-12,83.78352355957031
2018-11-13,83.85023498535156
2018-11-14,84.02534484863281
2018-11-15,84.0837173461914
2018-11-16,84.34226989746094
2018-11-19,84.4673843383789
2018-11-20,84.45068359375
2018-11-21,84.4339828491211
2018-11-23,84.4840087890625
2018-11-26,84.41732788085938
2018-11-27,84.5007095336914
2018-11-28,84.49237060546875
2018-11-29,84.70915985107422
2018-11-30,84.87598419189453
2018-12-03,85.06147766113281
2018-12-04,85.4542236328125
2018-12-06,85.67152404785156
2018-12-07,85.92219543457031
2018-12-10,85.97233581542969
2018-12-11,85.75508117675781
2018-12-12,85.5211410522461
2018-12-13,85.57122802734375
2018-12-14,85.70494079589844
2018-12-17,85.95565795898438
2018-12-18,86.16749572753906
2018-12-19,86.4689712524414
2018-12-20,86.3600845336914
2018-12-21,86.43547058105469
2018-12-24,86.65315246582031
2018-12-26,86.2428207397461
2018-12-27,86.4605712890625
2018-12-28,86.92951202392578
2018-12-31,87.25611114501953
2019-01-02,87.4403076171875
2019-01-03,88.13536071777344
2019-01-04,87.42362976074219
2019-01-07,87.18077087402344
2019-01-08,86.9630126953125
2019-01-09,87.01324462890625
2019-01-10,86.97136688232422
2019-01-11,87.23098754882812
2019-01-14,87.18077087402344
2019-01-15,87.09701538085938
2019-01-16,87.04673767089844
2019-01-17,86.88764190673828
2019-01-18,86.6113052368164
2019-01-22,86.91275787353516
2019-01-23,86.87089538574219
2019-01-24,87.14727020263672
2019-01-25,86.94627380371094
2019-01-28,86.97136688232422
2019-01-29,87.22261047363281
2019-01-30,87.42362976074219
2019-01-31,87.82553100585938
2019-02-01,87.35562896728516
2019-02-04,87.16260528564453
2019-02-05,87.31365203857422
2019-02-06,87.38078308105469
2019-02-07,87.66607666015625
2019-02-08,87.78359985351562
2019-02-11,87.64929962158203
2019-02-12,87.53181457519531
2019-02-13,87.31365203857422
2019-02-14,87.72481536865234
2019-02-15,87.64095306396484
2019-02-19,87.79196166992188
2019-02-20,87.77522277832031
2019-02-21,87.51506042480469
2019-02-22,87.77522277832031
2019-02-25,87.64095306396484
2019-02-26,87.90105438232422
2019-02-27,87.59059143066406
2019-02-28,87.36398315429688
2019-03-01,87.0772933959961
2019-03-04,87.34635162353516
2019-03-05,87.39677429199219
2019-03-06,87.64060974121094
2019-03-07,87.93487548828125
2019-03-08,88.06096649169922
2019-03-11,87.99371337890625
2019-03-12,88.23751831054688
2019-03-13,88.20390319824219
2019-03-14,88.07781219482422
2019-03-15,88.35526275634766
2019-03-18,88.23751831054688
2019-03-19,88.17869567871094
2019-03-20,88.79242706298828
2019-03-21,88.75039672851562
2019-03-22,89.40621185302734
2019-03-25,89.6332015991211
2019-03-26,89.55756378173828
2019-03-27,89.81816101074219
2019-03-28,89.82659912109375
2019-03-29,89.68367767333984
2019-04-01,89.06693267822266
2019-04-02,89.2186050415039
2019-04-03,88.94059753417969
2019-04-04,89.03323364257812
2019-04-05,89.07537841796875
2019-04-08,88.93213653564453
2019-04-09,89.09221649169922
2019-04-10,89.30284881591797
2019-04-11,89.10066223144531
2019-04-12,88.68778991699219
2019-04-15,88.80580139160156
2019-04-16,88.50245666503906
2019-04-17,88.51936340332031
2019-04-18,88.72994232177734
2019-04-22,88.60360717773438
2019-04-23,88.763671875
2019-04-24,89.10066223144531
2019-04-25,88.99113464355469
2019-04-26,89.22700500488281
2019-04-29,89.04166412353516
2019-04-30,89.2186050415039
2019-05-01,89.17807006835938
2019-05-02,88.92481994628906
2019-05-03,89.04301452636719
2019-05-06,89.27091979980469
2019-05-07,89.5748291015625
2019-05-08,89.4059829711914
2019-05-09,89.64240264892578
2019-05-10,89.5832748413086
2019-05-13,90.03067016601562
2019-05-14,89.94628143310547
2019-05-15,90.23332977294922
2019-05-16,90.05599975585938
2019-05-17,90.09819793701172
2019-05-20,89.94628143310547
2019-05-21,89.84496307373047
2019-05-22,90.11515045166016
2019-05-23,90.663818359375
2019-05-24,90.63850402832031
2019-05-28,91.03527069091797
2019-05-29,91.00149536132812
2019-05-30,91.33068084716797
2019-05-31,91.9384765625
2019-06-03,92.38085174560547
2019-06-04,92.04251861572266
2019-06-05,92.04251861572266
2019-06-06,92.0256576538086
2019-06-07,92.38937377929688
2019-06-10,91.93257904052734
2019-06-11,91.93257904052734
2019-06-12,92.16940307617188
2019-06-13,92.3978042602539
2019-06-14,92.46548461914062
2019-06-17,92.44853210449219
2019-06-18,92.62617492675781
2019-06-19,92.87993621826172
2019-06-20,93.03217315673828
2019-06-21,92.65155029296875
2019-06-24,92.97293853759766
2019-06-25,93.1167221069336
2019-06-26,92.73611450195312
2019-06-27,93.0152359008789
2019-06-28,93.05750274658203
2019-07-01,92.94062805175781
2019-07-02,93.27105712890625
2019-07-03,93.44901275634766
2019-07-05,92.85588836669922
2019-07-08,92.7626953125
2019-07-09,92.70335388183594
2019-07-10,92.75421142578125
2019-07-11,92.29664611816406
2019-07-12,92.39835357666016
2019-07-15,92.59321594238281
2019-07-16,92.3898696899414
2019-07-17,92.82196807861328
2019-07-18,93.05077362060547
2019-07-19,92.88126373291016
2019-07-22,92.92364501953125
2019-07-23,92.77118682861328
2019-07-24,92.90673828125
2019-07-25,92.74575805664062
2019-07-26,92.72880554199219
2019-07-29,92.81356048583984
2019-07-30,92.85588836669922
2019-07-31,93.09314727783203
2019-08-01,94.1490478515625
2019-08-02,94.34426879882812
2019-08-05,95.15910339355469
2019-08-06,95.31187438964844
2019-08-07,95.31187438964844
2019-08-08,95.32039642333984
2019-08-09,95.17610168457031
2019-08-12,95.77873229980469
2019-08-13,95.43920135498047
2019-08-14,96.0758056640625
2019-08-15,96.68695068359375
2019-08-16,96.43232727050781
2019-08-19,95.97396087646484
2019-08-20,96.3983383178711
2019-08-21,96.1436996459961
2019-08-22,95.93152618408203
2019-08-23,96.57660675048828
2019-08-26,96.48320007324219
2019-08-27,96.89917755126953
2019-08-28,96.93311309814453
2019-08-29,96.74637603759766
2019-08-30,96.77183532714844
2019-09-03,96.98436737060547
2019-09-04,97.13741302490234
2019-09-05,96.35523223876953
2019-09-06,96.41473388671875
2019-09-09,95.81963348388672
2019-09-10,95.12242126464844
2019-09-11,95.02887725830078
2019-09-12,94.81632232666016
2019-09-13,93.94912719726562
2019-09-16,94.35721588134766
2019-09-17,94.60377502441406
2019-09-18,94.63777923583984
2019-09-19,94.68028259277344
2019-09-20,95.22441864013672
2019-09-23,95.36045837402344
2019-09-24,95.83659362792969
2019-09-25,95.20744323730469
2019-09-26,95.41149139404297
2019-09-27,95.54753875732422
2019-09-30,95.6240463256836
2019-10-01,95.88886260986328
2019-10-02,96.22093963623047
2019-10-03,96.72331237792969
2019-10-04,96.91069030761719
2019-10-07,96.58709716796875
2019-10-08,96.79145812988281
2019-10-09,96.54447937011719
2019-10-10,95.93995666503906
2019-10-11,95.2843246459961
2019-10-14,95.54827117919922
2019-10-15,95.08843994140625
2019-10-16,95.27577209472656
2019-10-17,95.24170684814453
2019-10-18,95.32687377929688
2019-10-21,94.97775268554688
2019-10-22,95.19915771484375
2019-10-23,95.23321533203125
2019-10-24,95.21617126464844
2019-10-25,95.01177215576172
2019-10-28,94.6541748046875
2019-10-29,94.73932647705078
2019-10-30,95.19915771484375
2019-10-31,95.80369567871094
2019-11-01,95.62290954589844
2019-11-04,95.13683319091797
2019-11-05,94.62515258789062
2019-11-06,94.8980484008789
2019-11-07,94.13908386230469
2019-11-08,94.01114654541016
2019-11-11,94.11348724365234
2019-11-12,94.15612030029297
2019-11-13,94.41193389892578
2019-11-14,94.88951873779297
2019-11-15,94.81277465820312
2019-11-18,94.97478485107422
2019-11-19,95.15385437011719
2019-11-20,95.50354766845703
2019-11-21,95.26475524902344
2019-11-22,95.2476806640625
2019-11-25,95.29031372070312
2019-11-26,95.46942901611328
2019-11-27,95.22209167480469
2019-11-29,95.1453628540039
2019-12-02,94.80377960205078
2019-12-03,95.64922332763672
2019-12-04,95.28202056884766
2019-12-05,95.05994415283203
2019-12-06,94.76958465576172
2019-12-09,94.84648132324219
2019-12-10,94.73540496826172
2019-12-11,95.1282958984375
2019-12-12,94.37676239013672
2019-12-13,94.9318618774414
2019-12-16,94.48778533935547
2019-12-17,94.4963150024414
2019-12-18,94.24012756347656
2019-12-19,94.31365966796875
2019-12-20,94.31365966796875
2019-12-23,94.2281494140625
2019-12-24,94.3906478881836
2019-12-26,94.52745819091797
2019-12-27,94.66429901123047
2019-12-30,94.60445404052734
2019-12-31,94.26234436035156
2020-01-02,94.69853210449219
2020-01-03,95.33138275146484
2020-01-06,95.22872161865234
2020-01-07,95.09191131591797
2020-01-08,94.86954498291016
2020-01-09,94.93798828125
2020-01-10,95.14321899414062
2020-01-13,95.03205108642578
2020-01-14,95.22019958496094
2020-01-15,95.45967102050781
2020-01-16,95.2629623413086
2020-01-17,95.18595123291016
2020-01-21,95.56224822998047
2020-01-22,95.57937622070312
2020-01-23,95.81884002685547
2020-01-24,96.16093444824219
2020-01-27,96.8109130859375
2020-01-28,96.48591613769531
2020-01-29,96.9477310180664
2020-01-30,97.04180145263672
2020-01-31,97.52928161621094
2020-02-03,97.44622039794922
2020-02-04,96.88101196289062
2020-02-05,96.46137237548828
2020-02-06,96.52989959716797
2020-02-07,96.99234008789062
2020-02-10,97.18077850341797
2020-02-11,96.94953918457031
2020-02-12,96.70117950439453
2020-02-13,96.78681182861328
2020-02-14,97.02659606933594
2020-02-18,97.18077850341797
2020-02-19,97.16360473632812
2020-02-20,97.44622039794922
2020-02-21,97.84014892578125
2020-02-24,98.60233306884766
2020-02-25,98.87635040283203
2020-02-26,98.824951171875
2020-02-27,99.30455780029297
2020-02-28,100.4178237915039
2020-03-02,100.34925079345703
2020-03-03,101.5152816772461
2020-03-04,101.29234313964844
2020-03-05,102.19261169433594
2020-03-06,103.23004913330078
2020-03-09,104.15607452392578
2020-03-10,102.24407958984375
2020-03-11,101.22379302978516
2020-03-12,101.27525329589844
2020-03-13,100.614990234375
2020-03-16,103.27291870117188
2020-03-17,100.68362426757812
2020-03-18,99.28602600097656
2020-03-19,99.61189270019531
2020-03-20,102.14974975585938
2020-03-23,103.35868072509766
2020-03-24,102.65560913085938
2020-03-25,102.71562957763672
2020-03-26,102.9642562866211
2020-03-27,103.72737121582031
2020-03-30,103.96741485595703
2020-03-31,104.15607452392578
2020-04-01,104.5801010131836
2020-04-02,104.5972900390625
2020-04-03,104.6745376586914
2020-04-06,104.2024154663086
2020-04-07,103.73886108398438
2020-04-08,103.61009979248047
2020-04-09,103.83332061767578
2020-04-13,103.61009979248047
2020-04-14,103.74744415283203
2020-04-15,104.6745376586914
2020-04-16,104.7861328125
2020-04-17,104.51143646240234
2020-04-20,104.7861328125
2020-04-21,105.07796478271484
2020-04-22,104.75179290771484
2020-04-23,104.82048797607422
2020-04-24,104.84619903564453
2020-04-27,104.28822326660156
2020-04-28,104.74319458007812
2020-04-29,104.69169616699219
2020-04-30,104.44276428222656
2020-05-01,104.58714294433594
2020-05-04,104.60430145263672
2020-05-05,104.52696990966797
2020-05-06,104.1402587890625
2020-05-07,104.77616119384766
2020-05-08,104.43244171142578
2020-05-11,104.1402587890625
2020-05-12,104.48397827148438
2020-05-13,104.69883728027344
2020-05-14,104.8620834350586
2020-05-15,104.79337310791016
2020-05-18,104.14888763427734
2020-05-19,104.44104766845703
2020-05-20,104.46682739257812
2020-05-21,104.53557586669922
2020-05-22,104.73318481445312
2020-05-26,104.45819091796875
2020-05-27,104.5441665649414
2020-05-28,104.4496078491211
2020-05-29,104.78478240966797
2020-06-01,104.74346160888672
2020-06-02,104.57142639160156
2020-06-03,103.95211791992188
2020-06-04,103.53922271728516
2020-06-05,103.02316284179688
2020-06-08,103.13495635986328
2020-06-09,103.50485229492188
2020-06-10,104.27899932861328
2020-06-11,104.64887237548828
2020-06-12,104.4166030883789
2020-06-15,104.33056640625
2020-06-16,104.11555480957031
2020-06-17,104.27899932861328
2020-06-18,104.51124572753906
2020-06-19,104.54563903808594
2020-06-22,104.45101165771484
2020-06-23,104.4166030883789
2020-06-24,104.6144790649414
2020-06-25,104.63166046142578
2020-06-26,104.91552734375
2020-06-29,105.01873779296875
2020-06-30,104.82950592041016
2020-07-01,104.6659164428711
2020-07-02,104.7950668334961
2020-07-06,104.64008331298828
2020-07-07,104.9758529663086
2020-07-08,104.8122787475586
2020-07-09,105.14803314208984
2020-07-10,104.94140625
2020-07-13,105.0533447265625
2020-07-14,105.04472351074219
2020-07-15,105.01029968261719
2020-07-16,105.08777618408203
2020-07-17,105.06194305419922
2020-07-20,105.1308364868164
2020-07-21,105.24270629882812
2020-07-22,105.27716827392578
2020-07-23,105.38050079345703
2020-07-24,105.328857421875
2020-07-27,105.16524505615234
2020-07-28,105.41494750976562
2020-07-29,105.55268096923828
2020-07-30,105.69906616210938
2020-07-31,105.72489166259766
2020-08-03,105.67317199707031
2020-08-04,106.03507232666016
2020-08-05,105.68180084228516
2020-08-06,105.80239868164062
2020-08-07,105.57840728759766
2020-08-10,105.46640014648438
2020-08-11,105.1044692993164
2020-08-12,104.79429626464844
2020-08-13,104.57886505126953
2020-08-14,104.63058471679688
2020-08-17,104.80290222167969
2020-08-18,104.98385620117188
2020-08-19,104.84601593017578
2020-08-20,105.14756774902344
2020-08-21,105.22513580322266
2020-08-24,105.07864379882812
2020-08-25,104.82876586914062
2020-08-26,104.78569030761719
2020-08-27,104.41519165039062
2020-08-28,104.58749389648438
2020-08-31,104.69952392578125
2020-09-01,105.04271697998047
2020-09-02,105.18928527832031
2020-09-03,105.32727813720703
2020-09-04,104.74089813232422
2020-09-08,104.9651107788086
2020-09-09,104.91336822509766
2020-09-10,105.04271697998047
2020-09-11,105.20654296875
2020-09-14,105.1116943359375
2020-09-15,105.0599365234375
2020-09-16,104.99959564208984
2020-09-17,105.0340347290039
2020-09-18,104.939208984375
2020-09-21,105.12892150878906
2020-09-22,105.12892150878906
2020-09-23,105.12892150878906
2020-09-24,105.18063354492188
2020-09-25,105.26689910888672
2020-09-28,105.24961853027344
2020-09-29,105.32727813720703
2020-09-30,105.04271697998047
2020-10-01,105.1021957397461
2020-10-02,104.9986801147461
2020-10-05,104.33426666259766
2020-10-06,104.57588958740234
2020-10-07,104.27389526367188
2020-10-08,104.46372985839844
2020-10-09,104.41195678710938
2020-10-12,104.52412414550781
2020-10-13,104.75709533691406
2020-10-14,104.79158782958984
2020-10-15,104.67945861816406
2020-10-16,104.6190185546875
2020-10-19,104.44647979736328
2020-10-20,104.22211456298828
2020-10-21,104.08411407470703
2020-10-22,103.72169494628906
2020-10-23,103.86837005615234
2020-10-26,104.14451599121094
2020-10-27,104.37744903564453
2020-10-28,104.36884307861328
2020-10-29,103.92879486083984
2020-10-30,103.59228515625
2020-11-02,103.77010345458984
2020-11-03,103.5370101928711
2020-11-04,104.40902709960938
2020-11-05,104.39178466796875
2020-11-06,104.03778839111328
2020-11-09,103.26937103271484
2020-11-10,102.97576904296875
2020-11-11,103.13986206054688
2020-11-12,103.72693634033203
2020-11-13,103.58879852294922
2020-11-16,103.51109313964844
2020-11-17,103.77875518798828
2020-11-18,103.74421691894531
2020-11-19,103.85648345947266
2020-11-20,104.03778839111328
2020-11-23,103.8305892944336
2020-11-24,103.66650390625
2020-11-25,103.70105743408203
2020-11-27,104.01187133789062
2020-11-30,103.94277954101562
2020-12-01,103.38985443115234
2020-12-02,103.21709442138672
2020-12-03,103.4935302734375
2020-12-04,103.08747863769531
2020-12-07,103.40718841552734
2020-12-08,103.51081085205078
2020-12-09,103.36393737792969
2020-12-10,103.59723663330078
2020-12-11,103.8045425415039
2020-12-14,103.74408721923828
2020-12-15,103.6404037475586
2020-12-16,103.55403900146484
2020-12-17,103.47881317138672
2020-12-18,103.39236450195312
2020-12-21,103.46153259277344
2020-12-22,103.6344223022461
2020-12-23,103.41825866699219
2020-12-24,103.56526184082031
2020-12-28,103.57388305664062
2020-12-29,103.55660247802734
2020-12-30,103.62580108642578
2020-12-31,103.69488525390625
2021-01-04,103.72087097167969
2021-01-05,103.47881317138672
2021-01-06,102.87367248535156
2021-01-07,102.51058959960938
2021-01-08,102.21665954589844
2021-01-11,102.01783752441406
2021-01-12,102.00054168701172
2021-01-13,102.35499572753906
2021-01-14,102.12158203125
2021-01-15,102.3982162475586
2021-01-19,102.4587173461914
2021-01-20,102.50193786621094
2021-01-21,102.35499572753906
2021-01-22,102.51058959960938
2021-01-25,102.92554473876953
2021-01-26,102.89097595214844
2021-01-27,103.01200103759766
2021-01-28,102.74398803710938
2021-01-29,102.56245422363281
2021-02-01,102.69046783447266
2021-02-02,102.43093872070312
2021-02-03,102.18009185791016
2021-02-04,102.14550018310547
2021-02-05,101.92924499511719
2021-02-08,101.97247314453125
2021-02-09,102.05034637451172
2021-02-10,102.30986785888672
2021-02-11,102.23200225830078
2021-02-12,101.8946304321289
2021-02-16,101.15933227539062
2021-02-17,101.22854614257812
2021-02-18,101.21989440917969
2021-02-19,100.81333923339844
2021-02-22,100.6489486694336
2021-02-23,100.72679901123047
2021-02-24,100.58840942382812
2021-02-25,99.24759674072266
2021-02-26,100.13858032226562
2021-03-01,100.02603149414062
2021-03-02,100.20781707763672
2021-03-03,99.6711654663086
2021-03-04,99.17778015136719
2021-03-05,99.03929138183594
2021-03-08,98.64978790283203
2021-03-09,99.11720275878906
2021-03-10,99.32493591308594
2021-03-11,99.290283203125
2021-03-12,98.5718994140625
2021-03-15,98.69304656982422
2021-03-16,98.67575073242188
2021-03-17,98.51129150390625
2021-03-18,97.89674377441406
2021-03-19,97.83613586425781
2021-03-22,98.15640258789062
2021-03-23,98.64112854003906
2021-03-24,98.77098083496094
2021-03-25,98.64112854003906
2021-03-26,98.31221771240234
2021-03-29,97.97462463378906
2021-03-30,97.88811492919922
2021-03-31,97.74956512451172
2021-04-01,98.18262481689453
2021-04-05,97.9054946899414
2021-04-06,98.38182830810547
2021-04-07,98.32123565673828
2021-04-08,98.6589584350586
2021-04-09,98.39916229248047
2021-04-12,98.33853912353516
2021-04-13,98.74560546875
2021-04-14,98.62437438964844
2021-04-15,99.25663757324219
2021-04-16,98.9881362915039
2021-04-19,98.88420104980469
2021-04-20,99.17866516113281
2021-04-21,99.23062896728516
2021-04-22,99.30859375
2021-04-23,99.17866516113281
2021-04-26,99.07470703125
2021-04-27,98.68497467041016
2021-04-28,98.81491088867188
2021-04-29,98.64167785644531
2021-04-30,98.72830963134766
2021-05-03,98.89645385742188
2021-05-04,99.02642059326172
2021-05-05,99.14773559570312
2021-05-06,99.19108581542969
2021-05-07,99.22576141357422
2021-05-10,99.02642059326172
2021-05-11,98.86176300048828
2021-05-12,98.38510131835938
2021-05-13,98.71443176269531
2021-05-14,98.93107604980469
2021-05-17,98.83575439453125
2021-05-18,98.83575439453125
2021-05-19,98.54106903076172
2021-05-20,98.94841766357422
2021-05-21,98.98308563232422
2021-05-24,99.07843017578125
2021-05-25,99.44244384765625
2021-05-26,99.32977294921875
2021-05-27,99.1563949584961
2021-05-28,99.14773559570312
2021-06-01,99.12955474853516
2021-06-02,99.24227905273438
2021-06-03,98.99079132080078
2021-06-04,99.53717041015625
2021-06-07,99.4590835571289
2021-06-08,99.74531555175781
2021-06-09,100.05755615234375
2021-06-10,100.41311645507812
2021-06-11,100.26566314697266
2021-06-14,99.9534683227539
2021-06-15,99.97079467773438
2021-06-16,99.28568267822266
2021-06-17,99.6412582397461
2021-06-18,100.2049560546875
2021-06-21,99.8840560913086
2021-06-22,100.06619262695312
2021-06-23,99.86673736572266
2021-06-24,99.84938049316406
2021-06-25,99.6412582397461
2021-06-28,99.9534683227539
2021-06-29,100.0054931640625
2021-06-30,100.16160583496094
2021-07-01,100.0895767211914
2021-07-02,100.45407104492188
2021-07-06,100.98347473144531
2021-07-07,101.27852630615234
2021-07-08,101.53887939453125
2021-07-09,101.02688598632812
2021-07-12,100.97476196289062
2021-07-13,100.662353515625
2021-07-14,101.09626770019531
2021-07-15,101.52153015136719
2021-07-16,101.50416564941406
2021-07-19,102.37203979492188
2021-07-20,102.24185180664062
2021-07-21,101.6517105102539
2021-07-22,101.88603210449219
2021-07-23,101.72982788085938
2021-07-26,101.66036987304688
2021-07-27,102.09430694580078
2021-07-28,102.18111419677734
2021-07-29,101.8686752319336
2021-07-30,102.15507507324219
2021-08-02,102.6031494140625
2021-08-03,102.62925720214844
2021-08-04,102.6031494140625
2021-08-05,102.22977447509766
2021-08-06,101.63054656982422
2021-08-09,101.41343688964844
2021-08-10,101.22241973876953
2021-08-11,101.33526611328125
2021-08-12,101.23107147216797
2021-08-13,101.81292724609375
2021-08-16,102.0387191772461
2021-08-17,101.98661041259766
2021-08-18,101.93450164794922
2021-08-19,102.1603012084961
2021-08-20,102.06475830078125
2021-08-23,102.0908203125
2021-08-24,101.81292724609375
2021-08-25,101.41343688964844
2021-08-26,101.41343688964844
2021-08-27,101.74343872070312
2021-08-30,101.94317626953125
2021-08-31,101.75212097167969
2021-09-01,101.79557800292969
2021-09-02,101.91725158691406
2021-09-03,101.67394256591797
2021-09-07,101.27418518066406
2021-09-08,101.55225372314453
2021-09-09,101.83902740478516
2021-09-10,101.51750946044922
2021-09-13,101.63912200927734
2021-09-14,102.02149963378906
2021-09-15,101.84774017333984
2021-09-16,101.52618408203125
2021-09-17,101.23072052001953
2021-09-20,101.74342346191406
2021-09-21,101.68257904052734
2021-09-22,101.77819061279297
2021-09-23,100.85704803466797
2021-09-24,100.55289459228516
2021-09-27,100.28350067138672
2021-09-28,99.90113830566406
2021-09-29,100.00543212890625
2021-09-30,100.12708282470703
2021-10-01,100.53578186035156
2021-10-04,100.41407012939453
2021-10-05,100.10099792480469
2021-10-06,100.12709045410156
2021-10-07,99.7270736694336
2021-10-08,99.50963592529297
2021-10-11,99.26618957519531
2021-10-12,99.71836853027344
2021-10-13,99.90966796875
2021-10-14,100.14448547363281
2021-10-15,99.64881896972656
2021-10-18,99.50963592529297
2021-10-19,99.15309143066406
2021-10-20,99.1096420288086
2021-10-21,98.84874725341797
2021-10-22,99.1009521484375
2021-10-25,99.2226791381836
2021-10-26,99.34442901611328
2021-10-27,99.90097045898438
2021-10-28,99.6401138305664
2021-10-29,99.68359375
2021-11-01,99.67577362060547
2021-11-02,99.91940307617188
2021-11-03,99.60611724853516
2021-11-04,100.14568328857422
2021-11-05,100.69390106201172
2021-11-08,100.25877380371094
2021-11-09,100.71997833251953
2021-11-10,99.85847473144531
2021-11-11,99.53650665283203
2021-11-12,99.74535369873047
2021-11-15,99.353759765625
2021-11-16,99.26673889160156
2021-11-17,99.62351989746094
2021-11-18,99.6844711303711
2021-11-19,99.9542007446289
2021-11-22,99.22320556640625
2021-11-23,98.81419372558594
2021-11-24,99.11880493164062
2021-11-26,100.39805603027344
2021-11-29,100.17176055908203
2021-11-30,100.772216796875
2021-12-01,100.96208953857422
2021-12-02,100.74435424804688
2021-12-03,101.33659362792969
2021-12-06,100.83143615722656
2021-12-07,100.44825744628906
2021-12-08,100.12602996826172
2021-12-09,100.37857055664062
2021-12-10,100.44825744628906
2021-12-13,100.92723846435547
2021-12-14,100.75308990478516
2021-12-15,100.60502624511719
2021-12-16,100.89791107177734
2021-12-17,101.12454986572266
2021-12-20,101.03739929199219
2021-12-21,100.63640594482422
2021-12-22,100.7322998046875
2021-12-23,100.52310180664062
2021-12-27,100.55794525146484
2021-12-28,100.54051208496094
2021-12-29,100.02619934082031
2021-12-30,100.3574447631836
2021-12-31,100.244140625
2022-01-03,99.31146240234375
2022-01-04,99.25914764404297
2022-01-05,98.84070587158203
2022-01-06,98.59666442871094
2022-01-07,98.27412414550781
2022-01-10,98.24797058105469
2022-01-11,98.48333740234375
2022-01-12,98.50078582763672
2022-01-13,98.81459045410156
2022-01-14,98.13467407226562
2022-01-18,97.39373016357422
2022-01-19,97.62908935546875
2022-01-20,97.83828735351562
2022-01-21,98.4048843383789
2022-01-24,98.3177261352539
2022-01-25,98.18694305419922
2022-01-26,97.48959350585938
2022-01-27,97.89929962158203
2022-01-28,98.12594604492188
2022-01-31,98.12594604492188
2022-02-01,97.99330139160156
2022-02-02,98.19400024414062
2022-02-03,97.77517700195312
2022-02-04,97.0248031616211
2022-02-07,97.05098724365234
2022-02-08,96.73687744140625
2022-02-09,96.86775207519531
2022-02-10,95.977783203125
2022-02-11,96.97246551513672
2022-02-14,96.30062103271484
2022-02-15,96.01268005371094
2022-02-16,96.21338653564453
2022-02-17,96.7281494140625
2022-02-18,97.04226684570312
2022-02-22,97.03353881835938
2022-02-23,96.52745056152344
2022-02-24,96.75436401367188
2022-02-25,96.7281494140625
2022-02-28,97.8275375366211
2022-03-01,98.78031921386719
2022-03-02,97.29566955566406
2022-03-03,97.71488952636719
2022-03-04,98.68425750732422
2022-03-07,98.26505279541016
2022-03-08,97.62753295898438
2022-03-09,97.02494812011719
2022-03-10,96.57958984375
2022-03-11,96.55335998535156
2022-03-14,95.33076477050781
2022-03-15,95.2870864868164
2022-03-16,95.15604400634766
2022-03-17,94.97266387939453
2022-03-18,95.25212860107422
2022-03-21,94.01204681396484
2022-03-22,93.49676513671875
2022-03-23,94.12556457519531
2022-03-24,93.6015853881836
2022-03-25,92.64093017578125
2022-03-28,92.85051727294922
2022-03-29,93.31336212158203
2022-03-30,93.6801528930664
2022-03-31,93.8548583984375
2022-04-01,93.24372863769531
2022-04-04,93.1825180053711
2022-04-05,92.0721664428711
2022-04-06,91.74864196777344
2022-04-07,91.52135467529297
2022-04-08,91.05795288085938
2022-04-11,90.62081146240234
2022-04-12,91.05795288085938
2022-04-13,91.2590560913086
2022-04-14,90.43721008300781
2022-04-18,90.1749267578125
2022-04-19,89.58039093017578
2022-04-20,90.27984619140625
2022-04-21,89.78150177001953
2022-04-22,89.8251953125
2022-04-25,90.40223693847656
2022-04-26,91.0054931640625
2022-04-27,90.49840545654297
2022-04-28,90.36726379394531
2022-04-29,89.88641357421875
2022-05-02,89.21674346923828
2022-05-03,89.3218002319336
2022-05-04,89.89950561523438
2022-05-05,88.99789428710938
2022-05-06,88.49016571044922
2022-05-09,89.1467056274414
2022-05-10,89.4443359375
2022-05-11,89.9958267211914
2022-05-12,90.2934341430664
2022-05-13,89.82074737548828
2022-05-16,90.1971664428711
2022-05-17,89.51437377929688
2022-05-18,90.15339660644531
2022-05-19,90.47726440429688
2022-05-20,90.89744567871094
2022-05-23,90.3459701538086
2022-05-24,91.12503051757812
2022-05-25,91.30888366699219
2022-05-26,91.26509094238281
2022-05-27,91.39637756347656
2022-05-31,90.4422607421875
2022-06-01,89.93305206298828
2022-06-02,90.06450653076172
2022-06-03,89.88923645019531
2022-06-06,89.21434783935547
2022-06-07,89.57369995117188
2022-06-08,89.24063110351562
2022-06-09,89.1617660522461
2022-06-10,88.28530883789062
2022-06-13,86.71646118164062
2022-06-14,86.02401733398438
2022-06-15,87.22480773925781
2022-06-16,87.79447937011719
2022-06-17,87.82076263427734
2022-06-21,87.36502075195312
2022-06-22,88.46937561035156
2022-06-23,88.96891784667969
2022-06-24,88.65338897705078
2022-06-27,88.15383911132812
2022-06-28,88.26776885986328
2022-06-29,88.97769165039062
2022-06-30,89.66132354736328
2022-07-01,90.62250518798828
2022-07-05,90.95604705810547
2022-07-06,90.18362426757812
2022-07-07,89.630615234375
2022-07-08,89.08637237548828
2022-07-11,89.7885971069336
2022-07-12,89.99929809570312
2022-07-13,90.38549041748047
2022-07-14,89.8851547241211
2022-07-15,90.19236755371094
2022-07-18,89.92902374267578
2022-07-19,89.51651000976562
2022-07-20,89.42872619628906
2022-07-21,90.44693756103516
2022-07-22,91.48271942138672
2022-07-25,91.157958984375
2022-07-26,91.19304656982422
2022-07-27,91.37739562988281
2022-07-28,92.28150177001953
2022-07-29,92.31663513183594
2022-08-01,92.85653686523438
2022-08-02,91.5727310180664
2022-08-03,91.95084381103516
2022-08-04,92.41688537597656
2022-08-05,91.08028411865234
2022-08-08,91.6166763305664
2022-08-09,91.34410095214844
2022-08-10,91.39686584472656
2022-08-11,90.79013061523438
2022-08-12,91.1506576538086
2022-08-15,91.44085693359375
2022-08-16,91.33531188964844
2022-08-17,90.71977996826172
2022-08-18,90.89563751220703
2022-08-19,90.11305236816406
2022-08-22,89.71736145019531
2022-08-23,89.49752807617188
2022-08-24,89.1985855102539
2022-08-25,89.77008056640625
2022-08-26,89.66459655761719
2022-08-29,89.15457153320312
2022-08-30,89.1281967163086
2022-08-31,88.75889587402344
2022-09-01,88.05331420898438
2022-09-02,88.54659271240234
2022-09-06,87.55999755859375
2022-09-07,88.13261413574219
2022-09-08,87.80667114257812
2022-09-09,87.81546783447266
2022-09-12,87.60405731201172
2022-09-13,87.11074829101562
2022-09-14,87.15482330322266
2022-09-15,86.85526275634766
2022-09-16,86.92574310302734
2022-09-19,86.67913818359375
2022-09-20,86.14176177978516
2022-09-21,86.4853286743164
2022-09-22,85.18162536621094
2022-09-23,85.2873306274414
2022-09-26,83.86907958984375
2022-09-27,83.2965087890625
2022-09-28,85.17281341552734
2022-09-29,84.77641296386719
2022-09-30,84.55620574951172
2022-10-03,85.5597152709961
2022-10-04,85.73625183105469
2022-10-05,84.9242172241211
2022-10-06,84.45645141601562
2022-10-07,84.0416030883789
2022-10-10,83.54739379882812
2022-10-11,83.75919342041016
2022-10-12,84.03279113769531
2022-10-13,83.67975616455078
2022-10-14,83.21199035644531
2022-10-17,83.30021667480469
2022-10-18,83.51209259033203
2022-10-19,82.63831329345703
2022-10-20,82.02046966552734
2022-10-21,82.20579528808594
2022-10-24,82.09989929199219
2022-10-25,83.12372589111328
2022-10-26,83.54739379882812
2022-10-27,84.13873291015625
2022-10-28,83.70624542236328
2022-10-31,83.32674407958984
2022-11-01,83.31169128417969
2022-11-02,83.17015838623047
2022-11-03,82.80754089355469
2022-11-04,82.63063049316406
2022-11-07,82.33873748779297
2022-11-08,82.8871078491211
2022-11-09,83.17015838623047
2022-11-10,85.03646850585938
2022-11-11,84.85958099365234
2022-11-14,84.6561508178711
2022-11-15,85.28414154052734
2022-11-16,85.91214752197266
2022-11-17,85.32835388183594
2022-11-18,85.02764129638672
2022-11-21,84.97454071044922
2022-11-22,85.46102905273438
2022-11-23,85.92098236083984
2022-11-25,85.89445495605469
2022-11-28,85.92984008789062
2022-11-29,85.56718444824219
2022-11-30,86.3366928100586
2022-12-01,87.27970886230469
2022-12-02,87.45694732666016
2022-12-05,86.5707015991211
2022-12-06,87.1024169921875
2022-12-07,87.8646469116211
2022-12-08,87.3683090209961
2022-12-09,86.72135162353516
2022-12-12,86.59725189208984
2022-12-13,87.37715148925781
2022-12-14,87.61646270751953
2022-12-15,87.78694152832031
2022-12-16,87.5649642944336
2022-12-19,86.85458374023438
2022-12-20,86.22410583496094
2022-12-21,86.33064270019531
2022-12-22,86.30401611328125
2022-12-23,85.91331481933594
2022-12-27,85.19401550292969
2022-12-28,84.98979187011719
2022-12-29,85.40714263916016
2022-12-30,85.05196380615234
2023-01-03,85.71794891357422
2023-01-04,86.37506103515625
2023-01-05,86.2507553100586
2023-01-06,87.36071014404297
2023-01-09,87.58272552490234
2023-01-10,87.03217315673828
2023-01-11,87.59160614013672
2023-01-12,88.37303924560547
2023-01-13,87.90242004394531
2023-01-17,87.62712860107422
2023-01-18,88.81703186035156
2023-01-19,88.64832305908203
2023-01-20,88.06226348876953
2023-01-23,87.77808380126953
2023-01-24,88.28425598144531
2023-01-25,88.38191223144531
2023-01-26,88.06226348876953
2023-01-27,87.92903900146484
2023-01-30,87.65377044677734
2023-01-31,88.09777069091797
2023-02-01,88.73137664794922
2023-02-02,88.69579315185547
2023-02-03,87.74354553222656
2023-02-06,86.98717498779297
2023-02-07,86.77357482910156
2023-02-08,87.0939712524414
2023-02-09,86.70240783691406
2023-02-10,86.28416442871094
2023-02-13,86.48884582519531
2023-02-14,86.09728240966797
2023-02-15,85.83922576904297
2023-02-16,85.554443359375
2023-02-17,85.79472351074219
2023-02-21,84.8603286743164
2023-02-22,85.0116195678711
2023-02-23,85.34090423583984
2023-02-24,84.82474517822266
2023-02-27,85.08280181884766
2023-02-28,85.21627807617188
2023-03-01,84.53500366210938
2023-03-02,84.18724060058594
2023-03-03,84.86493682861328
2023-03-06,84.7133560180664
2023-03-07,84.72224426269531
2023-03-08,84.69552612304688
2023-03-09,85.22163391113281
2023-03-10,86.79108428955078
2023-03-13,87.84329223632812
2023-03-14,87.01399230957031
2023-03-15,88.27134704589844
2023-03-16,87.47769927978516
2023-03-17,88.51210021972656
2023-03-20,88.15538787841797
2023-03-21,87.38850402832031
2023-03-22,88.53883361816406
2023-03-23,89.04714965820312
2023-03-24,89.07386779785156
2023-03-27,87.97708129882812
2023-03-28,87.92350769042969
2023-03-29,87.77197265625
2023-03-30,87.90571594238281
2023-03-31,88.38721466064453
2023-04-03,88.80359649658203
2023-04-04,89.37543487548828
2023-04-05,89.75070190429688
2023-04-06,89.77751922607422
2023-04-10,88.8929672241211
2023-04-11,88.85720825195312
2023-04-12,89.11632537841797
2023-04-13,88.82144927978516
2023-04-14,88.38367462158203
2023-04-17,87.82076263427734
2023-04-18,87.96371459960938
2023-04-19,87.77609252929688
2023-04-20,88.2853775024414
2023-04-21,88.0709457397461
2023-04-24,88.49982452392578
2023-04-25,89.37543487548828
2023-04-26,89.02696990966797
2023-04-27,88.44622802734375
2023-04-28,89.10736846923828
2023-05-01,88.05859375
2023-05-02,89.20499420166016
2023-05-03,89.78717041015625
2023-05-04,89.76924133300781
2023-05-05,89.28560638427734
2023-05-08,88.73928833007812
2023-05-09,88.6318359375
2023-05-10,89.29456329345703
2023-05-11,89.6259536743164
2023-05-12,89.08857727050781
2023-05-15,88.89155578613281
2023-05-16,88.60493469238281
2023-05-17,88.31832122802734
2023-05-18,87.77201080322266
2023-05-19,87.44063568115234
2023-05-22,87.2793960571289
2023-05-23,87.42269897460938
2023-05-24,87.19879913330078
2023-05-25,86.65245819091797
2023-05-26,86.81367492675781
2023-05-30,87.49434661865234
2023-05-31,87.82574462890625
2023-06-01,88.06993103027344
2023-06-02,87.36968231201172
2023-06-05,87.34276580810547
2023-06-06,87.39662170410156
2023-06-07,86.75920867919922
2023-06-08,87.34276580810547
2023-06-09,87.0285415649414
2023-06-12,87.17217254638672
2023-06-13,86.55270385742188
2023-06-14,86.66942596435547
2023-06-15,87.34276580810547
2023-06-16,86.96571350097656
2023-06-20,87.22603607177734
2023-06-21,87.30683898925781
2023-06-22,86.81304168701172
2023-06-23,87.17217254638672
2023-06-26,87.38764190673828
2023-06-27,87.08238220214844
2023-06-28,87.4325180053711
2023-06-29,86.53478240966797
2023-06-30,86.72329711914062
2023-07-03,86.34711456298828
2023-07-05,85.93315887451172
2023-07-06,85.23120880126953
2023-07-07,85.12323760986328
2023-07-10,85.56420135498047
2023-07-11,85.74419403076172
2023-07-12,86.58110809326172
2023-07-13,87.30105590820312
2023-07-14,86.86908721923828
2023-07-17,87.0130615234375
2023-07-18,87.11206817626953
2023-07-19,87.4090347290039
2023-07-20,86.71609497070312
2023-07-21,86.78807067871094
2023-07-24,86.58110809326172
2023-07-25,86.41910552978516
2023-07-26,86.71609497070312
2023-07-27,85.77117919921875
2023-07-28,86.05016326904297
2023-07-31,86.15811920166016
2023-08-01,85.6546859741211
2023-08-02,85.4832992553711
2023-08-03,84.85174560546875
2023-08-04,85.75395202636719
2023-08-07,85.54646301269531
2023-08-08,85.97952270507812
2023-08-09,86.03364562988281
2023-08-10,85.37503814697266
2023-08-11,84.92393493652344
2023-08-14,84.7885971069336
2023-08-15,84.62621307373047
2023-08-16,84.30142211914062
2023-08-17,84.1931381225586
2023-08-18,84.44576263427734
2023-08-21,83.92249298095703
2023-08-22,83.95856475830078
2023-08-23,84.86978912353516
2023-08-24,84.55401611328125
2023-08-25,84.5269775390625
2023-08-28,84.76155853271484
2023-08-29,85.36602020263672
2023-08-30,85.35700225830078
2023-08-31,85.52840423583984
2023-09-01,85.00560760498047
2023-09-05,84.49002075195312
2023-09-06,84.27294158935547
2023-09-07,84.56239318847656
2023-09-08,84.58048248291016
2023-09-11,84.43575286865234
2023-09-12,84.5533676147461
2023-09-13,84.65281677246094
2023-09-14,84.46289825439453
2023-09-15,84.20057678222656
2023-09-18,84.28199005126953
2023-09-19,83.97445678710938
2023-09-20,83.91114044189453
2023-09-21,83.28702545166016
2023-09-22,83.6126708984375
2023-09-25,82.99761962890625
2023-09-26,82.97047424316406
2023-09-27,82.59959411621094
2023-09-28,82.8257064819336
2023-09-29,82.84381866455078
2023-10-02,82.17183685302734
2023-10-03,81.4916763305664
2023-10-04,82.00857543945312
2023-10-05,82.16279602050781
2023-10-06,81.68212127685547
2023-10-09,82.72503662109375
2023-10-10,82.56177520751953
2023-10-11,83.01522064208984
2023-10-12,82.21719360351562
2023-10-13,82.7431640625
2023-10-16,82.2534408569336
2023-10-17,81.44633483886719
2023-10-18,81.06546020507812
2023-10-19,80.6664047241211
2023-10-20,81.13800048828125
2023-10-23,81.51888275146484
2023-10-24,81.66400146484375
2023-10-25,80.94756317138672
2023-10-26,81.56422424316406
2023-10-27,81.6911849975586
2023-10-30,81.41913604736328
2023-10-31,81.2468032836914
2023-11-01,82.18257141113281
2023-11-02,82.69184112548828
2023-11-03,83.32840728759766
2023-11-06,82.84645080566406
2023-11-07,83.31934356689453
2023-11-08,83.65583038330078
2023-11-09,82.82823944091797
2023-11-10,82.91919708251953
2023-11-13,82.87373352050781
2023-11-14,84.11962890625
2023-11-15,83.46485137939453
2023-11-16,84.09233856201172
2023-11-17,84.14690399169922
2023-11-20,84.26513671875
2023-11-21,84.37425231933594
2023-11-22,84.34696960449219
2023-11-24,83.91046142578125
2023-11-27,84.54702758789062
2023-11-28,84.91989135742188
2023-11-29,85.36549377441406
2023-11-30,84.9471664428711
2023-12-01,85.7486801147461
2023-12-04,85.39305114746094
2023-12-05,85.99485778808594
2023-12-06,86.3504867553711
2023-12-07,86.22283935546875
2023-12-08,85.6666030883789
2023-12-11,85.67572784423828
2023-12-12,85.85807800292969
2023-12-13,87.13465881347656
2023-12-14,87.85897827148438
2023-12-15,87.78580474853516
2023-12-18,87.59375
2023-12-19,87.75836181640625
2023-12-20,88.18819427490234
2023-12-21,88.05101776123047
2023-12-22,87.96873474121094
2023-12-26,88.02357482910156
2023-12-27,88.70948028564453
2023-12-28,88.37109375
2023-12-29,88.15161895751953
2024-01-02,87.82239532470703
2024-01-03,88.03273010253906
2024-01-04,87.50228118896484
2024-01-05,87.18222045898438
2024-01-08,87.47486114501953
2024-01-09,87.43827056884766
2024-01-10,87.30110168457031
2024-01-11,87.76752471923828
2024-01-12,88.00528717041016
2024-01-16,87.29193878173828
2024-01-17,87.00845336914062
2024-01-18,86.81642150878906
2024-01-19,86.82552337646484
2024-01-22,87.09075927734375
2024-01-23,86.87125396728516
2024-01-24,86.62435150146484
2024-01-25,86.99929809570312
2024-01-26,86.84384155273438
2024-01-29,87.3651123046875
2024-01-30,87.4840087890625
2024-01-31,88.21563720703125
2024-02-01,88.76202392578125
2024-02-02,87.60689544677734
2024-02-05,86.7542953491211
2024-02-06,87.22183990478516
2024-02-07,87.06599426269531
2024-02-08,86.78179931640625
2024-02-09,86.62594604492188
2024-02-12,86.70843505859375
2024-02-13,85.75501251220703
2024-02-14,86.07586669921875
2024-02-15,86.31423950195312
2024-02-16,85.93836212158203
2024-02-20,86.08504486083984
2024-02-21,85.81002807617188
2024-02-22,85.8191909790039
2024-02-23,86.21340942382812
2024-02-26,86.08504486083984
2024-02-27,85.89253234863281
2024-02-28,86.2042236328125
2024-02-29,86.37842559814453
2024-03-01,86.77277374267578
2024-03-04,86.57971954345703
2024-03-05,87.11285400390625
2024-03-06,87.32427978515625
2024-03-07,87.47135162353516
2024-03-08,87.53569030761719
2024-03-11,87.42539978027344
2024-03-12,87.0669174194336
2024-03-13,86.87385559082031
2024-03-14,86.23039245605469
2024-03-15,86.08333587646484
2024-03-18,85.98223876953125
2024-03-19,86.23039245605469
2024-03-20,86.4326400756836
2024-03-21,86.44184875488281
2024-03-22,86.86469268798828
2024-03-25,86.6348648071289
2024-03-26,86.76356506347656
2024-03-27,87.09449005126953
2024-03-28,87.0117416381836
2024-04-01,86.22445678710938
2024-04-02,86.04006958007812
2024-04-03,86.1414794921875
2024-04-04,86.43648529052734
2024-04-05,85.86492919921875
2024-04-08,85.6712875366211
2024-04-09,86.01241302490234
2024-04-10,84.86925506591797
2024-04-11,84.74940490722656
2024-04-12,85.09973907470703
2024-04-15,84.55583953857422
2024-04-16,84.22393035888672
2024-04-17,84.7586441040039
2024-04-18,84.46363830566406
2024-04-19,84.57426452636719
2024-04-22,84.58349609375
2024-04-23,84.69410705566406
2024-04-24,84.43598175048828
2024-04-25,84.1133041381836
2024-04-26,84.34379577636719
2024-04-29,84.68486785888672
2024-04-30,84.28849029541016
2024-05-01,84.62225341796875
2024-05-02,85.0198745727539
2024-05-03,85.4914321899414
2024-05-06,85.5654067993164
2024-05-07,85.78730773925781
2024-05-08,85.5468978881836
2024-05-09,85.80580139160156
2024-05-10,85.5284194946289
2024-05-13,85.630126953125
2024-05-14,85.8797607421875
2024-05-15,86.52700805664062
2024-05-16,86.360595703125
2024-05-17,86.09242248535156
2024-05-20,85.9629898071289
2024-05-21,86.18489074707031
2024-05-22,86.07392883300781
2024-05-23,85.768798828125
2024-05-24,85.8797607421875
2024-05-28,85.39897155761719
2024-05-29,84.98287963867188
2024-05-30,85.408203125
2024-05-31,85.80580139160156
2024-06-03,86.36781311035156
2024-06-04,86.84076690673828
2024-06-05,87.15608215332031
2024-06-06,87.11898803710938
2024-06-07,86.20085906982422
2024-06-10,86.0154037475586
2024-06-11,86.46980285644531
2024-06-12,86.95204162597656
2024-06-13,87.52703857421875
2024-06-14,87.73107147216797
2024-06-17,87.32299041748047
2024-06-18,87.7032470703125
2024-06-20,87.48065948486328
2024-06-21,87.49919891357422
2024-06-24,87.57340240478516
2024-06-25,87.64759826660156
2024-06-26,87.11898803710938
2024-06-27,87.31375122070312
2024-06-28,86.85004425048828
2024-07-01,86.20354461669922
2024-07-02,86.52912139892578
2024-07-03,87.10584259033203
2024-07-05,87.58956909179688
2024-07-08,87.61748504638672
2024-07-09,87.49653625488281
2024-07-10,87.58026123046875
2024-07-11,88.13839721679688
2024-07-12,88.3244400024414
2024-07-15,88.04537963867188
2024-07-16,88.43608093261719
2024-07-17,88.51048278808594
2024-07-18,88.25931549072266
2024-07-19,87.98027038574219
2024-07-22,87.89653778076172
2024-07-23,87.9616470336914
2024-07-24,87.76631927490234
2024-07-25,87.9616470336914
2024-07-26,88.3802490234375
2024-07-29,88.5290756225586
2024-07-30,88.71515655517578
2024-07-31,89.36629486083984
2024-08-01,89.7479019165039
2024-08-02,91.13812255859375
2024-08-05,91.23141479492188
2024-08-06,90.41967010498047
2024-08-07,90.09313201904297
2024-08-08,89.8225326538086
2024-08-09,90.18641662597656
2024-08-12,90.4383316040039
2024-08-13,90.83953857421875
2024-08-14,90.96083068847656
2024-08-15,90.39167785644531
2024-08-16,90.56897735595703
2024-08-19,90.69024658203125
2024-08-20,91.05415344238281
2024-08-21,91.24075317382812
2024-08-22,90.82086944580078
2024-08-23,91.24075317382812
2024-08-26,91.1287841796875
2024-08-27,91.09143829345703
2024-08-28,91.04481506347656
2024-08-29,90.88618469238281
2024-08-30,90.56897735595703
2024-09-03,91.166015625
2024-09-04,91.69940948486328
2024-09-05,91.91465759277344
2024-09-06,92.04566192626953
2024-09-09,92.17667388916016
2024-09-10,92.56969451904297
2024-09-11,92.50420379638672
2024-09-12,92.35447692871094
2024-09-13,92.5322494506836
2024-09-16,92.77558135986328
2024-09-17,92.60714721679688
2024-09-18,92.20472717285156
2024-09-19,92.1298828125
2024-09-20,92.101806640625
2024-09-23,92.04566192626953
2024-09-24,92.14860534667969
2024-09-25,91.77426147460938
2024-09-26,91.70875549316406
2024-09-27,92.07374572753906
2024-09-30,91.82107543945312
2024-10-01,92.15518188476562
2024-10-02,91.89238739013672
2024-10-03,91.42312622070312
2024-10-04,90.54090118408203
2024-10-07,90.2124252319336
2024-10-08,90.28749084472656
2024-10-09,89.94961547851562
2024-10-10,89.94023895263672
2024-10-11,89.96839904785156
2024-10-14,89.808837890625
2024-10-15,90.26872253417969
2024-10-16,90.40951538085938
2024-10-17,89.94023895263672
2024-10-18,90.04346466064453
2024-10-21,89.34896850585938
2024-10-22,89.26449584960938
2024-10-23,89.0580062866211
2024-10-24,89.25511169433594
2024-10-25,89.0580062866211
2024-10-28,88.85151672363281
2024-10-29,88.8890609741211
2024-10-30,88.7576675415039
2024-10-31,88.71075439453125
2024-11-01,88.1854248046875
2024-11-04,88.65613555908203
2024-11-05,88.70320892333984
2024-11-06,87.79000091552734
2024-11-07,88.49609375
2024-11-08,88.68438720703125
2024-11-11,88.43961334228516
2024-11-12,87.88416290283203
2024-11-13,87.82767486572266
2024-11-14,87.8182601928711
2024-11-15,87.85591888427734
2024-11-18,88.05361938476562
2024-11-19,88.24189758300781
2024-11-20,88.11009216308594
2024-11-21,88.06303405761719
2024-11-22,88.11952209472656
2024-11-25,89.07038879394531
2024-11-26,88.88207244873047
2024-11-27,89.23982238769531
2024-11-29,89.61642456054688
2024-12-02,89.60887145996094
2024-12-03,89.3538818359375
2024-12-04,89.69386291503906
2024-12-05,89.68441772460938
2024-12-06,89.96772003173828
2024-12-09,89.65607452392578
2024-12-10,89.49553680419922
2024-12-11,89.23110961914062
2024-12-12,88.89115905761719
2024-12-13,88.47566223144531
2024-12-16,88.50399780273438
2024-12-17,88.50399780273438
2024-12-18,87.8199234008789
2024-12-19,87.42198181152344
2024-12-20,87.74412536621094
2024-12-23,87.35566711425781
2024-12-24,87.40303039550781
2024-12-26,87.46936798095703
2024-12-27,87.2419662475586
2024-12-30,87.75359344482422
2024-12-31,87.592529296875
2025-01-02,87.63990783691406
2025-01-03,87.4977798461914
2025-01-06,87.4124984741211
2025-01-07,87.0145492553711
2025-01-08,87.1661605834961
2025-01-10,86.5313720703125
2025-01-13,86.37977600097656
2025-01-14,86.408203125
2025-01-15,87.3177490234375
2025-01-16,87.52620697021484
2025-01-17,87.592529296875
2025-01-21,87.88623046875
2025-01-22,87.65885162353516
2025-01-23,87.43145751953125
2025-01-24,87.61148071289062
2025-01-27,88.17996215820312
2025-01-28,88.18943786621094
2025-01-29,88.085205078125
2025-01-30,88.27469635009766
2025-01-31,88.13257598876953
2025-02-03,88.19532012939453
2025-02-04,88.4139175415039
2025-02-05,88.92716979980469
2025-02-06,88.8226318359375
2025-02-07,88.52798461914062
2025-02-10,88.50896453857422
2025-02-11,88.2808609008789
2025-02-12,87.67255401611328
2025-02-13,88.32837677001953
2025-02-14,88.69906616210938
2025-02-18,88.22382354736328
2025-02-19,88.36639404296875
2025-02-20,88.54698944091797
2025-02-21,89.06974029541016
2025-02-24,89.2598648071289
2025-02-25,89.96321105957031
2025-02-26,90.21034240722656
2025-02-27,90.10578155517578
2025-02-28,90.60003662109375
2025-03-03,90.92888641357422
2025-03-04,90.64293670654297
2025-03-05,90.13770294189453
2025-03-06,90.09004211425781
2025-03-07,89.97566223144531
2025-03-10,90.60481262207031
2025-03-11,90.28070068359375
2025-03-12,90.01378631591797
2025-03-13,90.37603759765625
2025-03-14,90.06147003173828
2025-03-17,90.13770294189453
2025-03-18,90.2425765991211
2025-03-19,90.51898956298828
2025-03-20,90.6524658203125
2025-03-21,90.5761947631836
2025-03-24,90.05192565917969
2025-03-25,90.2044448852539
2025-03-26,89.99473571777344
2025-03-27,89.91846466064453
2025-03-28,90.64293670654297
2025-03-31,90.90984344482422
2025-04-01,91.22924041748047
2025-04-02,91.1431655883789
2025-04-03,92.08031463623047
2025-04-04,92.3385238647461
2025-04-07,91.23880004882812
2025-04-08,90.77978515625
2025-04-09,90.49290466308594
2025-04-10,89.92869567871094
2025-04-11,89.42185974121094
2025-04-14,90.13907623291016
2025-04-15,90.40681457519531
2025-04-16,90.79890441894531
2025-04-17,90.54071044921875
2025-04-21,90.05300903320312
2025-04-22,90.11992645263672
2025-04-23,90.215576171875
2025-04-24,90.7032699584961
2025-04-25,91.04753875732422
2025-04-28,91.41091918945312
2025-04-29,91.72649383544922
2025-04-30,91.86994934082031
2025-05-01,91.4698715209961
2025-05-02,90.85584259033203
2025-05-05,90.69275665283203
2025-05-06,90.92301177978516
2025-05-07,91.16284942626953
2025-05-08,90.45289611816406
2025-05-09,90.52006530761719
2025-05-12,89.94441223144531
2025-05-13,89.87726593017578
2025-05-14,89.54145812988281
2025-05-15,90.12669372558594
2025-05-16,90.15547943115234
2025-05-19,90.10750579833984
2025-05-20,89.99238586425781
2025-05-21,89.3687744140625
2025-05-22,89.7045669555664
2025-05-23,89.96358489990234
2025-05-27,90.33778381347656
2025-05-28,90.08832550048828
2025-05-29,90.46249389648438
2025-05-30,90.73112487792969
2025-06-02,90.42310333251953
2025-06-03,90.33646392822266
2025-06-04,91.00064086914062
2025-06-05,90.73113250732422
2025-06-06,90.00920104980469
2025-06-09,90.1728286743164
2025-06-10,90.32684326171875
2025-06-11,90.70225524902344
2025-06-12,91.0969009399414
2025-06-13,90.760009765625
2025-06-16,90.50010681152344
2025-06-17,90.9428939819336
2025-06-18,91.00064086914062
2025-06-20,91.05839538574219
2025-06-23,91.37605285644531
2025-06-24,91.69367980957031
2025-06-25,91.73219299316406
2025-06-26,92.05945587158203
2025-06-27,91.81881713867188
2025-06-30,92.18458557128906
2025-07-01,92.013671875
2025-07-02,91.820556640625
2025-07-03,91.50190734863281
2025-07-07,91.21221160888672
2025-07-08,91.07703399658203
2025-07-09,91.55018615722656
2025-07-10,91.50190734863281
2025-07-11,91.07703399658203
2025-07-14,91.03840637207031
2025-07-15,90.68112182617188
2025-07-16,90.93218994140625
2025-07-17,90.9032211303711
2025-07-18,91.15428924560547
2025-07-21,91.47293853759766
2025-07-22,91.73365783691406
2025-07-23,91.40534210205078
2025-07-24,91.2701416015625
2025-07-25,91.48258209228516
2025-07-28,91.27981567382812
2025-07-29,91.87849426269531
2025-07-30,91.5598373413086
2025-07-31,91.6370849609375
2025-08-01,92.69208526611328
2025-08-04,92.81802368164062
2025-08-05,92.75021362304688
2025-08-06,92.6823959350586
2025-08-07,92.61457824707031
2025-08-08,92.40144348144531
2025-08-11,92.4305191040039
2025-08-12,92.4111328125
2025-08-13,92.74053192138672
2025-08-14,92.44020080566406
2025-08-15,92.25615692138672
2025-08-18,92.1689453125
2025-08-19,92.40144348144531
2025-08-20,92.53707122802734
2025-08-21,92.26583862304688
2025-08-22,92.77926635742188
2025-08-25,92.59520721435547
2025-08-26,92.83740234375
2025-08-27,93.01177978515625
2025-08-28,93.22490692138672
2025-08-29,93.14739990234375
2025-09-02,92.86943054199219
2025-09-03,93.19017791748047
2025-09-04,93.60810089111328
2025-09-05,94.0649185180664
2025-09-08,94.35651397705078
2025-09-09,94.1329574584961
2025-09-10,94.38567352294922
2025-09-11,94.53146362304688
2025-09-12,94.25931549072266
2025-09-15,94.41482543945312
2025-09-16,94.47313690185547
2025-09-17,94.26902770996094
2025-09-18,93.95801544189453
2025-09-19,93.91912841796875
2025-09-22,93.76361846923828
2025-09-23,94.02604675292969
2025-09-24,93.77334594726562
2025-09-25,93.56922149658203
2025-09-26,93.52064514160156
2025-09-29,93.79277038574219
2025-09-30,93.75389862060547
2025-10-01,94.06977081298828
2025-10-02,94.16726684570312
2025-10-03,93.9820327758789
2025-10-06,93.70905303955078
2025-10-07,93.94303894042969
2025-10-08,93.96253204345703
2025-10-09,93.894287109375
2025-10-10,94.479248046875
2025-10-13,94.52798461914062
2025-10-14,94.77171325683594
2025-10-15,94.66447448730469
2025-10-16,95.10318756103516
2025-10-17,94.94720458984375
2025-10-20,95.07394409179688
2025-10-21,95.2494125366211
2025-10-22,95.26892852783203
2025-10-23,94.95695495605469
2025-10-24,95.04468536376953
2025-10-27,95.04468536376953
2025-10-28,95.13243865966797
2025-10-29,94.51824188232422
2025-10-30,94.38175964355469
2025-10-31,94.42073059082031
2025-11-03,94.37576293945312
2025-11-04,94.49313354492188
2025-11-05,94.04325103759766
2025-11-06,94.5224609375
2025-11-07,94.56158447265625
2025-11-10,94.43443298339844
2025-11-11,94.72784423828125
2025-11-12,94.74739837646484
2025-11-13,94.47355651855469
2025-11-14,94.31709289550781
2025-11-17,94.42466735839844
2025-11-18,94.58113098144531
2025-11-19,94.51268005371094
2025-11-20,94.73761749267578
2025-11-21,95.05058288574219
2025-11-24,95.197265625
2025-11-25,95.44175720214844
2025-11-26,95.52001190185547
2025-11-28,95.35374450683594
2025-12-01,94.84172821044922
2025-12-02,94.9201889038086
2025-12-03,95.11637115478516
2025-12-04,94.82210540771484
2025-12-05,94.62593078613281
2025-12-08,94.42974853515625
2025-12-09,94.29242706298828
2025-12-10,94.59651184082031
2025-12-11,94.6063003540039
2025-12-12,94.35128784179688
2025-12-15,94.42974853515625
2025-12-16,94.69459533691406
2025-12-17,94.67496490478516
2025-12-18,94.9201889038086
2025-12-19,94.70664978027344
2025-12-22,94.60824584960938
2025-12-23,94.56887817382812
2025-12-24,94.81489562988281
2025-12-26,94.90347290039062
2025-12-29,95.0412368774414
2025-12-30,94.94283294677734
2025-12-31,94.62792205810547
2026-01-02,94.54920196533203
2026-01-05,94.83458709716797
2026-01-06,94.76570129394531
2026-01-07,94.94283294677734
2026-01-08,94.65745544433594
2026-01-09,94.76570129394531
2026-01-12,94.6476058959961
2026-01-13,94.76570129394531
2026-01-14,94.96250915527344
2026-01-15,94.76570129394531
2026-01-16,94.40159606933594
2026-01-20,94.02764129638672
2026-01-21,94.27366638183594
2026-01-22,94.26382446289062
2026-01-23,94.4212646484375
2026-01-26,94.55903625488281
2026-01-27,94.45079040527344
2026-01-28,94.37207794189453
2026-01-29,94.47047424316406
2026-01-30,94.41143798828125
2026-02-02,94.22582244873047
2026-02-03,94.3146743774414
2026-02-04,94.29493713378906
2026-02-05,94.84780883789062
2026-02-06,94.84780883789062
2026-02-09,94.86754608154297
2026-02-10,95.28221893310547
2026-02-11,95.01564025878906
2026-02-12,95.59814453125
2026-02-13,95.97330474853516
2026-02-17,95.96342468261719
2026-02-18,95.76597595214844
2026-02-19,95.85482025146484
2026-02-20,95.85482025146484
2026-02-23,96.20037841796875
2026-02-24,96.18062591552734
2026-02-25,96.10165405273438
2026-02-26,96.35833740234375
2026-02-27,96.74337005615234
2026-03-02,96.16216278076172
2026-03-03,96.05325317382812
2026-03-04,95.85521697998047
2026-03-05,95.55818176269531
2026-03-06,95.49877166748047
2026-03-09,95.79581451416016
2026-03-10,95.48887634277344
2026-03-11,95.05321502685547
2026-03-12,94.74627685546875
2026-03-13,94.64725494384766
2026-03-16,95.07301330566406
2026-03-17,95.2413330078125
2026-03-18,94.80567932128906
2026-03-19,94.7957763671875
2026-03-20,93.94425964355469
2026-03-23,94.24130249023438
2026-03-24,93.9244613647461
2026-03-25,94.41952514648438
2026-03-26,93.65711212158203
2026-03-27,93.66702270507812
2026-03-30,94.33040618896484
2026-03-31,94.49874114990234
2026-04-01,94.4162826538086
2026-04-02,94.63483428955078
2026-04-06,94.38648223876953
2026-04-07,94.62490844726562
2026-04-08,94.83352661132812
2026-04-09,94.80372619628906
2026-04-10,94.64476776123047
2026-04-13,94.8533935546875
2026-04-14,95.16136169433594
2026-04-15,94.9527359008789
2026-04-16,94.78385925292969
2026-04-17,95.3004379272461
2026-04-20,95.21102905273438
2026-04-21,94.79378509521484
2026-04-22,94.89312744140625
2026-04-23,94.7441177368164
2026-04-24,94.93286895751953
2026-04-27,94.71430969238281
2026-04-28,94.62490844726562
2026-04-29,94.1778564453125
2026-04-30,94.35668182373047
2026-05-01,94.42843627929688
2026-05-04,94.07958984375
2026-05-05,94.21913146972656
2026-05-06,94.68758392333984
2026-05-07,94.3985366821289
2026-05-08,94.64772033691406
2026-05-11,94.32876586914062
2026-05-12,94.00981903076172
2026-05-13,94.00981903076172
2026-05-14,93.95001983642578
2026-05-15,93.2024917602539
2026-05-18,93.1626205444336
2026-05-19,92.80380249023438
2026-05-20,93.43172454833984
2026-05-21,93.49153900146484
2026-05-22,93.5712661743164
2026-05-26,93.96995544433594
2026-05-27,94.00981903076172
2026-05-28,94.2291030883789
2026-05-29,94.33873748779297
2026-06-01,93.86031341552734
2026-06-02,93.93008422851562
2026-06-03,93.69087219238281
2026-06-04,93.81048583984375
2026-06-05,93.31212615966797
2026-06-08,93.21244812011719
2026-06-09,93.47159576416016
2026-06-10,93.38189697265625
2026-06-11,94.02975463867188
2026-06-12,93.87028503417969
2026-06-15,93.96995544433594
2026-06-16,94.20915985107422
2026-06-17,93.71080780029297
2026-06-18,94.04969024658203
2026-06-22,93.69087219238281
2026-06-23,93.81048583984375
2026-06-24,94.4184799194336
2026-06-25,94.47827911376953
2026-06-26,94.71748352050781
2026-06-29,94.74738311767578
2026-06-30,94.25900268554688
2026-07-01,94.02999877929688
2026-07-02,94.12000274658203
2026-07-06,94.18000030517578
2026-07-07,93.69999694824219
2026-07-08,93.51000213623047
